voice	book	chapter	decoded_seconds	verse_count	verse_seconds	paragraph_count	paragraph_seconds	section_count	section_seconds	chapter_count	chapter_seconds
bondarenko	1	1	482.795102	31	354.95	8	378.5	2	425.74	1	439.38
bondarenko	1	2	319.89551	25	256.04	2	292.25	4	279.75	1	293.04
bondarenko	1	3	332.982857	24	300.73	6	311.84	4	312.99	1	314.99
bondarenko	1	4	316.05551	26	281.46	4	294.53	3	295.07	1	297.92
bondarenko	1	5	249.965714	32	222.76	10	233.83	2	238.09	1	238.51
bondarenko	1	6	293.041633	22	248.91	4	261.63	2	263.53	1	264.36
bondarenko	1	7	303.36	24	252.04	3	265.67	2	266.39	1	266.86
bondarenko	1	8	288.078367	22	245.01	5	257.8	2	259.37	1	269.16
bondarenko	1	9	366.785306	29	314.11	5	335.56	2	343.24	1	349.62
bondarenko	1	10	285.910204	32	238.19	4	262.18	1	265.67	1	265.67
bondarenko	1	11	313.80898	32	257.32	3	288.6	2	289.34	1	295.56
bondarenko	1	12	264.071837	20	222.36	3	237.56	2	238.05	1	248.95
bondarenko	1	13	220.081633	18	187.36	3	203.48	2	204.06	1	204.86
bondarenko	1	14	295.68	24	269.76	3	281.94	3	281.94	1	283.08
bondarenko	1	15	285.126531	21	215.2	3	243.39	2	263.83	1	265.91
bondarenko	1	16	230.4	16	204.18	2	216.69	2	216.69	1	220.83
bondarenko	1	17	359.88898	27	317.87	2	340.7	3	340.13	1	345.14
bondarenko	1	18	400.352653	33	373.59	2	385.96	2	385.83	1	386.52
bondarenko	1	19	482.168163	38	440.44	5	464.81	4	464.16	1	466.06
bondarenko	1	20	234.710204	18	205.07	1	221.7	1	221.7	1	221.7
bondarenko	1	21	368.404898	34	317.62	3	342.46	3	342.46	1	358.1
bondarenko	1	22	336.457143	24	301.43	3	317.68	3	311.83	1	325.4
bondarenko	1	23	239.960816	20	211.79	2	222.92	2	227.05	1	227.31
bondarenko	1	24	757.76	67	715.97	1	741.02	1	741.02	1	741.02
bondarenko	1	25	362.004898	34	336.09	3	353.52	5	352.15	1	354.82
bondarenko	1	26	423.627755	35	391.84	2	416.9	4	410.48	1	417.37
bondarenko	1	27	613.773061	46	558.24	2	590.18	4	589.38	1	595.76
bondarenko	1	28	306.155102	22	272.54	3	290.59	4	284.75	1	292.08
bondarenko	1	29	391.57551	35	353.76	3	369.2	3	369.2	1	379.87
bondarenko	1	30	477.387755	43	444.82	2	466.67	4	465.09	1	467.38
bondarenko	1	31	662.595918	55	615.93	3	647.89	4	646.9	1	648.57
bondarenko	1	32	404.558367	32	384.28	2	399.28	2	399.12	1	399.61
bondarenko	1	33	242.782041	20	225.32	1	234.14	2	233.45	1	234.14
bondarenko	1	34	387.056327	31	337.86	1	372.93	1	372.93	1	372.93
bondarenko	1	35	344.555102	29	316.86	5	333.72	3	334.88	1	335.99
bondarenko	1	36	464.53551	43	429.54	5	447.97	1	450.16	1	450.16
bondarenko	1	37	436.506122	36	393.39	2	422.44	4	417.83	1	423.67
bondarenko	1	38	342.543673	30	316.78	2	333.01	3	332.35	1	333.87
bondarenko	1	39	277.420408	23	247.32	3	262.22	3	262.22	1	263.56
bondarenko	1	40	259.317551	23	229.26	2	241.56	1	242.02	1	242.02
bondarenko	1	41	646.791837	57	593.04	4	624.2	4	624.85	1	627.7
bondarenko	1	42	454.034286	38	420.06	1	440.92	3	439.12	1	440.92
bondarenko	1	43	454.008163	34	424.07	1	444.8	2	443.8	1	444.8
bondarenko	1	44	404.114286	34	371.2	1	387.83	2	387.43	1	387.83
bondarenko	1	45	381.387755	28	351.37	3	362.98	2	363.86	1	364.68
bondarenko	1	46	398.680816	34	362.01	3	376.81	2	379.16	1	379.62
bondarenko	1	47	454.791837	31	424.47	3	441.81	3	441.81	1	443.28
bondarenko	1	48	333.374694	22	310.05	1	322.62	2	321.93	1	322.62
bondarenko	1	49	411.559184	33	378.93	13	388.7	2	400.07	1	400.7
bondarenko	1	50	361.430204	26	325.1	3	337.66	3	337.66	1	347.92
bondarenko	2	1	207.46449	22	180.52	3	192.12	3	191.76	1	192.74
bondarenko	2	2	270.445714	25	249.45	3	258.49	4	257.37	1	260.43
bondarenko	2	3	337.580408	22	315.05	1	327.0	3	325.59	1	327.0
bondarenko	2	4	402.468571	31	374.32	6	388.25	3	391.32	1	392.77
bondarenko	2	5	293.355102	23	265.96	2	273.73	2	273.53	1	274.11
bondarenko	2	6	349.361633	30	322.7	2	337.4	3	336.83	1	337.9
bondarenko	2	7	306.181224	25	288.19	3	298.75	3	298.75	1	299.82
bondarenko	2	8	411.480816	32	386.13	3	399.15	3	399.15	1	400.03
bondarenko	2	9	412.290612	35	383.37	3	401.59	1	402.57	1	402.57
bondarenko	2	10	401.502041	29	372.36	3	384.61	1	385.32	1	385.32
bondarenko	2	11	138.501224	10	127.77	2	131.42	2	131.36	1	132.11
bondarenko	2	12	635.402449	51	602.15	7	623.32	3	626.58	1	628.24
bondarenko	2	13	292.91102	22	269.79	2	279.52	2	279.52	1	281.25
bondarenko	2	14	419.004082	31	397.46	5	407.69	2	409.3	1	409.77
bondarenko	2	15	313.260408	27	296.86	4	303.33	2	305.69	1	306.56
bondarenko	2	16	439.588571	36	418.02	5	432.79	1	434.91	1	434.91
bondarenko	2	17	212.950204	16	198.58	2	204.57	2	204.57	1	205.16
bondarenko	2	18	323.291429	27	287.67	2	311.51	2	311.51	1	312.1
bondarenko	2	19	323.94449	25	306.69	4	316.17	1	317.58	1	317.58
bondarenko	2	20	270.785306	26	252.05	13	257.59	3	263.93	1	265.47
bondarenko	2	21	372.819592	36	347.72	12	359.51	3	364.28	1	365.18
bondarenko	2	22	341.733878	31	319.8	16	327.89	3	334.38	1	335.55
bondarenko	2	23	355.683265	33	333.18	12	342.23	3	346.27	1	347.19
bondarenko	2	24	228.127347	18	213.8	5	219.46	2	221.34	1	221.67
bondarenko	2	25	406.726531	40	376.37	5	393.0	4	393.55	1	394.85
bondarenko	2	26	388.310204	37	360.78	3	377.7	4	377.28	1	378.8
bondarenko	2	27	282.488163	21	255.52	3	266.37	3	266.37	1	267.88
bondarenko	2	28	589.348571	43	548.67	6	573.09	8	572.05	1	577.96
bondarenko	2	29	611.892245	46	569.18	3	599.24	2	599.87	1	600.68
bondarenko	2	30	489.325714	38	443.25	6	468.08	3	470.91	1	473.48
bondarenko	2	31	239.725714	18	206.35	3	213.67	3	213.67	1	216.51
bondarenko	2	32	523.180408	35	467.9	5	491.25	3	492.65	1	496.07
bondarenko	2	33	349.675102	23	328.15	3	339.8	3	340.26	1	340.56
bondarenko	2	34	507.533061	35	474.23	3	495.74	3	496.28	1	498.24
bondarenko	2	35	393.456327	35	362.95	3	379.93	3	379.93	1	381.45
bondarenko	2	36	429.00898	38	403.67	6	416.02	1	418.84	1	418.84
bondarenko	2	37	308.114286	29	284.78	4	293.5	1	294.79	1	294.79
bondarenko	2	38	373.237551	31	351.24	4	364.87	2	366.15	1	367.12
bondarenko	2	39	481.515102	43	444.38	6	462.55	2	465.59	1	466.72
bondarenko	2	40	372.453878	38	334.73	2	353.99	2	353.99	1	355.63
bondarenko	3	1	216.346122	17	198.46	3	207.31	1	208.78	1	208.78
bondarenko	3	2	196.310204	16	182.42	3	191.3	1	192.46	1	192.46
bondarenko	3	3	202.553469	17	191.68	3	197.79	1	199.21	1	199.21
bondarenko	3	4	426.422857	35	406.38	4	420.94	1	423.17	1	423.17
bondarenko	3	5	279.745306	19	265.27	2	274.89	2	274.89	1	276.59
bondarenko	3	6	366.863673	30	348.23	5	361.17	2	362.83	1	363.77
bondarenko	3	7	420.127347	38	400.03	4	415.13	5	414.38	1	416.5
bondarenko	3	8	414.876735	36	393.61	4	409.51	1	411.27	1	411.27
bondarenko	3	9	258.220408	24	243.61	2	253.85	1	254.44	1	254.44
bondarenko	3	10	268.460408	20	255.25	3	264.43	3	264.43	1	265.49
bondarenko	3	11	478.416979	47	456.84	3	474.34	1	475.25	1	475.25
bondarenko	3	12	116.845714	8	109.11	1	113.3	1	113.3	1	113.3
bondarenko	3	13	740.545306	59	712.63	6	735.66	1	737.72	1	737.72
bondarenko	3	14	628.767347	56	600.26	3	624.33	1	625.28	1	625.28
bondarenko	3	15	430.08	33	413.73	2	426.58	1	427.01	1	427.01
bondarenko	3	16	471.902041	34	452.37	2	468.4	1	468.7	1	468.7
bondarenko	3	17	228.519184	16	219.34	2	225.07	2	224.82	1	225.49
bondarenko	3	18	314.357551	30	298.5	3	310.04	1	310.96	1	310.96
bondarenko	3	19	406.308571	37	386.01	1	402.3	1	402.3	1	402.3
bondarenko	3	20	366.550204	27	351.08	2	362.53	1	362.97	1	362.97
bondarenko	3	21	286.249796	24	272.71	3	281.68	1	282.43	1	282.43
bondarenko	3	22	409.103673	33	390.26	4	402.69	1	404.5	1	404.5
bondarenko	3	23	515.108571	44	490.9	5	509.66	1	511.29	1	511.29
bondarenko	3	24	233.795918	23	218.97	3	227.99	2	228.93	1	229.85
bondarenko	3	25	647.706122	55	619.22	3	642.48	1	643.84	1	643.84
bondarenko	3	26	561.057959	46	543.67	2	557.05	1	557.38	1	557.38
bondarenko	3	27	397.035102	34	377.96	2	391.62	1	392.24	1	392.24
bondarenko	4	1	509.988571	54	480.64	3	501.65	1	502.84	1	502.84
bondarenko	4	2	325.433469	34	306.4	1	322.85	1	322.85	1	322.85
bondarenko	4	3	512.078367	51	485.26	6	506.87	1	509.26	1	509.26
bondarenko	4	4	532.427755	49	513.34	3	528.38	1	529.51	1	529.51
bondarenko	4	5	373.86449	31	359.27	3	370.25	3	370.25	1	371.26
bondarenko	4	6	329.560816	27	314.58	2	326.58	2	326.58	1	326.8
bondarenko	4	7	782.419592	89	752.41	4	778.38	1	779.76	1	779.76
bondarenko	4	8	277.76	26	266.34	3	274.15	2	274.4	1	274.86
bondarenko	4	9	296.724898	23	283.66	4	292.22	2	293.72	1	294.1
bondarenko	4	10	352.757551	36	334.21	3	348.41	2	349.03	1	349.41
bondarenko	4	11	432.378776	35	414.34	3	428.46	2	428.83	1	429.37
bondarenko	4	12	163.604898	15	155.05	2	159.46	1	160.12	1	160.12
bondarenko	4	13	337.240816	34	320.03	2	333.89	1	334.18	1	334.18
bondarenko	4	14	509.805714	45	490.38	5	504.74	4	504.91	1	506.18
bondarenko	4	15	444.473469	41	425.99	4	439.19	4	439.19	1	440.8
bondarenko	4	16	561.449796	50	541.36	5	557.47	1	558.3	1	558.3
bondarenko	4	17	141.061224	13	130.2	3	136.47	1	137.28	1	137.28
bondarenko	4	18	454.896327	32	439.76	4	449.95	1	451.12	1	451.12
bondarenko	4	19	291.63102	22	279.59	1	288.34	1	288.34	1	288.34
bondarenko	4	20	335.281633	29	322.96	5	330.31	2	331.71	1	332.28
bondarenko	4	21	384.496327	35	368.91	5	378.97	4	379.64	1	380.57
bondarenko	4	22	463.751837	41	446.47	4	459.41	1	460.73	1	460.73
bondarenko	4	23	323.134694	30	307.74	1	320.03	1	320.03	1	320.03
bondarenko	4	24	284.708571	25	270.48	2	280.38	1	280.66	1	280.66
bondarenko	4	25	181.942857	18	172.52	4	177.57	1	178.38	1	178.38
bondarenko	4	26	622.550204	65	597.24	4	617.1	1	618.33	1	618.33
bondarenko	4	27	262.60898	23	252.31	3	257.83	2	258.29	1	258.91
bondarenko	4	28	335.020408	31	321.56	2	330.44	1	330.62	1	330.62
bondarenko	4	29	412.551837	39	400.55	1	409.52	1	409.52	1	409.52
bondarenko	4	30	219.506939	17	210.8	2	215.24	1	215.8	1	215.8
bondarenko	4	31	501.080816	54	484.43	2	497.61	2	497.61	1	498.03
bondarenko	4	32	468.741224	42	451.79	1	465.11	1	465.11	1	465.11
bondarenko	4	33	471.693061	56	453.6	3	466.92	2	467.45	1	468.0
bondarenko	4	34	247.640816	29	236.75	2	243.93	1	244.02	1	244.02
bondarenko	4	35	397.844898	34	384.38	2	393.81	2	393.81	1	394.34
bondarenko	4	36	194.037551	13	186.09	2	190.22	1	190.42	1	190.42
bondarenko	5	1	552.803265	46	522.12	1	542.55	2	542.04	1	542.55
bondarenko	5	2	437.420408	37	406.79	1	424.59	1	424.59	1	424.59
bondarenko	5	3	365.740408	29	347.94	1	358.83	1	358.83	1	358.83
bondarenko	5	4	662.491429	49	632.79	3	655.07	3	655.07	1	656.29
bondarenko	5	5	419.970612	33	395.93	11	406.11	1	411.08	1	411.08
bondarenko	5	6	305.946122	25	287.43	5	295.58	1	297.78	1	297.78
bondarenko	5	7	371.461224	26	357.14	2	366.18	2	366.09	1	366.47
bondarenko	5	8	274.599184	20	261.17	1	269.38	1	269.38	1	269.38
bondarenko	5	9	432.770612	29	411.59	1	422.59	1	422.59	1	422.59
bondarenko	5	10	282.853878	22	264.89	1	272.96	2	272.45	1	272.96
bondarenko	5	11	417.253878	32	398.37	1	407.76	2	407.15	1	407.76
bondarenko	5	12	446.537143	32	426.87	4	434.6	3	435.07	1	436.36
bondarenko	5	13	260.780408	18	249.84	1	254.72	1	254.72	1	254.72
bondarenko	5	14	297.717551	29	284.19	3	291.84	2	292.37	1	292.8
bondarenko	5	15	307.826939	23	289.29	2	296.52	2	296.52	1	296.74
bondarenko	5	16	307.2	22	289.83	5	295.82	2	296.63	1	297.08
bondarenko	5	17	287.817143	20	271.96	2	277.61	5	276.27	1	277.88
bondarenko	5	18	256.20898	22	240.1	2	247.22	3	246.74	1	248.9
bondarenko	5	19	266.34449	21	251.48	3	257.28	3	257.28	1	258.69
bondarenko	5	20	265.560816	20	252.16	2	259.36	4	258.71	1	259.69
bondarenko	5	21	273.81551	23	262.17	5	266.67	2	268.2	1	268.63
bondarenko	5	22	375.04	30	351.8	7	360.87	2	362.85	1	363.37
bondarenko	5	23	294.373878	25	269.66	7	278.31	1	281.37	1	281.37
bondarenko	5	24	289.828571	22	275.92	9	280.73	6	281.88	1	283.96
bondarenko	5	25	229.642449	19	212.95	5	219.59	1	221.8	1	221.8
bondarenko	5	26	284.786939	19	274.03	1	280.82	3	279.38	1	280.82
bondarenko	5	27	288.261224	26	265.73	3	276.94	1	278.06	1	278.06
bondarenko	5	28	896.705306	68	866.23	1	886.61	2	886.14	1	886.61
bondarenko	5	29	390.112653	29	367.67	2	376.81	1	377.63	1	377.63
bondarenko	5	30	310.883265	20	294.47	1	302.02	3	300.99	1	302.02
bondarenko	5	31	438.308571	30	415.15	3	428.8	4	428.59	1	429.98
bondarenko	5	32	615.105306	52	579.97	3	596.74	3	596.74	1	597.74
bondarenko	5	33	391.497143	29	357.69	1	371.95	1	371.95	1	371.95
bondarenko	5	34	188.26449	12	152.6	2	156.95	2	157.64	1	158.07
bondarenko	6	1	247.24898	18	224.89	2	232.85	3	232.49	1	233.42
bondarenko	6	2	305.214694	24	279.69	1	289.68	1	289.68	1	289.68
bondarenko	6	3	243.644082	17	215.59	2	223.1	3	221.95	1	223.7
bondarenko	6	4	290.089796	24	273.27	2	283.71	2	283.73	1	284.29
bondarenko	6	5	249.364898	16	223.25	4	229.66	4	230.67	1	232.48
bondarenko	6	6	447.477551	26	430.27	3	441.9	3	441.41	1	442.44
bondarenko	6	7	395.441633	26	370.32	3	382.35	2	382.97	1	383.4
bondarenko	6	8	456.777143	35	438.62	4	450.69	2	452.25	1	452.56
bondarenko	6	9	306.860408	27	294.18	1	303.44	2	303.03	1	303.44
bondarenko	6	10	595.30449	43	570.28	3	588.68	4	587.53	1	589.56
bondarenko	6	11	321.149388	23	300.2	4	308.59	3	308.51	1	309.33
bondarenko	6	12	214.334694	24	196.52	2	200.81	1	201.41	1	201.41
bondarenko	6	13	359.053061	33	330.61	2	344.53	2	344.78	1	345.13
bondarenko	6	14	213.76	15	193.29	1	200.19	2	199.7	1	200.19
bondarenko	6	15	527.830204	63	496.43	3	510.54	3	510.54	1	511.52
bondarenko	6	16	117.76	10	98.66	2	100.74	1	101.2	1	101.2
bondarenko	6	17	275.30449	18	252.83	2	258.57	1	258.72	1	258.72
bondarenko	6	18	314.174694	28	296.74	2	306.79	3	306.48	1	306.79
bondarenko	6	19	442.253061	51	411.05	6	431.83	7	431.46	1	433.84
bondarenko	6	20	131.578776	9	118.12	1	122.25	1	122.25	1	122.25
bondarenko	6	21	430.628571	45	402.08	2	424.08	1	424.43	1	424.43
bondarenko	6	22	519.967347	34	497.26	2	509.96	4	509.01	1	510.65
bondarenko	6	23	257.332245	16	240.01	1	248.76	1	248.76	1	248.76
bondarenko	6	24	479.817143	33	455.78	2	472.71	5	471.56	1	473.33
bondarenko	7	1	487.262041	36	406.07	2	469.92	2	469.82	1	470.22
bondarenko	7	2	327.601633	23	283.95	3	309.87	5	308.45	1	314.34
bondarenko	7	3	387.787755	31	354.02	2	377.11	4	373.5	1	378.02
bondarenko	7	4	355.082449	24	310.47	4	335.57	4	334.75	1	343.89
bondarenko	7	5	370.311837	31	338.28	1	359.09	1	359.09	1	359.09
bondarenko	7	6	605.387755	40	522.92	2	589.0	8	569.75	1	589.47
bondarenko	7	7	415.294694	25	363.97	2	399.24	5	393.41	1	399.82
bondarenko	7	8	465.423673	35	403.69	5	445.54	4	445.34	1	455.17
bondarenko	7	9	705.959184	57	627.46	3	691.15	4	690.6	1	692.46
bondarenko	7	10	239.020408	18	200.77	2	224.39	3	222.79	1	225.71
bondarenko	7	11	528.587755	40	489.38	3	520.94	4	517.18	1	522.47
bondarenko	7	12	195.213061	15	169.27	2	179.64	2	179.64	1	181.18
bondarenko	7	13	307.722449	25	282.29	2	295.53	5	292.44	1	296.03
bondarenko	7	14	292.466939	20	261.02	1	281.6	3	276.89	1	281.6
bondarenko	7	15	268.225306	20	240.92	1	259.26	2	258.52	1	259.26
bondarenko	7	16	504.21551	31	457.88	1	489.35	3	485.26	1	489.35
bondarenko	7	17	158.432653	13	141.05	2	146.04	2	146.08	1	146.47
bondarenko	7	18	394.187755	31	355.18	1	379.52	4	374.88	1	379.52
bondarenko	7	19	438.804898	30	385.71	1	420.29	4	409.73	1	420.29
bondarenko	7	20	565.733878	48	525.24	3	548.31	5	547.29	1	549.62
bondarenko	7	21	307.826939	25	284.43	2	294.33	4	293.78	1	294.8
bondarenko	8	1	288.026122	22	266.98	1	275.3	5	273.44	1	275.3
bondarenko	8	2	297.06449	23	273.62	1	285.3	3	284.68	1	285.3
bondarenko	8	3	211.957551	18	183.29	1	191.28	2	190.67	1	191.28
bondarenko	8	4	260.649796	22	245.23	2	254.37	2	254.32	1	254.84
bondarenko	9	1	376.737959	28	330.97	3	350.02	3	348.84	1	350.89
bondarenko	9	2	527.307755	36	465.92	4	502.13	4	498.94	1	514.57
bondarenko	9	3	261.067755	21	231.1	2	245.18	3	244.62	1	246.07
bondarenko	9	4	341.55102	22	298.37	1	322.53	4	307.75	1	322.53
bondarenko	9	5	186.096327	12	154.73	1	170.15	2	169.82	1	170.15
bondarenko	9	6	336.561633	21	295.74	1	322.85	3	320.14	1	322.85
bondarenko	9	7	254.328163	17	219.69	2	241.07	3	240.86	1	241.71
bondarenko	9	8	251.663673	22	225.93	2	240.51	3	234.72	1	240.94
bondarenko	9	9	391.340408	27	355.77	1	378.07	2	377.81	1	378.07
bondarenko	9	10	361.822041	27	317.5	2	340.09	4	337.24	1	343.72
bondarenko	9	11	222.563265	15	196.31	1	208.38	3	206.81	1	208.38
bondarenko	9	12	370.337959	25	309.09	1	344.09	3	341.15	1	344.09
bondarenko	9	13	307.670204	23	275.19	1	292.38	3	291.45	1	292.38
bondarenko	9	14	700.16	52	639.29	3	687.29	6	684.35	1	694.28
bondarenko	9	15	452.832653	35	391.91	2	431.67	3	429.34	1	432.32
bondarenko	9	16	320.783673	23	275.61	2	300.5	2	298.9	1	304.36
bondarenko	9	17	699.663673	58	651.94	2	684.81	5	683.53	1	691.87
bondarenko	9	18	376.999184	30	324.77	2	364.22	3	363.61	1	364.34
bondarenko	9	19	333.844898	24	281.11	1	312.16	3	302.06	1	312.16
bondarenko	9	20	546.716735	43	479.77	2	518.29	3	524.52	1	527.61
bondarenko	9	21	201.560816	15	183.09	1	189.55	2	188.87	1	189.55
bondarenko	9	22	307.800816	23	280.95	1	291.96	4	289.28	1	291.96
bondarenko	9	23	338.573061	28	315.91	2	329.8	3	329.18	1	330.37
bondarenko	9	24	297.116735	23	261.76	1	276.94	3	275.68	1	276.94
bondarenko	9	25	629.916735	44	542.2	2	602.49	4	595.04	1	610.22
bondarenko	9	26	362.266122	25	330.35	1	349.16	3	346.13	1	349.16
bondarenko	9	27	191.294694	12	156.72	1	170.95	2	167.24	1	170.95
bondarenko	9	28	384.365714	25	341.8	3	367.44	4	368.42	1	373.36
bondarenko	9	29	178.494694	11	163.18	1	168.79	1	168.79	1	168.79
bondarenko	9	30	387.056327	31	350.35	2	368.09	4	367.21	1	368.85
bondarenko	9	31	173.191837	13	146.97	1	161.75	2	158.1	1	161.75
bondarenko	10	1	340.323265	27	289.47	2	310.4	3	309.79	1	316.05
bondarenko	10	2	437.263673	32	386.18	2	424.34	4	416.61	1	424.77
bondarenko	10	3	550.478367	39	476.55	2	523.87	5	519.63	1	527.53
bondarenko	10	4	198.739592	12	174.19	2	179.95	2	180.17	1	180.67
bondarenko	10	5	335.229388	25	275.31	4	306.62	3	307.32	1	315.82
bondarenko	10	6	312.607347	23	268.46	2	294.38	4	294.37	1	295.11
bondarenko	10	7	432.613878	29	357.8	2	402.67	3	402.43	1	407.13
bondarenko	10	8	233.351837	18	200.93	1	218.73	2	218.13	1	218.73
bondarenko	10	9	193.149388	13	159.58	1	173.2	1	173.2	1	173.2
bondarenko	10	10	263.026939	19	233.89	1	244.45	2	243.88	1	244.45
bondarenko	10	11	366.497959	27	319.26	2	345.25	4	347.98	1	349.66
bondarenko	10	12	460.669388	31	401.98	3	427.49	3	430.59	1	435.59
bondarenko	10	13	530.782041	39	466.4	2	513.02	3	511.53	1	517.25
bondarenko	10	14	469.942857	33	418.22	2	456.94	3	455.4	1	458.54
bondarenko	10	15	477.910204	37	432.98	2	459.77	3	450.32	1	469.07
bondarenko	10	16	317.962449	23	277.03	2	300.02	3	297.2	1	304.82
bondarenko	10	17	430.994286	29	374.8	1	415.9	3	410.6	1	415.9
bondarenko	10	18	520.803265	33	471.55	2	497.69	6	495.14	1	509.12
bondarenko	10	19	665.939592	43	587.15	1	638.51	5	624.19	1	638.51
bondarenko	10	20	382.798367	26	345.78	1	371.18	2	368.91	1	371.18
bondarenko	10	21	354.66449	22	299.63	2	320.27	5	318.44	1	326.02
bondarenko	10	22	454.713469	51	410.97	1	423.23	1	423.23	1	423.23
bondarenko	10	23	412.708571	39	375.04	3	389.02	2	392.98	1	393.52
bondarenko	10	24	402.938776	25	340.44	2	367.79	5	366.48	1	371.62
bondarenko	11	1	670.667755	53	580.69	3	634.6	4	632.17	1	654.17
bondarenko	11	2	647.706122	46	579.91	3	628.47	5	621.48	1	633.54
bondarenko	11	3	402.337959	28	352.43	3	371.1	4	375.64	1	381.6
bondarenko	11	4	341.916735	34	315.86	3	330.27	3	330.33	1	331.48
bondarenko	11	5	234.631837	18	217.69	2	223.31	2	223.78	1	223.78
bondarenko	11	6	416.862041	38	382.45	3	399.73	4	399.29	1	400.76
bondarenko	11	7	580.806531	51	545.42	3	563.1	2	563.68	1	563.77
bondarenko	11	8	997.172245	66	915.49	4	953.04	5	952.37	1	967.56
bondarenko	11	9	357.459592	28	333.48	2	349.79	4	343.54	1	350.48
bondarenko	11	10	397.453061	29	361.92	3	377.58	3	383.66	1	384.36
bondarenko	11	11	649.534694	43	562.95	3	620.59	5	604.8	1	635.88
bondarenko	11	12	510.432653	33	457.71	3	489.43	4	483.91	1	492.49
bondarenko	11	13	495.725714	34	446.49	2	477.29	4	470.78	1	477.5
bondarenko	11	14	456.228571	31	391.2	3	422.05	6	416.69	1	438.74
bondarenko	11	15	464.561633	34	406.13	7	438.82	4	434.95	1	445.36
bondarenko	11	16	471.771429	34	418.71	10	431.31	5	435.72	1	455.25
bondarenko	11	17	302.262857	24	270.75	1	286.79	3	280.62	1	286.79
bondarenko	11	18	672.809796	46	594.54	2	635.72	7	621.48	1	636.22
bondarenko	11	19	343.640816	21	307.57	1	328.56	4	320.09	1	328.56
bondarenko	11	20	647.915102	43	588.04	5	623.21	5	619.73	1	632.39
bondarenko	11	21	413.283265	29	374.25	2	403.34	4	394.14	1	403.78
bondarenko	11	22	720.613878	53	628.8	6	685.53	4	703.0	1	706.24
bondarenko	12	1	315.585306	18	276.0	3	300.89	3	295.76	1	302.16
bondarenko	12	2	378.98449	25	341.36	2	361.73	4	356.28	1	362.4
bondarenko	12	3	371.173878	27	331.22	3	346.74	4	346.5	1	352.23
bondarenko	12	4	553.952653	44	500.19	3	529.35	4	526.93	1	540.95
bondarenko	12	5	415.164082	27	378.8	3	396.17	3	401.51	1	404.72
bondarenko	12	6	443.663673	33	390.48	3	422.15	5	414.81	1	429.8
bondarenko	12	7	338.181224	20	307.23	1	317.9	4	316.86	1	317.9
bondarenko	12	8	449.149388	29	383.24	5	420.09	5	417.08	1	430.74
bondarenko	12	9	567.301224	37	513.86	2	549.05	4	548.32	1	553.15
bondarenko	12	10	568.450612	36	510.03	6	547.45	4	553.46	1	559.27
bondarenko	12	11	307.017143	21	276.84	3	289.71	3	289.71	1	295.77
bondarenko	12	12	311.510204	21	278.04	4	284.35	3	291.41	1	300.86
bondarenko	12	13	365.374694	25	326.65	6	344.44	4	343.73	1	350.72
bondarenko	12	14	405.289796	29	357.0	8	383.3	5	384.8	1	390.63
bondarenko	12	15	480.757551	38	429.0	14	454.1	7	456.75	1	467.51
bondarenko	12	16	295.549388	20	269.3	2	282.49	4	281.1	1	285.2
bondarenko	12	17	576.574694	41	521.8	4	550.69	3	551.36	1	552.12
bondarenko	12	18	515.291429	37	475.24	4	493.02	5	492.21	1	505.44
bondarenko	12	19	531.800816	37	483.83	4	506.11	5	502.46	1	517.54
bondarenko	12	20	309.263673	21	266.94	4	278.82	4	292.66	1	294.8
bondarenko	12	21	330.997551	26	301.05	5	317.87	4	318.58	1	320.47
bondarenko	12	22	305.084082	20	280.65	3	289.88	4	289.33	1	291.54
bondarenko	12	23	631.196735	37	560.25	6	601.39	7	593.75	1	617.41
bondarenko	12	24	252.865306	20	230.39	5	243.07	3	243.53	1	244.67
bondarenko	12	25	405.995102	30	367.7	3	386.49	6	381.61	1	396.14
bondarenko	15	1	171.598367	11	153.45	3	156.9	2	157.45	1	158.04
bondarenko	15	2	498.337959	70	468.1	8	488.5	9	488.3	1	492.13
bondarenko	15	3	231.262041	13	218.93	4	223.52	2	224.81	1	225.5
bondarenko	15	4	337.110204	24	320.63	4	329.67	4	330.06	1	331.93
bondarenko	15	5	244.27102	17	228.2	3	235.61	3	235.61	1	236.71
bondarenko	15	6	342.413061	22	324.81	2	334.27	4	333.5	1	335.24
bondarenko	15	7	363.676735	28	344.79	3	354.58	5	353.77	1	355.84
bondarenko	15	8	467.330612	36	444.94	4	459.76	6	458.62	1	461.7
bondarenko	15	9	296.907755	15	285.29	2	290.63	2	290.93	1	291.4
bondarenko	15	10	504.946939	44	480.5	4	495.82	4	495.92	1	497.71
bondarenko	16	1	200.280816	11	183.43	2	188.22	2	188.22	1	188.74
bondarenko	16	2	304.64	20	287.78	4	294.99	2	296.28	1	297.09
bondarenko	16	3	405.707755	32	387.03	1	397.81	1	397.81	1	397.81
bondarenko	16	4	307.853061	23	299.05	4	302.66	3	302.66	1	302.98
bondarenko	16	5	288.391837	19	274.71	3	280.98	4	280.38	1	281.69
bondarenko	16	6	259.056327	19	240.7	4	247.27	4	247.24	1	249.03
bondarenko	16	7	564.819592	73	531.5	3	556.04	8	554.27	1	557.34
bondarenko	16	8	328.881633	18	311.64	3	317.93	2	318.42	1	318.9
bondarenko	16	9	644.832653	38	621.58	1	635.97	3	634.87	1	635.97
bondarenko	16	10	386.220408	39	357.49	1	378.71	3	377.24	1	378.71
bondarenko	16	11	401.266939	36	373.73	3	388.33	8	385.58	1	389.42
bondarenko	16	12	524.460408	47	497.25	5	515.07	6	514.53	1	517.02
bondarenko	16	13	426.971429	31	404.45	4	417.43	5	416.67	1	419.39
bondarenko	17	1	377.6	22	345.9	22	345.9	3	356.99	1	358.32
bondarenko	17	2	410.462041	23	382.09	23	382.09	6	391.38	1	395.25
bondarenko	17	3	277.707755	15	258.23	15	258.23	2	265.67	1	266.66
bondarenko	17	4	265.456327	17	245.88	17	245.88	4	255.01	1	257.05
bondarenko	17	5	239.307755	14	216.86	14	216.86	3	224.04	1	225.24
bondarenko	17	6	238.706939	14	222.25	14	222.25	3	229.19	1	230.63
bondarenko	17	7	174.863673	10	159.9	10	159.9	3	163.94	1	165.1
bondarenko	17	8	311.457959	17	294.78	17	294.78	3	300.31	1	302.5
bondarenko	17	9	459.937959	32	438.78	32	438.78	5	447.76	1	449.77
bondarenko	17	10	62.093061	3	44.48	3	44.48	1	45.71	1	45.71
bondarenko	18	1	314.462041	22	282.55	4	292.33	4	292.33	1	294.04
bondarenko	18	2	195.160816	13	177.52	2	184.45	3	183.49	1	185.14
bondarenko	18	3	206.811429	26	191.39	1	198.31	2	197.93	1	198.31
bondarenko	18	4	171.546122	21	153.36	1	160.85	2	160.36	1	160.85
bondarenko	18	5	203.937959	27	174.73	1	183.27	3	182.46	1	183.27
bondarenko	18	6	232.542041	30	210.31	1	224.8	4	222.67	1	224.8
bondarenko	18	7	196.022857	21	173.66	1	182.34	2	181.91	1	182.34
bondarenko	18	8	151.353469	22	135.25	1	143.13	3	142.4	1	143.13
bondarenko	18	9	257.306122	35	236.75	1	252.06	3	251.09	1	252.06
bondarenko	18	10	190.82449	22	172.67	1	179.65	3	178.26	1	179.65
bondarenko	18	11	163.996735	20	149.2	1	154.71	3	154.24	1	154.71
bondarenko	18	12	190.72	25	170.5	1	178.91	2	178.45	1	178.91
bondarenko	18	13	219.768163	28	197.5	1	209.06	3	208.22	1	209.06
bondarenko	18	14	191.712653	22	171.73	1	179.9	4	178.06	1	179.9
bondarenko	18	15	239.36	35	219.45	1	228.04	2	227.8	1	228.04
bondarenko	18	16	210.207347	22	180.17	1	191.71	2	191.23	1	191.71
bondarenko	18	17	143.542857	16	122.48	1	129.59	2	129.26	1	129.59
bondarenko	18	18	156.969796	21	135.54	1	143.77	1	143.77	1	143.77
bondarenko	18	19	228.806531	29	209.65	1	220.58	5	219.2	1	220.58
bondarenko	18	20	228.362449	29	203.65	1	214.95	2	214.81	1	214.95
bondarenko	18	21	262.426122	34	228.91	1	248.28	3	247.58	1	248.28
bondarenko	18	22	225.802449	30	204.41	1	218.84	3	217.69	1	218.84
bondarenko	18	23	145.214694	17	126.27	1	134.91	2	134.56	1	134.91
bondarenko	18	24	222.902857	25	191.28	1	202.25	4	200.93	1	202.25
bondarenko	18	25	45.479184	6	36.72	1	38.83	1	38.83	1	38.83
bondarenko	18	26	100.519184	14	84.51	1	90.22	2	89.49	1	90.22
bondarenko	18	27	189.44	23	170.45	1	180.58	3	179.77	1	180.58
bondarenko	18	28	224.835918	28	193.43	1	205.15	4	204.24	1	205.15
bondarenko	18	29	189.44	25	164.71	1	175.69	1	175.69	1	175.69
bondarenko	18	30	242.860408	31	217.39	1	231.51	4	230.08	1	231.51
bondarenko	18	31	316.525714	40	297.24	1	310.15	10	306.73	1	310.15
bondarenko	18	32	196.519184	22	169.82	1	182.14	4	180.03	1	182.14
bondarenko	18	33	230.373878	33	208.45	1	222.85	5	220.59	1	222.85
bondarenko	18	34	273.266939	37	244.0	1	260.49	5	259.44	1	260.49
bondarenko	18	35	117.289796	16	99.58	1	104.48	2	104.28	1	104.48
bondarenko	18	36	223.164082	33	202.32	1	212.11	4	211.4	1	212.11
bondarenko	18	37	178.311837	24	165.3	1	169.17	3	168.68	1	169.17
bondarenko	18	38	321.306122	41	283.76	1	306.07	2	305.85	1	306.07
bondarenko	18	39	267.52	35	233.51	1	250.36	6	247.04	1	250.36
bondarenko	18	40	207.36	27	182.87	1	196.39	3	195.25	1	196.39
bondarenko	18	41	196.022857	26	165.77	1	174.52	2	174.27	1	174.52
bondarenko	18	42	241.136327	17	221.09	4	230.44	4	230.09	1	231.9
bondarenko	19	1	75.049796	6	61.79	1	65.49	1	65.49	1	65.49
bondarenko	19	2	120.52898	12	98.21	1	105.37	1	105.37	1	105.37
bondarenko	19	3	92.969796	9	79.78	1	87.31	1	87.31	1	87.31
bondarenko	19	4	102.817959	9	80.22	1	88.38	1	88.38	1	88.38
bondarenko	19	5	163.265306	13	130.33	1	145.54	1	145.54	1	145.54
bondarenko	19	6	109.714286	11	97.66	1	105.12	1	105.12	1	105.12
bondarenko	19	7	187.376327	18	161.98	1	175.54	1	175.54	1	175.54
bondarenko	19	8	103.418776	10	90.85	1	98.27	1	98.27	1	98.27
bondarenko	19	9	371.826939	39	343.28	1	360.53	1	360.53	1	360.53
bondarenko	19	10	89.49551	7	74.14	1	77.55	1	77.55	1	77.55
bondarenko	19	11	105.06449	9	75.93	1	94.34	1	94.34	1	94.34
bondarenko	19	12	79.229388	6	57.9	1	62.28	1	62.28	1	62.28
bondarenko	19	13	101.381224	7	76.31	1	79.86	1	79.86	1	79.86
bondarenko	19	14	72.385306	5	52.76	1	57.08	1	57.08	1	57.08
bondarenko	19	15	117.65551	11	95.36	1	100.4	1	100.4	1	100.4
bondarenko	19	16	171.41551	15	143.27	1	150.25	1	150.25	1	150.25
bondarenko	19	17	439.614694	51	418.52	1	435.14	1	435.14	1	435.14
bondarenko	19	18	143.908571	15	126.42	1	135.75	1	135.75	1	135.75
bondarenko	19	19	99.63102	10	82.11	1	88.88	1	88.88	1	88.88
bondarenko	19	20	125.100408	14	104.51	1	116.74	1	116.74	1	116.74
bondarenko	19	21	299.441633	32	267.7	1	288.16	1	288.16	1	288.16
bondarenko	19	22	75.546122	6	54.96	1	58.13	1	58.13	1	58.13
bondarenko	19	23	121.443265	10	88.35	1	100.73	1	100.73	1	100.73
bondarenko	19	24	177.266939	22	161.01	1	171.21	1	171.21	1	171.21
bondarenko	19	25	105.508571	12	81.95	1	89.99	1	89.99	1	89.99
bondarenko	19	26	180.793469	14	155.29	1	160.69	1	160.69	1	160.69
bondarenko	19	27	105.247347	9	93.6	1	97.49	1	97.49	1	97.49
bondarenko	19	28	108.434286	11	88.17	1	90.42	1	90.42	1	90.42
bondarenko	19	29	120.894694	13	104.09	1	113.01	1	113.01	1	113.01
bondarenko	19	30	246.282449	25	226.29	1	239.16	1	239.16	1	239.16
bondarenko	19	31	119.614694	11	99.35	1	105.93	1	105.93	1	105.93
bondarenko	19	32	168.515918	22	153.12	1	158.7	1	158.7	1	158.7
bondarenko	19	33	185.913469	23	163.0	1	178.66	1	178.66	1	178.66
bondarenko	19	34	283.898776	28	256.68	1	269.84	1	269.84	1	269.84
bondarenko	19	35	120.842449	13	95.2	1	110.78	1	110.78	1	110.78
bondarenko	19	36	332.512653	40	291.46	1	318.97	1	318.97	1	318.97
bondarenko	19	37	186.383673	23	161.59	1	176.04	1	176.04	1	176.04
bondarenko	19	38	139.572245	14	121.47	1	132.01	1	132.01	1	132.01
bondarenko	19	39	195.213061	18	178.96	1	187.96	1	187.96	1	187.96
bondarenko	19	40	117.733878	14	102.88	1	111.39	1	111.39	1	111.39
bondarenko	19	41	133.511837	12	118.93	1	127.15	1	127.15	1	127.15
bondarenko	19	42	72.698776	5	55.76	1	60.55	1	60.55	1	60.55
bondarenko	19	43	215.928163	27	191.11	1	206.62	1	206.62	1	206.62
bondarenko	19	44	195.500408	18	172.39	1	186.98	1	186.98	1	186.98
bondarenko	19	45	109.217959	12	91.88	1	102.12	1	102.12	1	102.12
bondarenko	19	46	108.512653	10	66.28	1	78.39	1	78.39	1	78.39
bondarenko	19	47	124.186122	15	105.85	1	116.74	1	116.74	1	116.74
bondarenko	19	48	181.237551	21	159.29	1	172.21	1	172.21	1	172.21
bondarenko	19	49	206.654694	23	177.17	1	190.93	1	190.93	1	190.93
bondarenko	19	50	180.349388	21	158.44	2	172.67	1	172.98	1	172.98
bondarenko	19	51	106.710204	11	89.48	2	95.8	1	95.93	1	95.93
bondarenko	19	52	99.709388	7	78.27	1	89.24	1	89.24	1	89.24
bondarenko	19	53	72.85551	9	61.4	2	65.06	1	65.06	1	65.06
bondarenko	19	54	196.414694	24	178.91	1	186.55	1	186.55	1	186.55
bondarenko	19	55	127.660408	14	111.41	1	119.46	1	119.46	1	119.46
bondarenko	19	56	121.312653	12	106.88	1	112.52	1	112.52	1	112.52
bondarenko	19	57	109.400816	12	93.92	1	98.68	1	98.68	1	98.68
bondarenko	19	58	167.57551	18	154.6	1	160.9	1	160.9	1	160.9
bondarenko	19	59	145.580408	14	122.28	2	133.55	1	133.85	1	133.85
bondarenko	19	60	87.640816	9	72.13	1	78.03	1	78.03	1	78.03
bondarenko	19	61	136.071837	13	118.57	1	126.58	1	126.58	1	126.58
bondarenko	19	62	120.267755	12	99.13	1	112.18	1	112.18	1	112.18
bondarenko	19	63	97.358367	11	82.35	1	90.16	1	90.16	1	90.16
bondarenko	19	64	139.885714	14	122.74	1	131.42	1	131.42	1	131.42
bondarenko	19	65	177.580408	20	153.6	1	159.36	1	159.36	1	159.36
bondarenko	19	66	73.430204	8	59.79	1	64.4	1	64.4	1	64.4
bondarenko	19	67	345.913469	36	324.65	1	337.3	1	337.3	1	337.3
bondarenko	19	68	347.010612	37	322.23	1	338.22	1	338.22	1	338.22
bondarenko	19	69	67.761633	6	56.95	1	60.78	1	60.78	1	60.78
bondarenko	19	70	239.333878	24	216.26	1	224.23	1	224.23	1	224.23
bondarenko	19	71	181.76	20	159.56	1	166.61	1	166.61	1	166.61
bondarenko	19	72	218.017959	28	192.52	1	200.89	1	200.89	1	200.89
bondarenko	19	73	208.822857	23	184.89	1	193.2	1	193.2	1	193.2
bondarenko	19	74	104.306939	11	86.2	1	92.92	1	92.92	1	92.92
bondarenko	19	75	110.08	13	85.27	1	96.8	1	96.8	1	96.8
bondarenko	19	76	179.017143	21	153.31	1	167.4	1	167.4	1	167.4
bondarenko	19	77	554.840816	72	503.84	1	531.17	1	531.17	1	531.17
bondarenko	19	78	144.065306	13	125.74	1	130.28	1	130.28	1	130.28
bondarenko	19	79	168.620408	20	148.08	1	161.69	1	161.69	1	161.69
bondarenko	19	80	163.395918	17	131.7	1	147.58	1	147.58	1	147.58
bondarenko	19	81	79.46449	8	53.64	1	63.91	1	63.91	1	63.91
bondarenko	19	82	144.091429	19	123.34	1	135.53	1	135.53	1	135.53
bondarenko	19	83	128.444082	13	110.41	1	117.54	1	117.54	1	117.54
bondarenko	19	84	134.687347	14	95.79	1	120.14	1	120.14	1	120.14
bondarenko	19	85	180.009796	17	156.01	1	168.78	1	168.78	1	168.78
bondarenko	19	86	60.760816	7	49.45	1	52.24	1	52.24	1	52.24
bondarenko	19	87	172.982857	19	146.53	1	160.51	1	160.51	1	160.51
bondarenko	19	88	394.266122	53	364.12	1	383.09	1	383.09	1	383.09
bondarenko	19	89	179.617959	17	147.9	1	168.59	1	168.59	1	168.59
bondarenko	19	90	143.804082	16	129.57	1	135.9	1	135.9	1	135.9
bondarenko	19	91	131.160816	16	106.59	1	116.07	1	116.07	1	116.07
bondarenko	19	92	59.480816	5	47.89	1	49.04	1	49.04	1	49.04
bondarenko	19	93	183.719184	23	159.78	1	166.76	1	166.76	1	166.76
bondarenko	19	94	101.773061	11	90.23	1	93.4	1	93.4	1	93.4
bondarenko	19	95	133.668571	13	117.41	1	122.72	1	122.72	1	122.72
bondarenko	19	96	112.64	12	96.67	1	100.54	1	100.54	1	100.54
bondarenko	19	97	92.238367	9	80.39	1	82.3	1	82.3	1	82.3
bondarenko	19	98	98.612245	9	86.55	1	88.96	1	88.96	1	88.96
bondarenko	19	99	55.719184	5	43.51	1	44.22	1	44.22	1	44.22
bondarenko	19	100	96.783673	8	80.0	1	83.3	1	83.3	1	83.3
bondarenko	19	101	252.577959	29	213.49	1	234.11	1	234.11	1	234.11
bondarenko	19	102	184.137143	22	162.05	1	168.55	1	168.55	1	168.55
bondarenko	19	103	289.541224	35	265.54	1	276.07	1	276.07	1	276.07
bondarenko	19	104	322.977959	45	298.66	1	310.22	1	310.22	1	310.22
bondarenko	19	105	360.071837	48	333.82	1	344.57	1	344.57	1	344.57
bondarenko	19	106	305.684898	43	286.91	1	295.57	1	295.57	1	295.57
bondarenko	19	107	116.166531	14	103.38	1	108.07	1	108.07	1	108.07
bondarenko	19	108	241.998367	31	230.17	1	234.92	1	234.92	1	234.92
bondarenko	19	109	78.001633	7	61.39	1	63.26	1	63.26	1	63.26
bondarenko	19	110	94.484898	10	77.54	1	80.07	1	80.07	1	80.07
bondarenko	19	111	90.226939	10	74.74	1	77.45	1	77.45	1	77.45
bondarenko	19	112	67.94449	9	55.18	1	57.13	1	57.13	1	57.13
bondarenko	19	113	204.173061	26	170.8	1	187.53	1	187.53	1	187.53
bondarenko	19	114	78.994286	8	65.23	1	68.43	1	68.43	1	68.43
bondarenko	19	115	75.964082	10	58.61	1	62.3	1	62.3	1	62.3
bondarenko	19	116	29.518367	2	17.52	1	18.45	1	18.45	1	18.45
bondarenko	19	117	212.427755	29	195.13	1	202.36	1	202.36	1	202.36
bondarenko	19	118	1159.836735	176	1088.67	3	1146.51	1	1146.94	1	1146.94
bondarenko	19	119	51.252245	7	40.95	1	43.79	1	43.79	1	43.79
bondarenko	19	120	65.123265	8	47.91	1	51.18	1	51.18	1	51.18
bondarenko	19	121	79.020408	9	64.5	1	69.52	1	69.52	1	69.52
bondarenko	19	122	46.471837	4	39.75	1	40.16	1	40.16	1	40.16
bondarenko	19	123	68.623673	8	46.74	1	52.27	1	52.27	1	52.27
bondarenko	19	124	58.488163	5	43.72	1	45.32	1	45.32	1	45.32
bondarenko	19	125	58.540408	6	42.64	1	44.41	1	44.41	1	44.41
bondarenko	19	126	66.638367	5	56.05	1	57.98	1	57.98	1	57.98
bondarenko	19	127	57.49551	6	43.26	1	45.52	1	45.52	1	45.52
bondarenko	19	128	66.45551	8	53.23	1	54.8	1	54.8	1	54.8
bondarenko	19	129	76.120816	8	63.6	1	65.87	1	65.87	1	65.87
bondarenko	19	130	44.747755	3	36.03	1	37.09	1	37.09	1	37.09
bondarenko	19	131	145.893878	18	127.92	1	133.17	1	133.17	1	133.17
bondarenko	19	132	43.102041	3	35.66	1	36.32	1	36.32	1	36.32
bondarenko	19	133	38.765714	3	23.29	1	23.68	1	23.68	1	23.68
bondarenko	19	134	174.419592	21	154.21	1	158.12	1	158.12	1	158.12
bondarenko	19	135	164.806531	26	150.58	1	153.11	1	153.11	1	153.11
bondarenko	19	136	95.79102	9	76.74	1	81.15	1	81.15	1	81.15
bondarenko	19	137	90.488163	8	77.22	1	79.3	1	79.3	1	79.3
bondarenko	19	138	199.000816	24	181.76	1	188.7	1	188.7	1	188.7
bondarenko	19	139	111.856327	14	95.34	1	100.33	1	100.33	1	100.33
bondarenko	19	140	107.755102	10	92.33	1	95.28	1	95.28	1	95.28
bondarenko	19	141	90.462041	7	79.92	1	82.01	1	82.01	1	82.01
bondarenko	19	142	127.712653	12	110.53	1	113.38	1	113.38	1	113.38
bondarenko	19	143	158.171429	15	138.73	1	142.44	1	142.44	1	142.44
bondarenko	19	144	186.148571	21	164.65	1	169.76	1	169.76	1	169.76
bondarenko	19	145	88.372245	10	78.43	1	80.27	1	80.27	1	80.27
bondarenko	19	146	92.107755	11	77.33	1	80.95	1	80.95	1	80.95
bondarenko	19	147	78.158367	9	61.25	1	63.12	1	63.12	1	63.12
bondarenko	19	148	108.042449	14	94.37	1	96.1	1	96.1	1	96.1
bondarenko	19	149	84.68898	9	64.85	1	67.71	1	67.71	1	67.71
bondarenko	19	150	58.096327	6	41.18	1	42.11	1	42.11	1	42.11
bondarenko	20	1	294.478367	33	260.9	3	271.06	4	270.67	1	272.12
bondarenko	20	2	178.573061	22	159.35	1	166.48	2	166.23	1	166.48
bondarenko	20	3	306.233469	35	274.61	2	292.39	4	291.91	1	292.94
bondarenko	20	4	242.860408	27	222.12	3	232.27	3	232.27	1	232.87
bondarenko	20	5	206.576327	23	177.94	2	187.43	2	187.43	1	187.85
bondarenko	20	6	290.377143	35	262.22	4	276.21	4	276.21	1	278.56
bondarenko	20	7	213.942857	27	191.87	1	203.73	3	202.19	1	203.73
bondarenko	20	8	295.183673	36	273.38	3	286.78	5	285.99	1	287.44
bondarenko	20	9	139.232653	18	124.12	2	129.7	2	129.7	1	130.08
bondarenko	20	10	265.822041	32	241.62	2	257.6	1	258.27	1	258.27
bondarenko	20	11	275.617959	31	247.78	1	263.92	1	263.92	1	263.92
bondarenko	20	12	263.314286	28	215.45	1	234.06	1	234.06	1	234.06
bondarenko	20	13	227.239184	26	195.96	1	212.82	1	212.82	1	212.82
bondarenko	20	14	293.929796	35	253.23	1	282.73	1	282.73	1	282.73
bondarenko	20	15	271.699592	33	235.47	1	257.32	1	257.32	1	257.32
bondarenko	20	16	290.45551	33	248.09	1	272.74	1	272.74	1	272.74
bondarenko	20	17	244.192653	28	204.34	1	225.66	1	225.66	1	225.66
bondarenko	20	18	205.609796	25	168.77	1	187.99	1	187.99	1	187.99
bondarenko	20	19	266.814694	29	234.03	1	253.64	1	253.64	1	253.64
bondarenko	20	20	261.198367	30	231.3	1	257.07	1	257.07	1	257.07
bondarenko	20	21	266.44898	31	231.25	1	253.45	1	253.45	1	253.45
bondarenko	20	22	241.162449	29	206.5	3	224.7	7	221.61	1	226.61
bondarenko	20	23	291.552653	35	257.76	3	273.92	15	266.76	1	274.84
bondarenko	20	24	302.550204	34	254.95	1	275.18	13	266.56	1	275.18
bondarenko	20	25	250.88	28	222.45	1	239.37	7	235.67	1	239.37
bondarenko	20	26	237.087347	28	205.5	1	222.17	3	220.73	1	222.17
bondarenko	20	27	242.181224	27	210.37	2	228.67	4	227.57	1	229.48
bondarenko	20	28	290.716735	28	246.85	2	266.84	3	266.32	1	267.64
bondarenko	20	29	256.835918	27	217.88	2	236.7	2	236.82	1	237.45
bondarenko	20	30	305.867755	33	278.73	3	294.59	12	288.42	1	296.44
bondarenko	20	31	303.490612	31	231.51	2	244.55	2	244.55	1	245.42
bondarenko	21	1	213.263673	18	188.85	3	196.74	2	197.66	1	198.21
bondarenko	21	2	379.324082	26	356.94	4	366.06	4	366.27	1	367.96
bondarenko	21	3	253.022041	22	233.12	5	241.12	4	241.83	1	243.57
bondarenko	21	4	210.207347	17	192.61	6	199.14	4	200.42	1	202.36
bondarenko	21	5	260.545306	19	243.9	4	251.75	3	252.33	1	253.54
bondarenko	21	6	158.82449	12	140.24	1	146.2	3	145.51	1	146.2
bondarenko	21	7	311.092245	29	283.14	5	296.55	3	297.88	1	299.16
bondarenko	21	8	235.493878	17	217.15	4	224.59	4	226.23	1	228.19
bondarenko	21	9	285.33551	18	266.88	3	275.19	5	274.29	1	276.71
bondarenko	21	10	215.013878	20	195.8	2	204.47	2	204.36	1	204.95
bondarenko	21	11	136.333061	10	122.73	1	127.6	2	126.86	1	127.6
bondarenko	21	12	197.407347	14	176.01	3	180.39	4	179.99	1	181.09
bondarenko	24	1	224.052245	19	208.63	4	214.26	2	215.43	1	216.11
bondarenko	24	2	471.980408	37	449.29	2	465.22	6	463.05	1	465.6
bondarenko	24	3	356.937143	25	340.58	2	350.78	4	349.67	1	351.37
bondarenko	24	4	388.728163	31	373.92	2	383.0	5	381.96	1	383.37
bondarenko	24	5	377.051429	31	359.17	3	369.03	4	368.07	1	369.63
bondarenko	24	6	352.078367	30	336.85	3	346.42	4	346.15	1	347.35
bondarenko	24	7	415.320816	34	394.53	2	408.93	3	408.57	1	409.44
bondarenko	24	8	282.096327	22	267.18	1	274.19	5	272.67	1	274.19
bondarenko	24	9	336.901224	26	321.34	3	328.87	6	327.65	1	329.5
bondarenko	24	10	294.791837	25	277.15	1	286.61	3	285.7	1	286.61
bondarenko	24	11	317.675102	23	298.54	2	307.98	3	307.47	1	308.62
bondarenko	24	12	238.471837	17	223.07	1	229.49	3	228.72	1	229.49
bondarenko	24	13	318.850612	27	302.36	2	312.63	3	312.68	1	313.17
bondarenko	24	14	307.069388	22	288.46	2	295.29	3	295.35	1	295.65
bondarenko	24	15	298.187755	21	284.03	2	290.9	3	290.62	1	291.44
bondarenko	24	16	280.555102	21	268.31	1	274.81	3	274.27	1	274.81
bondarenko	24	17	367.25551	27	344.65	3	356.07	6	354.86	1	356.73
bondarenko	24	18	279.379592	23	263.49	1	273.93	3	273.08	1	273.93
bondarenko	24	19	226.194286	15	213.87	2	218.71	1	219.13	1	219.13
bondarenko	24	20	263.732245	18	248.37	1	257.78	3	255.12	1	257.78
bondarenko	24	21	198.19102	14	185.62	3	189.78	3	189.97	1	190.62
bondarenko	24	22	381.387755	30	360.98	1	372.85	5	370.61	1	372.85
bondarenko	24	23	518.008163	40	493.99	3	506.02	3	506.02	1	507.02
bondarenko	24	24	151.484082	10	140.78	2	144.88	1	145.19	1	145.19
bondarenko	24	25	456.411429	38	435.86	2	447.1	3	446.83	1	447.39
bondarenko	24	26	319.425306	24	299.84	2	309.87	5	308.35	1	310.18
bondarenko	24	27	301.453061	22	284.62	1	292.3	2	291.81	1	292.3
bondarenko	24	28	222.197551	17	205.57	2	214.23	5	212.44	1	214.86
bondarenko	24	29	417.227755	32	394.53	3	404.7	2	405.49	1	405.77
bondarenko	24	30	297.665306	24	279.4	1	291.07	3	289.99	1	291.07
bondarenko	24	31	555.023673	40	527.71	4	546.27	8	543.67	1	548.27
bondarenko	24	32	573.23102	44	550.41	2	567.3	6	565.39	1	567.69
bondarenko	24	33	357.877551	26	336.99	3	347.48	4	347.17	1	348.53
bondarenko	24	34	337.240816	22	317.4	2	327.97	3	327.11	1	328.62
bondarenko	24	35	278.439184	19	264.56	2	272.06	3	271.62	1	272.9
bondarenko	24	36	444.734694	32	418.79	3	436.73	4	436.57	1	438.88
bondarenko	24	37	257.880816	21	239.49	2	250.39	2	250.39	1	250.99
bondarenko	24	38	390.556735	28	366.83	2	381.93	4	380.6	1	382.45
bondarenko	24	39	232.568163	18	215.92	2	223.8	4	223.16	1	224.02
bondarenko	24	40	274.442449	16	259.3	1	267.51	3	266.71	1	267.51
bondarenko	24	41	257.018776	18	236.96	1	244.65	2	244.29	1	244.65
bondarenko	24	42	306.782041	22	285.67	2	293.31	2	293.31	1	294.0
bondarenko	24	43	191.634286	13	166.28	2	168.84	2	168.84	1	169.38
bondarenko	24	44	519.941224	30	490.19	2	501.69	3	501.34	1	502.23
bondarenko	24	45	72.620408	5	59.82	1	61.9	1	61.9	1	61.9
bondarenko	24	46	363.755102	28	343.42	2	352.02	4	351.37	1	352.75
bondarenko	24	47	102.452245	7	90.6	1	93.5	1	93.5	1	93.5
bondarenko	24	48	535.823673	47	506.37	1	525.55	3	524.6	1	525.55
bondarenko	24	49	525.97551	39	501.42	5	512.94	5	512.94	1	514.43
bondarenko	24	50	618.44898	46	599.46	2	609.11	5	608.53	1	609.29
bondarenko	24	51	757.681633	64	739.57	2	753.97	4	753.67	1	754.19
bondarenko	24	52	463.412245	34	411.33	3	425.94	5	424.96	1	426.93
bondarenko	25	1	392.75102	22	374.38	1	384.04	4	382.72	1	384.04
bondarenko	25	2	397.818776	22	382.92	1	392.16	3	391.3	1	392.16
bondarenko	25	3	438.569796	66	405.12	1	431.0	4	429.66	1	431.0
bondarenko	25	4	276.819592	22	262.9	1	270.6	4	269.28	1	270.6
bondarenko	25	5	166.635102	22	148.83	1	154.83	2	153.92	1	154.83
bondarenko	26	1	368.195918	28	341.54	2	355.8	5	353.94	1	356.32
bondarenko	26	2	151.066122	10	137.12	1	141.53	2	141.15	1	141.53
bondarenko	26	3	354.220408	27	334.0	3	344.36	5	343.76	1	345.4
bondarenko	26	4	236.69551	17	219.53	1	226.06	3	224.85	1	226.06
bondarenko	26	5	258.899592	17	243.22	2	247.65	3	247.35	1	248.11
bondarenko	26	6	202.318367	14	189.27	1	192.47	3	191.96	1	192.47
bondarenko	26	7	294.008163	27	278.54	1	284.03	3	283.69	1	284.03
bondarenko	26	8	281.6	18	264.39	1	270.78	5	269.41	1	270.78
bondarenko	26	9	177.031837	11	165.21	1	168.06	1	168.06	1	168.06
bondarenko	26	10	277.603265	22	257.05	1	265.62	2	265.2	1	265.62
bondarenko	26	11	286.406531	25	268.64	3	274.18	5	273.05	1	274.62
bondarenko	26	12	341.995102	28	324.69	1	335.52	3	334.35	1	335.52
bondarenko	26	13	306.076735	23	291.91	1	297.73	3	297.33	1	297.73
bondarenko	26	14	318.249796	23	301.7	1	308.37	2	308.13	1	308.37
bondarenko	26	15	98.403265	8	86.9	1	90.02	1	90.02	1	90.02
bondarenko	26	16	831.373061	63	798.31	1	819.01	5	817.42	1	819.01
bondarenko	26	17	323.552653	24	302.57	1	312.21	3	311.29	1	312.21
bondarenko	26	18	381.466122	32	357.48	1	364.43	3	363.86	1	364.43
bondarenko	26	19	151.457959	14	139.12	1	142.74	2	142.74	1	142.74
bondarenko	26	20	629.368163	49	607.77	2	617.53	4	616.71	1	617.91
bondarenko	26	21	384.182857	32	364.64	2	373.36	4	372.55	1	373.88
bondarenko	26	22	334.053878	31	318.95	1	326.7	3	325.99	1	326.7
bondarenko	26	23	563.565714	49	534.83	1	547.9	6	546.41	1	547.9
bondarenko	26	24	319.294694	27	299.42	2	308.08	2	308.08	1	308.63
bondarenko	26	25	206.132245	17	193.46	1	198.25	4	197.51	1	198.25
bondarenko	26	26	333.818776	21	254.4	1	259.84	2	259.4	1	259.84
bondarenko	26	27	386.66449	36	364.84	1	374.27	3	373.74	1	374.27
bondarenko	26	28	332.408163	26	306.56	2	313.17	4	312.58	1	313.17
bondarenko	26	29	277.577143	21	259.62	2	265.24	3	264.88	1	265.61
bondarenko	26	30	288.0	26	266.58	2	275.32	3	274.96	1	275.89
bondarenko	26	31	277.524898	18	260.48	1	265.23	3	264.36	1	265.23
bondarenko	26	32	402.599184	32	378.98	2	390.67	3	390.4	1	391.22
bondarenko	26	33	446.667755	33	420.98	2	433.34	5	431.91	1	433.93
bondarenko	26	34	389.929796	31	374.27	1	383.62	4	382.74	1	383.62
bondarenko	26	35	161.906939	15	151.23	1	153.99	1	153.99	1	153.99
bondarenko	26	36	473.991837	38	447.94	2	459.12	3	458.88	1	459.44
bondarenko	26	37	376.21551	28	356.53	2	364.52	2	364.52	1	365.05
bondarenko	26	38	324.179592	23	302.11	1	308.43	2	307.91	1	308.43
bondarenko	26	39	354.377143	29	340.52	1	346.27	4	345.49	1	346.27
bondarenko	26	40	572.107755	49	543.32	1	561.26	4	559.74	1	561.26
bondarenko	26	41	301.061224	26	283.42	1	291.21	5	290.12	1	291.21
bondarenko	26	42	233.508571	20	217.39	1	223.71	2	223.46	1	223.71
bondarenko	26	43	403.591837	27	381.43	2	391.86	4	391.31	1	392.56
bondarenko	26	44	452.101224	31	425.32	1	437.23	4	436.01	1	437.23
bondarenko	26	45	358.321633	25	332.7	1	343.15	5	341.45	1	343.15
bondarenko	26	46	335.595102	24	316.42	1	325.04	4	324.09	1	325.04
bondarenko	26	47	319.817143	23	295.92	2	302.54	2	302.54	1	303.05
bondarenko	26	48	424.333061	35	401.25	1	414.13	4	413.33	1	414.13
bondarenko	27	1	281.782857	21	250.77	1	263.67	5	260.78	1	263.67
bondarenko	27	2	660.140408	49	624.92	3	650.77	9	646.32	1	652.12
bondarenko	27	3	518.739592	32	493.52	3	512.57	7	510.12	1	513.89
bondarenko	27	4	567.640816	34	535.54	3	553.42	5	552.25	1	555.33
bondarenko	27	5	464.143673	31	429.87	3	451.49	7	444.44	1	453.06
bondarenko	27	6	428.512653	28	394.73	2	409.75	5	407.82	1	410.18
bondarenko	27	7	436.662857	28	406.72	1	422.04	4	420.35	1	422.04
bondarenko	27	8	383.634286	27	355.05	2	367.88	4	366.2	1	368.22
bondarenko	27	9	478.537143	27	450.58	1	464.09	4	461.65	1	464.09
bondarenko	27	10	334.497959	21	301.21	1	314.64	2	314.04	1	314.64
bondarenko	27	11	660.088163	45	615.7	1	642.6	4	640.44	1	642.6
bondarenko	27	12	211.435102	13	183.45	1	192.98	4	190.08	1	192.98
bondarenko	28	1	141.087347	11	127.53	2	132.36	2	131.27	1	133.04
bondarenko	28	2	272.352653	23	250.31	1	257.38	2	256.81	1	257.38
bondarenko	28	3	77.453061	5	57.43	1	63.77	2	63.66	1	63.77
bondarenko	28	4	199.653878	19	187.06	1	190.56	2	190.33	1	190.56
bondarenko	28	5	152.11102	15	134.46	1	137.63	2	137.23	1	137.63
bondarenko	28	6	112.74449	11	93.27	1	95.16	2	94.88	1	95.16
bondarenko	28	7	175.124898	16	152.83	1	158.31	2	158.07	1	158.31
bondarenko	28	8	150.569796	14	131.13	1	134.1	1	134.1	1	134.1
bondarenko	28	9	208.770612	17	185.34	1	188.95	2	188.55	1	188.95
bondarenko	28	10	182.151837	15	165.47	1	167.69	2	167.63	1	167.69
bondarenko	28	11	153.573878	12	131.4	1	136.69	2	135.43	1	136.69
bondarenko	28	12	158.772245	14	129.95	1	140.58	1	140.58	1	140.58
bondarenko	28	13	169.560816	15	147.87	1	149.83	2	149.72	1	149.83
bondarenko	28	14	140.146939	10	118.65	1	122.48	1	122.48	1	122.48
bondarenko	29	1	228.075102	20	203.76	1	215.12	4	211.93	1	215.12
bondarenko	29	2	400.326531	32	362.31	2	378.48	4	370.84	1	378.87
bondarenko	29	3	254.223673	21	222.81	2	224.86	4	224.55	1	225.12
bondarenko	30	1	195.604898	15	175.03	2	181.53	7	178.48	1	182.08
bondarenko	30	2	200.411429	16	177.99	1	183.22	3	182.37	1	183.22
bondarenko	30	3	186.906122	15	172.45	1	177.57	2	176.76	1	177.57
bondarenko	30	4	212.741224	13	196.06	1	198.9	2	198.56	1	198.9
bondarenko	30	5	310.961633	27	288.97	1	295.16	2	294.99	1	295.16
bondarenko	30	6	161.07102	14	152.26	1	154.18	2	154.11	1	154.18
bondarenko	30	7	234.788571	17	200.14	4	205.02	4	205.02	1	205.93
bondarenko	30	8	181.054694	14	159.92	2	162.45	2	162.45	1	163.11
bondarenko	30	9	250.148571	15	215.26	1	221.77	2	221.6	1	221.77
bondarenko	31	1	262.086531	21	242.9	1	250.04	3	249.5	1	250.04
bondarenko	32	1	199.105306	16	165.12	1	173.51	2	172.62	1	173.51
bondarenko	32	2	117.96898	11	95.3	1	100.78	2	100.28	1	100.78
bondarenko	32	3	117.446531	10	91.56	1	100.09	2	99.07	1	100.09
bondarenko	32	4	141.792653	11	120.43	1	125.66	3	124.46	1	125.66
bondarenko	33	1	210.259592	16	182.56	2	186.71	3	186.52	1	191.32
bondarenko	33	2	189.074286	13	167.8	1	179.1	4	171.79	1	179.1
bondarenko	33	3	148.062041	12	135.29	1	137.64	3	137.35	1	137.64
bondarenko	33	4	206.106122	13	183.65	1	186.89	3	186.44	1	186.89
bondarenko	33	5	187.036735	15	165.99	2	168.04	3	168.12	1	168.4
bondarenko	33	6	188.943673	16	178.12	2	182.11	2	182.1	1	182.34
bondarenko	33	7	263.941224	20	235.61	1	240.76	2	240.57	1	240.76
bondarenko	34	1	188.316735	15	164.18	3	169.69	3	171.83	1	172.87
bondarenko	34	2	163.552653	13	144.21	1	146.17	4	145.64	1	146.17
bondarenko	34	3	243.774694	19	218.16	1	222.79	5	221.68	1	222.79
bondarenko	35	1	194.795102	17	172.68	2	178.47	3	181.46	1	182.49
bondarenko	35	2	233.456327	20	214.61	2	222.02	6	219.81	1	222.66
bondarenko	35	3	206.027755	19	193.43	1	200.91	4	200.38	1	200.91
bondarenko	36	1	246.125714	18	210.79	3	213.8	4	213.55	1	222.55
bondarenko	36	2	227.317551	15	197.57	1	200.18	4	199.5	1	200.18
bondarenko	36	3	264.124082	20	245.68	2	249.96	3	249.89	1	250.25
bondarenko	37	1	217.835102	15	169.19	3	179.7	2	181.04	1	186.75
bondarenko	37	2	300.852245	23	279.91	3	287.8	4	287.11	1	288.29
bondarenko	38	1	280.973061	21	250.59	2	259.24	4	258.22	1	259.89
bondarenko	38	2	133.955918	13	121.73	1	125.47	2	125.35	1	125.47
bondarenko	38	3	146.076735	10	128.74	1	132.64	1	132.64	1	132.64
bondarenko	38	4	163.761633	14	139.4	1	145.32	2	144.88	1	145.32
bondarenko	38	5	138.057143	11	124.49	1	129.01	2	128.65	1	129.01
bondarenko	38	6	178.12898	15	159.36	1	164.44	2	164.18	1	164.44
bondarenko	38	7	165.067755	14	146.0	1	152.27	2	152.27	1	152.27
bondarenko	38	8	286.354286	23	269.69	3	276.17	2	276.92	1	277.23
bondarenko	38	9	233.534694	17	210.67	2	216.2	3	216.04	1	216.69
bondarenko	38	10	184.137143	12	153.54	1	156.35	3	155.93	1	156.35
bondarenko	38	11	246.125714	17	221.37	1	227.17	3	226.35	1	227.17
bondarenko	38	12	206.106122	14	188.34	1	192.03	2	191.9	1	192.03
bondarenko	38	13	150.151837	9	133.18	1	135.39	2	134.98	1	135.39
bondarenko	38	14	318.876735	21	280.26	1	286.4	4	285.72	1	286.4
bondarenko	39	1	228.101224	14	201.94	2	207.94	2	208.06	1	208.71
bondarenko	39	2	259.082449	17	240.3	1	247.47	2	247.02	1	247.47
bondarenko	39	3	261.485714	18	240.65	1	247.44	3	246.12	1	247.44
bondarenko	39	4	90.096327	6	79.19	1	80.51	2	80.16	1	80.51
bondarenko	40	1	248.920816	25	214.8	3	229.04	2	231.91	1	236.21
bondarenko	40	2	287.033469	23	253.48	4	274.74	4	274.74	1	280.0
bondarenko	40	3	203.154286	17	180.6	2	193.53	2	193.53	1	195.38
bondarenko	40	4	245.263673	25	211.05	4	228.78	4	228.78	1	236.2
bondarenko	40	5	497.998367	48	427.56	20	456.01	9	471.06	1	491.45
bondarenko	40	6	397.923265	34	355.26	8	382.1	8	380.45	1	392.88
bondarenko	40	7	321.959184	29	278.05	8	301.87	9	300.25	1	316.32
bondarenko	40	8	352.940408	34	306.69	7	336.5	6	338.76	1	346.69
bondarenko	40	9	399.725714	38	352.81	9	382.83	7	385.55	1	394.19
bondarenko	40	10	464.509388	42	402.13	1	455.2	7	443.61	1	455.2
bondarenko	40	11	341.080816	30	301.05	4	328.52	5	327.52	1	333.78
bondarenko	40	12	512.783673	50	446.83	6	498.62	10	485.62	1	507.0
bondarenko	40	13	619.337143	58	553.93	10	602.28	10	602.16	1	614.71
bondarenko	40	14	290.298776	36	253.33	4	281.81	4	281.81	1	285.94
bondarenko	40	15	378.827755	39	340.91	5	369.47	4	371.4	1	374.58
bondarenko	40	16	316.16	28	280.91	4	304.99	4	305.63	1	310.86
bondarenko	40	17	311.14449	27	275.63	4	296.97	4	296.97	1	306.29
bondarenko	40	18	403.670204	35	356.96	5	391.94	5	392.56	1	400.15
bondarenko	40	19	356.022857	30	320.04	5	345.14	4	346.38	1	350.86
bondarenko	40	20	355.604898	34	313.71	4	348.0	4	348.0	1	350.55
bondarenko	40	21	511.503673	46	459.5	6	497.22	6	497.22	1	505.24
bondarenko	40	22	416.313469	46	349.88	5	398.63	5	398.63	1	405.91
bondarenko	40	23	434.834286	39	386.87	2	426.17	4	421.55	1	429.06
bondarenko	40	24	493.531429	51	424.84	2	486.76	2	485.68	1	487.24
bondarenko	40	25	481.306122	46	424.8	3	470.91	3	470.91	1	475.46
bondarenko	40	26	830.119184	75	713.2	11	798.11	10	800.39	1	818.76
bondarenko	40	27	689.449796	66	593.94	8	666.32	6	671.5	1	682.09
bondarenko	40	28	241.293061	20	210.03	5	225.36	4	227.51	1	231.86
bondarenko	41	1	440.398367	45	382.69	10	415.04	5	423.51	1	429.37
bondarenko	41	2	311.196735	28	278.13	4	302.15	4	302.15	1	306.64
bondarenko	41	3	306.207347	35	264.48	5	292.69	4	295.14	1	300.81
bondarenko	41	4	405.368163	41	360.09	5	392.64	4	394.06	1	398.73
bondarenko	41	5	397.583673	43	354.55	4	389.1	2	391.24	1	393.08
bondarenko	41	6	580.284082	56	507.43	5	563.55	6	561.14	1	573.44
bondarenko	41	7	367.15102	37	329.46	3	357.81	3	357.81	1	361.0
bondarenko	41	8	382.902857	38	337.71	4	375.35	6	366.93	1	378.13
bondarenko	41	9	539.428571	50	485.7	4	530.73	6	527.56	1	534.56
bondarenko	41	10	599.902041	52	532.94	6	586.75	6	580.4	1	595.5
bondarenko	41	11	343.562449	33	302.175	5	331.01	3	335.24	1	339.15
bondarenko	41	12	517.799184	44	463.81	6	503.71	6	503.71	1	514.01
bondarenko	41	13	363.702857	37	322.23	1	358.93	3	356.66	1	358.93
bondarenko	41	14	803.996735	72	706.4	10	774.81	6	783.57	1	799.17
bondarenko	41	15	441.103673	47	387.61	5	427.84	4	430.58	1	436.52
bondarenko	41	16	215.066122	20	180.34	5	193.38	3	196.34	1	209.94
bondarenko	42	1	787.121633	80	668.62	6	769.09	5	771.44	1	779.73
bondarenko	42	2	526.445714	52	454.46	7	511.45	3	519.59	1	523.51
bondarenko	42	3	390.4	38	351.95	4	378.75	3	381.25	1	385.11
bondarenko	42	4	474.958367	44	429.11	6	463.72	3	467.74	1	471.49
bondarenko	42	5	431.072653	39	393.07	4	425.2	4	424.75	1	428.16
bondarenko	42	6	626.546939	49	568.21	10	610.46	3	619.13	1	623.77
bondarenko	42	7	571.480816	50	522.22	5	564.9	3	566.7	1	569.17
bondarenko	42	8	700.316735	56	628.59	6	687.12	6	687.89	1	696.07
bondarenko	42	9	740.989388	62	671.32	11	719.55	7	725.15	1	733.86
bondarenko	42	10	491.911837	42	445.19	4	485.79	4	486.39	1	488.78
bondarenko	42	11	639.137959	54	581.03	7	627.56	5	629.54	1	635.22
bondarenko	42	12	618.266122	59	557.27	3	610.83	5	608.43	1	613.06
bondarenko	42	13	397.557551	35	358.13	6	386.1	6	384.63	1	391.97
bondarenko	42	14	371.278367	35	332.13	3	363.88	4	363.05	1	366.91
bondarenko	42	15	333.139592	32	295.26	2	329.03	3	327.51	1	329.7
bondarenko	42	16	337.789388	31	306.1	3	332.18	3	331.53	1	334.49
bondarenko	42	17	360.881633	37	324.31	4	353.64	3	354.17	1	356.93
bondarenko	42	18	429.635918	43	389.6	7	420.08	5	421.22	1	425.59
bondarenko	42	19	469.55102	48	422.83	3	463.86	5	460.98	1	465.82
bondarenko	42	20	463.438367	47	415.37	3	456.31	5	454.19	1	458.95
bondarenko	42	21	349.675102	38	307.78	3	342.15	4	341.43	1	344.98
bondarenko	42	22	696.032653	71	613.76	8	678.0	8	678.88	1	690.93
bondarenko	42	23	595.121633	56	525.84	5	583.95	5	583.11	1	591.46
bondarenko	42	24	515.787755	53	439.43	4	501.27	4	501.27	1	505.07
bondarenko	43	1	564.244898	51	497.93	8	539.99	4	546.52	1	551.71
bondarenko	43	2	277.681633	25	239.86	1	273.68	4	269.65	1	273.68
bondarenko	43	3	389.642449	36	345.64	2	385.23	2	385.23	1	386.28
bondarenko	43	4	548.04898	54	492.18	3	542.28	5	539.46	1	544.46
bondarenko	43	5	487.209796	47	433.92	2	481.09	2	480.48	1	482.01
bondarenko	43	6	746.396735	71	667.72	3	737.78	5	734.35	1	740.55
bondarenko	43	7	534.543673	53	461.99	4	521.18	4	522.34	1	525.82
bondarenko	43	8	673.253878	59	609.15	2	667.71	5	663.73	1	668.03
bondarenko	43	9	430.785306	41	386.19	2	423.08	3	422.49	1	424.64
bondarenko	43	10	393.534694	42	347.72	2	382.89	3	385.4	1	386.51
bondarenko	43	11	589.191837	57	529.9	3	580.9	3	580.43	1	583.08
bondarenko	43	12	586.919184	50	515.57	4	567.56	6	569.57	1	575.95
bondarenko	43	13	424.176327	38	376.37	2	416.99	3	415.93	1	419.26
bondarenko	43	14	346.749388	31	304.3	1	341.72	2	340.56	1	341.72
bondarenko	43	15	305.136327	27	262.34	1	299.01	3	293.64	1	299.01
bondarenko	43	16	378.357551	33	317.8	1	359.79	4	356.55	1	359.79
bondarenko	43	17	308.662857	26	265.46	1	286.1	2	284.94	1	286.1
bondarenko	43	18	518.19102	40	467.78	7	502.24	6	503.35	1	513.89
bondarenko	43	19	599.04	42	537.15	6	576.01	6	576.26	1	590.2
bondarenko	43	20	405.289796	31	368.64	5	390.45	4	392.25	1	399.35
bondarenko	43	21	389.093878	25	354.61	2	381.05	4	376.76	1	383.71
bondarenko	44	1	328.463673	26	293.95	4	313.23	4	314.0	1	319.26
bondarenko	44	2	503.04	47	455.57	4	494.85	3	496.83	1	499.23
bondarenko	44	3	308.27102	26	276.72	2	303.56	2	303.47	1	305.62
bondarenko	44	4	387.500408	37	353.8	5	375.61	5	375.61	1	383.2
bondarenko	44	5	459.833469	42	419.0	4	452.79	5	451.91	1	457.69
bondarenko	44	6	166.791837	15	149.61	3	159.02	2	160.53	1	162.71
bondarenko	44	7	690.233469	60	630.21	2	685.43	2	685.43	1	686.53
bondarenko	44	8	420.231837	40	376.44	6	408.91	4	411.39	1	416.71
bondarenko	44	9	510.955102	43	456.66	8	493.39	5	499.96	1	506.52
bondarenko	44	10	537.965714	48	483.48	5	527.86	6	525.03	1	534.3
bondarenko	44	11	299.62449	30	267.66	3	292.06	3	292.06	1	295.7
bondarenko	44	12	297.142857	25	265.41	5	286.21	5	286.05	1	292.69
bondarenko	44	13	556.355918	52	511.51	6	544.0	6	544.91	1	552.63
bondarenko	44	14	316.943673	28	291.09	4	308.02	4	308.16	1	313.11
bondarenko	44	15	452.284082	41	410.18	5	442.38	5	442.38	1	448.07
bondarenko	44	16	455.157551	40	410.33	6	441.96	6	441.96	1	451.39
bondarenko	44	17	392.515918	34	358.48	4	383.69	5	382.22	1	388.56
bondarenko	44	18	317.675102	28	288.2	5	308.45	4	310.05	1	313.51
bondarenko	44	19	467.043265	40	429.25	5	457.83	4	459.39	1	462.98
bondarenko	44	20	406.595918	38	362.49	4	396.89	4	396.89	1	402.56
bondarenko	44	21	476.029388	40	428.49	6	462.71	6	463.36	1	471.47
bondarenko	44	22	327.366531	30	297.27	3	320.47	3	320.47	1	323.54
bondarenko	44	23	413.44	35	374.7	4	405.75	4	406.1	1	408.77
bondarenko	44	24	297.508571	27	267.235	4	287.1	3	288.78	1	292.34
bondarenko	44	25	405.838367	27	372.74	4	397.08	3	398.34	1	401.14
bondarenko	44	26	375.275102	32	343.4	1	369.99	3	367.35	1	369.99
bondarenko	44	27	456.986122	44	408.39	2	451.5	4	447.95	1	452.9
bondarenko	44	28	405.838367	31	359.12	5	391.72	4	392.74	1	400.07
bondarenko	45	1	323.422041	32	268.86	3	287.4	4	286.93	1	289.28
bondarenko	45	2	239.882449	29	219.65	3	234.67	2	235.18	1	235.95
bondarenko	45	3	236.303673	31	216.62	3	229.91	3	232.16	1	233.7
bondarenko	45	4	198.870204	25	180.74	1	194.04	1	194.04	1	194.04
bondarenko	45	5	202.788571	21	183.54	2	198.27	2	198.27	1	200.18
bondarenko	45	6	207.882449	23	189.57	3	203.43	2	204.31	1	205.0
bondarenko	45	7	234.866939	25	212.82	2	230.43	3	229.45	1	231.22
bondarenko	45	8	328.097959	39	298.09	4	319.77	3	320.86	1	323.87
bondarenko	45	9	275.147755	33	246.88	4	266.15	4	266.4	1	269.93
bondarenko	45	10	180.506122	21	162.82	2	175.89	2	175.89	1	177.02
bondarenko	45	11	318.746122	36	288.66	5	311.02	3	313.31	1	315.87
bondarenko	45	12	185.182041	21	166.58	2	179.88	3	178.16	1	181.82
bondarenko	45	13	150.961633	14	137.31	3	144.8	3	144.8	1	147.78
bondarenko	45	14	242.442449	26	218.22	2	237.96	2	237.96	1	239.1
bondarenko	45	15	299.62449	33	272.01	4	292.39	4	292.33	1	296.3
bondarenko	45	16	224.757551	24	200.58	5	215.14	3	216.8	1	220.25
bondarenko	46	1	271.203265	31	239.56	4	256.72	4	256.16	1	261.04
bondarenko	46	2	148.793469	16	135.5	2	144.56	2	144.56	1	145.72
bondarenko	46	3	188.081633	23	170.64	4	180.45	4	180.45	1	184.41
bondarenko	46	4	198.478367	21	177.77	3	192.23	3	192.23	1	195.28
bondarenko	46	5	132.597551	13	120.9	2	128.21	2	128.21	1	129.78
bondarenko	46	6	196.362449	20	178.13	4	189.51	2	191.1	1	192.67
bondarenko	46	7	388.937143	40	347.71	5	379.85	4	379.67	1	386.01
bondarenko	46	8	125.44	13	112.9	2	121.73	2	121.27	1	122.57
bondarenko	46	9	247.118367	27	221.24	1	243.91	3	241.22	1	243.91
bondarenko	46	10	276.636735	33	247.25	5	268.6	3	270.33	1	273.46
bondarenko	46	11	293.903673	34	261.43	3	287.86	2	289.37	1	290.54
bondarenko	46	12	249.626122	31	222.33	1	246.16	2	244.9	1	246.16
bondarenko	46	13	125.753469	13	110.31	1	122.01	3	119.18	1	122.01
bondarenko	46	14	373.786122	40	327.17	4	366.16	3	367.0	1	370.47
bondarenko	46	15	480.757551	58	430.62	5	472.42	5	471.77	1	477.42
bondarenko	46	16	179.435102	24	156.68	8	169.32	3	174.26	1	176.04
bondarenko	47	1	254.82449	24	221.71	5	235.62	3	237.11	1	242.69
bondarenko	47	2	146.416327	17	128.59	2	140.04	3	138.98	1	141.63
bondarenko	47	3	171.206531	18	150.0	1	166.42	2	164.8	1	166.42
bondarenko	47	4	180.68898	18	160.46	2	174.93	3	173.58	1	176.36
bondarenko	47	5	202.44898	21	177.62	2	195.65	2	195.65	1	197.35
bondarenko	47	6	193.48898	18	172.92	3	183.79	2	185.44	1	187.67
bondarenko	47	7	188.16	16	166.35	2	181.08	2	181.8	1	182.79
bondarenko	47	8	210.912653	24	188.05	3	204.53	2	205.16	1	207.52
bondarenko	47	9	147.565714	15	130.25	2	141.06	2	141.06	1	142.24
bondarenko	47	10	165.616327	18	143.45	1	159.5	1	159.5	1	159.5
bondarenko	47	11	335.986939	32	300.68	2	329.08	2	329.08	1	330.26
bondarenko	47	12	251.324082	21	221.92	3	242.54	3	242.93	1	246.04
bondarenko	47	13	157.779592	13	134.24	4	144.67	2	148.38	1	151.6
bondarenko	48	1	212.27102	24	176.7	3	193.98	3	193.98	1	197.83
bondarenko	48	2	222.537143	21	201.13	2	215.26	2	215.26	1	217.86
bondarenko	48	3	293.459592	29	255.66	3	283.3	4	282.89	1	287.49
bondarenko	48	4	264.568163	31	229.47	3	256.1	3	255.05	1	259.8
bondarenko	48	5	221.831837	26	188.08	3	212.49	3	212.49	1	216.63
bondarenko	48	6	175.804082	18	143.28	4	166.2	2	169.68	1	172.46
bondarenko	49	1	213.237551	23	185.05	3	197.0	3	197.0	1	199.38
bondarenko	49	2	189.126531	22	170.9	3	181.88	3	181.88	1	185.55
bondarenko	49	3	184.842449	21	162.38	3	178.09	3	178.09	1	180.71
bondarenko	49	4	245.995102	32	223.5	3	239.71	3	239.71	1	242.69
bondarenko	49	5	247.797551	33	217.11	4	239.19	4	239.94	1	245.29
bondarenko	49	6	216.476735	24	186.25	5	202.36	3	207.75	1	211.62
bondarenko	50	1	275.147755	30	233.92	3	256.71	4	255.3	1	261.59
bondarenko	50	2	267.232653	30	232.91	3	258.17	4	256.77	1	262.73
bondarenko	50	3	193.462857	21	176.33	3	187.9	2	188.46	1	190.29
bondarenko	50	4	222.981224	23	192.44	7	204.9	3	211.32	1	217.84
bondarenko	51	1	287.399184	29	258.5	3	273.89	6	270.69	1	277.46
bondarenko	51	2	208.901224	23	187.55	3	200.85	3	200.85	1	204.13
bondarenko	51	3	212.871837	25	187.08	4	203.71	3	206.76	1	209.34
bondarenko	51	4	169.665306	18	146.91	7	156.26	3	161.48	1	165.35
bondarenko	52	1	119.640816	10	95.15	2	101.34	3	100.39	1	104.16
bondarenko	52	2	204.956735	20	185.37	3	198.17	3	198.17	1	201.83
bondarenko	52	3	125.44	13	107.94	1	121.77	2	120.14	1	121.77
bondarenko	52	4	157.466122	18	136.53	3	148.95	3	148.95	1	153.74
bondarenko	52	5	185.913469	28	157.53	4	177.89	3	178.35	1	182.1
bondarenko	53	1	133.668571	12	107.16	2	114.59	2	117.91	1	118.36
bondarenko	53	2	166.086531	17	149.31	3	160.22	2	162.08	1	163.38
bondarenko	53	3	153.155918	18	129.59	3	145.91	4	144.39	1	149.68
bondarenko	54	1	218.801633	20	187.07	4	200.65	4	200.65	1	207.9
bondarenko	54	2	121.129796	15	105.62	2	114.92	2	115.12	1	115.93
bondarenko	54	3	161.253878	16	139.14	2	153.28	3	152.06	1	154.76
bondarenko	54	4	138.605714	16	122.28	2	132.3	2	132.3	1	133.89
bondarenko	54	5	214.700408	25	186.65	3	204.87	3	205.34	1	208.34
bondarenko	54	6	249.939592	21	218.0	5	231.62	4	234.34	1	241.93
bondarenko	55	1	181.812245	18	153.33	3	166.09	3	166.09	1	169.38
bondarenko	55	2	225.149388	26	196.1	3	216.61	2	217.97	1	219.16
bondarenko	55	3	162.429388	17	142.77	1	156.21	2	155.26	1	156.21
bondarenko	55	4	212.845714	22	175.49	6	192.58	3	198.84	1	202.13
bondarenko	56	1	171.206531	16	141.96	3	150.23	3	150.23	1	154.22
bondarenko	56	2	127.451429	15	113.78	2	122.26	2	122.55	1	123.67
bondarenko	56	3	139.702857	15	121.62	3	130.97	3	130.53	1	133.46
bondarenko	57	1	197.067755	25	164.42	5	179.91	3	183.85	1	186.67
bondarenko	58	1	186.618776	14	149.18	1	167.63	2	165.65	1	167.63
bondarenko	58	2	221.152653	18	201.2	1	217.63	4	212.93	1	217.63
bondarenko	58	3	189.126531	19	168.65	1	185.91	2	184.69	1	185.91
bondarenko	58	4	198.478367	16	176.98	1	194.95	2	192.84	1	194.95
bondarenko	58	5	142.315102	14	126.7	1	138.57	2	136.58	1	138.57
bondarenko	58	6	211.121633	20	193.29	1	207.94	3	204.91	1	207.94
bondarenko	58	7	298.24	28	271.75	1	295.59	4	291.33	1	295.59
bondarenko	58	8	182.282449	13	167.42	1	179.65	2	177.95	1	179.65
bondarenko	58	9	320.182857	28	292.5	1	316.55	4	311.46	1	316.55
bondarenko	58	10	400.796735	39	359.65	1	397.03	4	392.3	1	397.03
bondarenko	58	11	418.481633	40	378.14	1	414.25	4	410.81	1	414.25
bondarenko	58	12	353.671837	29	324.69	1	348.66	3	345.65	1	348.66
bondarenko	58	13	260.754286	25	223.54	1	252.48	5	244.62	1	252.48
bondarenko	59	1	253.727347	27	218.55	6	237.07	6	236.58	1	242.77
bondarenko	59	2	229.982041	26	201.31	2	221.74	2	221.74	1	223.83
bondarenko	59	3	169.952653	18	153.29	2	162.46	2	162.46	1	164.21
bondarenko	59	4	169.874286	17	147.85	4	158.67	3	159.92	1	163.78
bondarenko	59	5	211.252245	20	183.96	6	193.36	2	198.74	1	200.06
bondarenko	60	1	297.247347	25	268.05	4	279.88	4	281.37	1	285.49
bondarenko	60	2	293.276735	25	264.5	2	286.27	3	284.06	1	287.53
bondarenko	60	3	267.598367	22	241.95	4	258.22	3	258.12	1	261.61
bondarenko	60	4	218.514286	19	193.28	3	208.37	2	209.51	1	212.16
bondarenko	60	5	160.992653	14	140.16	4	150.38	2	153.81	1	156.11
bondarenko	61	1	270.942041	21	232.61	3	246.63	3	246.63	1	254.24
bondarenko	61	2	271.36	22	253.31	1	266.12	2	265.13	1	266.12
bondarenko	61	3	226.899592	18	204.15	3	214.66	3	214.66	1	218.32
bondarenko	62	1	154.67102	10	124.36	2	132.82	2	132.82	1	134.21
bondarenko	62	2	395.467755	29	353.41	7	377.91	5	382.68	1	389.34
bondarenko	62	3	313.182041	24	283.84	4	304.52	4	303.86	1	307.74
bondarenko	62	4	280.42449	21	250.07	4	270.3	2	274.16	1	275.54
bondarenko	62	5	299.41551	21	267.4	4	288.14	4	288.88	1	293.27
bondarenko	63	1	176.901224	13	142.94	3	153.46	3	154.42	1	156.62
bondarenko	64	1	174.706939	15	147.07	5	156.51	4	158.15	1	161.64
bondarenko	65	1	274.782041	25	255.52	4	267.45	5	266.82	1	269.94
bondarenko	66	1	332.068571	20	283.51	4	299.9	3	301.19	1	312.54
bondarenko	66	2	384.966531	29	344.0	5	367.06	4	367.78	1	381.54
bondarenko	66	3	304.352653	22	280.22	3	296.5	3	296.5	1	299.65
bondarenko	66	4	183.379592	11	171.8	1	179.43	1	179.43	1	179.43
bondarenko	66	5	222.981224	14	204.63	1	215.07	1	215.07	1	215.07
bondarenko	66	6	283.794286	17	251.15	6	261.74	1	273.49	1	273.49
bondarenko	66	7	290.220408	17	264.62	1	282.01	2	280.19	1	282.01
bondarenko	66	8	229.433469	13	196.73	6	205.93	3	209.91	1	214.69
bondarenko	66	9	296.045714	21	262.78	3	282.83	2	286.57	1	288.22
bondarenko	66	10	217.547755	11	191.66	1	206.44	1	206.44	1	206.44
bondarenko	66	11	324.702041	19	292.31	4	310.63	2	313.93	1	317.44
bondarenko	66	12	279.196735	17	250.96	4	264.52	3	266.75	1	271.07
bondarenko	66	13	283.428571	18	249.02	2	276.3	2	276.3	1	278.66
bondarenko	66	14	378.122449	20	345.22	4	365.84	4	365.84	1	370.94
bondarenko	66	15	175.072653	8	155.62	2	165.99	3	163.58	1	168.95
bondarenko	66	16	305.789388	21	273.33	7	287.02	1	298.97	1	298.97
bondarenko	66	17	280.555102	18	254.311	1	272.081	2	269.851	1	272.081
bondarenko	66	18	383.190204	24	364.95	3	374.84	4	374.84	1	376.77
bondarenko	66	19	366.628571	21	339.21	3	353.2	3	352.28	1	358.87
bondarenko	66	20	270.158367	15	243.44	4	257.09	3	258.9	1	263.88
bondarenko	66	21	455.78449	27	418.94	2	445.97	2	445.97	1	448.17
bondarenko	66	22	370.233469	21	325.47	8	341.4	5	348.06	1	355.83
bsb_david	1	1	292.250938	31	272.06	21	275.6	2	283.77	1	284.03
bsb_david	1	2	219.530938	25	199.4	17	202.41	2	212.88	1	213.27
bsb_david	1	3	238.862938	24	216.49	20	218.11	5	230.84	1	233.27
bsb_david	1	4	241.094938	26	221.15	19	222.6	3	231.89	1	233.59
bsb_david	1	5	210.026938	32	192.63	12	200.47	3	204.85	1	205.8
bsb_david	1	6	194.690938	22	179.3	12	183.02	3	188.02	1	189.24
bsb_david	1	7	188.642938	24	172.45	8	177.52	1	182.07	1	182.07
bsb_david	1	8	195.518938	22	178.06	11	182.01	4	186.59	1	189.05
bsb_david	1	9	235.406938	29	216.42	13	221.98	3	227.23	1	228.79
bsb_david	1	10	212.978938	32	196.81	19	199.82	4	205.5	1	207.02
bsb_david	1	11	248.150938	32	226.8	17	232.3	3	240.55	1	241.43
bsb_david	1	12	186.698938	20	168.52	11	173.11	2	179.92	1	180.45
bsb_david	1	13	158.006938	18	144.17	9	148.4	3	151.33	1	152.81
bsb_david	1	14	240.518938	24	222.26	13	225.33	3	231.48	1	233.42
bsb_david	1	15	178.598938	21	163.42	10	167.24	2	172.66	1	173.28
bsb_david	1	16	160.994938	16	146.27	9	149.58	1	153.97	1	153.97
bsb_david	1	17	242.822938	27	223.03	14	227.83	2	235.87	1	237.14
bsb_david	1	18	318.242938	33	293.24	21	297.26	3	309.21	1	310.89
bsb_david	1	19	372.098938	38	344.08	23	350.74	4	363.56	1	365.43
bsb_david	1	20	185.402938	18	169.05	9	173.4	1	178.97	1	178.97
bsb_david	1	21	271.622938	34	249.57	15	257.46	3	263.21	1	264.83
bsb_david	1	22	228.710938	24	208.39	15	211.64	3	221.44	1	222.76
bsb_david	1	23	171.254938	20	153.83	9	157.43	1	163.62	1	163.62
bsb_david	1	24	614.270938	67	568.81	39	581.05	3	605.88	1	607.36
bsb_david	1	25	280.550938	34	256.58	21	260.94	5	271.14	1	273.25
bsb_david	1	26	308.234938	35	286.63	19	292.31	5	301.07	1	303.29
bsb_david	1	27	423.938938	46	389.61	30	396.5	2	415.81	1	416.83
bsb_david	1	28	201.386938	22	185.16	9	188.84	4	192.24	1	195.19
bsb_david	1	29	311.006938	35	284.51	22	291.29	3	304.06	1	305.38
bsb_david	1	30	377.930938	43	348.01	24	354.87	5	369.08	1	371.6
bsb_david	1	31	507.602938	55	471.51	23	487.08	3	500.81	1	501.99
bsb_david	1	32	299.450938	32	274.74	16	281.59	2	292.2	1	293.42
bsb_david	1	33	184.502938	20	164.53	12	167.68	2	176.54	1	177.66
bsb_david	1	34	269.138938	31	245.01	12	253.36	2	262.06	1	263.03
bsb_david	1	35	246.062938	29	224.59	19	230.82	4	239.08	1	240.05
bsb_david	1	36	343.766938	43	321.42	30	324.22	3	337.72	1	338.35
bsb_david	1	37	332.966938	36	306.55	21	314.07	3	323.92	1	325.8
bsb_david	1	38	293.762938	30	269.56	16	276.15	2	286.08	1	286.97
bsb_david	1	39	211.034938	23	193.33	10	199.32	2	204.04	1	204.76
bsb_david	1	40	199.730938	23	182.25	10	187.59	1	193.66	1	193.66
bsb_david	1	41	505.334938	57	468.8	23	483.0	5	495.82	1	498.55
bsb_david	1	42	355.862938	38	326.12	23	332.04	2	347.82	1	348.17
bsb_david	1	43	329.870938	34	302.68	17	310.83	2	322.37	1	322.92
bsb_david	1	44	298.766938	34	273.72	21	279.29	2	292.4	1	293.66
bsb_david	1	45	262.478938	28	243.33	15	248.98	4	256.08	1	257.7
bsb_david	1	46	280.406938	34	259.23	27	261.99	4	272.8	1	273.96
bsb_david	1	47	334.802938	31	308.68	19	314.03	3	326.94	1	328.44
bsb_david	1	48	236.270938	22	217.59	15	221.16	1	230.37	1	230.37
bsb_david	1	49	269.426938	33	249.1	17	255.22	2	262.15	1	262.74
bsb_david	1	50	251.714938	26	231.82	16	236.23	3	243.46	1	245.2
bsb_david	2	1	162.254938	22	145.55	14	148.48	2	155.16	1	155.4
bsb_david	2	2	230.546938	25	208.95	18	211.93	3	222.01	1	223.55
bsb_david	2	3	258.734938	22	242.84	14	245.53	1	252.14	1	252.14
bsb_david	2	4	299.342938	31	274.94	20	279.41	5	289.16	1	292.49
bsb_david	2	5	216.182938	23	195.77	13	200.46	3	208.79	1	210.23
bsb_david	2	6	272.018938	30	249.48	22	252.7	2	264.06	1	264.48
bsb_david	2	7	237.818938	25	218.17	13	221.99	3	228.18	1	229.54
bsb_david	2	8	341.894938	32	317.68	22	320.44	3	335.5	1	336.47
bsb_david	2	9	335.738938	35	312.61	17	319.73	3	328.82	1	330.32
bsb_david	2	10	300.962938	29	279.59	18	283.22	2	294.14	1	294.98
bsb_david	2	11	117.254938	10	105.52	6	107.99	1	111.76	1	111.76
bsb_david	2	12	468.290938	51	441.57	27	450.9	5	460.44	1	462.96
bsb_david	2	13	233.138938	22	215.72	10	221.0	2	224.64	1	226.0
bsb_david	2	14	307.010938	31	285.53	13	293.66	2	300.79	1	301.44
bsb_david	2	15	253.010938	27	236.42	15	240.64	2	246.16	1	247.08
bsb_david	2	16	342.542938	36	315.93	19	323.68	3	334.02	1	335.46
bsb_david	2	17	160.670938	16	145.51	11	148.0	2	153.97	1	154.22
bsb_david	2	18	262.478938	27	240.72	15	246.42	2	254.58	1	255.33
bsb_david	2	19	246.458938	25	227.71	14	231.81	2	240.27	1	241.38
bsb_david	2	20	207.038938	26	190.03	17	194.14	3	199.74	1	200.98
bsb_david	2	21	303.518938	36	281.91	19	287.8	2	296.05	1	296.32
bsb_david	2	22	263.378938	31	246.4	22	249.45	2	257.56	1	257.93
bsb_david	2	23	290.918938	33	272.87	23	276.23	4	283.43	1	284.72
bsb_david	2	24	171.434938	18	152.97	11	156.21	2	163.52	1	164.24
bsb_david	2	25	275.474938	40	254.71	20	262.8	5	268.28	1	269.89
bsb_david	2	26	274.142938	37	251.21	18	258.1	5	264.91	1	268.08
bsb_david	2	27	189.470938	21	171.78	11	175.37	3	179.76	1	180.64
bsb_david	2	28	396.686938	43	373.41	24	379.78	4	389.52	1	390.99
bsb_david	2	29	410.042938	46	384.36	14	396.82	5	401.5	1	402.82
bsb_david	2	30	305.390938	38	285.02	10	294.37	5	296.3	1	299.62
bsb_david	2	31	157.430938	18	143.45	6	147.56	3	148.7	1	150.87
bsb_david	2	32	379.946938	35	350.76	24	355.06	1	372.46	1	372.46
bsb_david	2	33	242.750938	23	218.69	13	225.22	3	234.96	1	235.83
bsb_david	2	34	370.442938	35	347.32	19	353.23	2	362.73	1	363.62
bsb_david	2	35	289.622938	35	268.59	24	272.06	5	278.97	1	282.33
bsb_david	2	36	289.118938	38	269.62	17	275.44	6	280.14	1	282.81
bsb_david	2	37	211.826938	29	193.25	11	199.78	5	202.17	1	203.82
bsb_david	2	38	286.922938	31	267.15	13	274.17	4	278.64	1	280.3
bsb_david	2	39	364.862938	43	339.43	28	345.81	4	356.77	1	358.2
bsb_david	2	40	267.374938	38	243.51	15	253.84	2	260.79	1	261.48
bsb_david	3	1	171.362938	17	155.22	6	159.94	1	162.46	1	162.46
bsb_david	3	2	146.018938	16	132.84	7	136.57	1	139.81	1	139.81
bsb_david	3	3	162.182938	17	147.57	8	151.45	1	155.6	1	155.6
bsb_david	3	4	346.502938	35	324.06	6	337.37	1	339.47	1	339.47
bsb_david	3	5	215.786938	19	200.51	9	204.55	2	208.51	1	209.34
bsb_david	3	6	282.170938	30	262.38	10	270.64	4	274.35	1	275.7
bsb_david	3	7	332.138938	38	308.56	13	318.19	4	323.29	1	325.75
bsb_david	3	8	344.738938	36	318.39	15	328.41	4	335.77	1	337.86
bsb_david	3	9	221.402938	24	203.0	12	207.59	1	215.66	1	215.66
bsb_david	3	10	241.022938	20	223.91	10	227.89	2	234.28	1	234.81
bsb_david	3	11	365.762938	47	341.66	26	348.7	1	358.49	1	358.49
bsb_david	3	12	99.938938	8	90.11	5	91.14	1	93.33	1	93.33
bsb_david	3	13	568.190938	59	537.15	24	548.83	2	560.67	1	561.25
bsb_david	3	14	515.414938	57	486.7	24	496.43	3	508.18	1	509.08
bsb_david	3	15	319.322938	33	294.0	14	303.18	4	309.64	1	312.14
bsb_david	3	16	367.778938	34	345.19	14	353.68	1	361.49	1	361.49
bsb_david	3	17	171.362938	16	157.65	7	160.86	2	165.13	1	165.34
bsb_david	3	18	245.594938	30	226.24	23	228.45	1	238.53	1	238.53
bsb_david	3	19	309.746938	37	290.32	25	293.93	3	302.15	1	302.99
bsb_david	3	20	283.142938	27	262.81	21	265.55	3	276.0	1	277.02
bsb_david	3	21	196.598938	24	180.77	9	185.32	2	189.28	1	189.69
bsb_david	3	22	292.466938	33	273.03	13	280.75	2	285.75	1	286.25
bsb_david	3	23	424.982938	44	398.32	22	406.01	7	413.78	1	418.65
bsb_david	3	24	193.610938	23	174.8	11	179.9	4	183.9	1	186.07
bsb_david	3	25	495.722938	55	465.97	22	479.33	8	485.77	1	488.85
bsb_david	3	26	438.410938	46	413.98	19	423.36	3	430.4	1	431.6
bsb_david	3	27	325.406938	34	303.62	15	311.64	2	319.49	1	320.04
bsb_david	4	1	415.226938	54	388.17	33	393.57	4	407.19	1	408.52
bsb_david	4	2	238.034938	34	221.04	24	223.24	1	232.75	1	232.75
bsb_david	4	3	425.522938	51	394.01	25	403.02	8	412.99	1	418.24
bsb_david	4	4	417.566938	49	390.32	19	399.89	4	408.98	1	411.05
bsb_david	4	5	304.634938	31	281.31	12	289.91	3	295.76	1	296.66
bsb_david	4	6	255.134938	27	237.75	11	243.73	2	249.19	1	249.65
bsb_david	4	7	738.614938	89	691.34	22	717.59	1	732.74	1	732.74
bsb_david	4	8	235.262938	26	216.99	10	224.8	3	229.76	1	230.84
bsb_david	4	9	244.586938	23	223.89	10	229.69	2	235.01	1	236.11
bsb_david	4	10	283.250938	36	262.88	15	269.47	2	276.56	1	277.7
bsb_david	4	11	362.810938	35	334.18	20	343.14	4	353.31	1	355.68
bsb_david	4	12	138.314938	16	123.46	9	126.7	1	132.11	1	132.11
bsb_david	4	13	259.742938	33	239.33	22	243.78	2	253.51	1	253.9
bsb_david	4	14	430.958938	45	401.53	22	410.88	5	423.38	1	426.1
bsb_david	4	15	355.970938	41	329.85	14	342.32	4	347.49	1	350.1
bsb_david	4	16	466.490938	50	430.84	22	443.97	5	457.39	1	460.22
bsb_david	4	17	112.178938	13	100.21	5	102.97	1	106.32	1	106.32
bsb_david	4	18	359.894938	32	338.12	12	348.04	2	353.91	1	354.99
bsb_david	4	19	261.074938	22	244.07	10	249.7	2	253.23	1	254.0
bsb_david	4	20	278.750938	29	257.57	13	264.93	3	271.74	1	272.68
bsb_david	4	21	329.402938	35	304.05	20	310.43	5	319.88	1	322.52
bsb_david	4	22	400.898938	41	371.12	29	376.38	2	394.7	1	395.01
bsb_david	4	23	271.154938	30	247.63	23	250.41	2	264.8	1	265.65
bsb_david	4	24	226.298938	25	208.86	12	213.87	4	217.62	1	221.03
bsb_david	4	25	149.690938	18	136.45	8	140.45	2	143.76	1	144.98
bsb_david	4	26	515.234938	65	482.5	54	486.12	16	502.84	1	509.1
bsb_david	4	27	207.578938	23	190.48	7	196.06	3	198.33	1	199.87
bsb_david	4	28	264.530938	31	246.84	15	251.08	5	255.84	1	257.82
bsb_david	4	29	347.654938	40	328.85	17	333.7	3	340.3	1	341.44
bsb_david	4	30	149.222938	16	133.9	7	138.2	1	142.45	1	142.45
bsb_david	4	31	393.302938	54	366.41	29	375.38	3	384.93	1	386.49
bsb_david	4	32	373.250938	42	344.89	14	356.23	1	366.43	1	366.43
bsb_david	4	33	336.818938	56	304.84	46	308.93	2	329.61	1	330.03
bsb_david	4	34	189.290938	29	173.42	17	176.95	2	182.71	1	183.44
bsb_david	4	35	314.714938	34	293.23	13	300.02	2	306.66	1	307.56
bsb_david	4	36	142.202938	13	129.53	4	133.74	1	136.77	1	136.77
bsb_david	5	1	438.302938	46	406.48	23	414.39	6	425.52	1	429.84
bsb_david	5	2	354.998938	37	329.15	16	338.04	2	348.46	1	349.74
bsb_david	5	3	297.326938	29	276.49	14	282.82	3	290.56	1	291.85
bsb_david	5	4	488.702938	49	459.67	22	470.99	5	479.34	1	481.44
bsb_david	5	5	302.726938	33	282.16	18	288.85	3	296.05	1	297.33
bsb_david	5	6	229.718938	25	216.18	8	222.52	2	224.89	1	225.53
bsb_david	5	7	288.290938	26	271.28	12	275.7	2	280.78	1	281.19
bsb_david	5	8	197.138938	20	181.25	8	186.9	1	190.25	1	190.25
bsb_david	5	9	334.802938	29	311.96	13	322.14	2	328.23	1	329.21
bsb_david	5	10	213.734938	22	197.34	10	201.79	2	206.69	1	207.75
bsb_david	5	11	299.702938	32	279.05	12	285.76	4	290.09	1	292.71
bsb_david	5	12	341.786938	32	320.68	13	328.94	2	334.08	1	334.36
bsb_david	5	13	198.686938	18	186.46	7	189.04	2	191.21	1	191.71
bsb_david	5	14	233.894938	29	217.55	19	220.2	2	226.9	1	227.13
bsb_david	5	15	231.446938	23	214.81	11	220.12	4	224.13	1	225.58
bsb_david	5	16	241.238938	22	225.0	14	228.18	5	233.26	1	235.2
bsb_david	5	17	225.722938	20	209.82	9	213.53	4	216.08	1	218.17
bsb_david	5	18	203.510938	22	188.44	8	194.25	3	196.71	1	197.38
bsb_david	5	19	211.070938	21	196.2	9	200.66	2	204.72	1	205.0
bsb_david	5	20	212.870938	20	195.32	8	201.0	1	206.4	1	206.4
bsb_david	5	21	231.518938	23	214.47	11	217.86	5	220.63	1	222.2
bsb_david	5	22	281.234938	30	261.41	18	266.26	2	273.82	1	274.54
bsb_david	5	23	203.762938	25	185.7	13	191.68	3	197.17	1	198.35
bsb_david	5	24	216.146938	22	201.72	13	204.97	2	210.22	1	210.71
bsb_david	5	25	168.626938	19	155.4	11	157.46	4	161.11	1	162.27
bsb_david	5	26	225.362938	19	210.33	8	214.31	2	218.09	1	218.83
bsb_david	5	27	236.774938	26	215.59	18	218.57	2	230.57	1	231.43
bsb_david	5	28	665.426938	68	630.96	39	640.77	2	657.42	1	657.94
bsb_david	5	29	283.034938	29	264.1	13	269.73	1	276.74	1	276.74
bsb_david	5	30	216.110938	20	199.04	7	205.2	2	208.13	1	209.39
bsb_david	5	31	344.018938	30	322.9	18	327.37	5	334.67	1	338.1
bsb_david	5	32	471.278938	52	443.77	15	457.92	2	464.53	1	465.26
bsb_david	5	33	289.406938	29	267.35	17	271.73	1	281.55	1	281.55
bsb_david	5	34	124.598938	12	114.0	5	116.47	1	118.25	1	118.25
bsb_david	6	1	199.334938	18	183.92	9	188.59	2	193.45	1	194.18
bsb_david	6	2	252.866938	24	233.18	13	238.81	2	245.9	1	246.77
bsb_david	6	3	181.730938	17	165.95	8	169.2	1	174.91	1	174.91
bsb_david	6	4	228.386938	24	208.3	11	213.26	2	220.83	1	221.51
bsb_david	6	5	180.218938	15	166.35	11	168.06	2	173.02	1	174.13
bsb_david	6	6	303.230938	27	283.07	13	288.87	1	297.48	1	297.48
bsb_david	6	7	342.542938	26	322.01	14	327.51	2	336.37	1	337.46
bsb_david	6	8	384.806938	35	363.91	13	373.3	2	379.24	1	380.0
bsb_david	6	9	268.238938	27	247.46	12	252.89	1	261.85	1	261.85
bsb_david	6	10	477.326938	43	447.57	27	455.1	3	470.11	1	471.42
bsb_david	6	11	256.430938	23	240.79	11	245.03	2	250.3	1	251.2
bsb_david	6	12	199.514938	24	184.72	21	185.2	2	190.78	1	191.59
bsb_david	6	13	318.566938	33	299.67	22	302.22	5	309.96	1	312.42
bsb_david	6	14	173.666938	15	159.83	8	163.22	2	167.03	1	167.45
bsb_david	6	15	397.514938	63	373.83	25	381.48	3	389.8	1	390.68
bsb_david	6	16	97.922938	10	87.58	4	90.4	1	91.21	1	91.21
bsb_david	6	17	225.326938	18	210.16	10	212.81	1	218.68	1	218.68
bsb_david	6	18	266.114938	28	249.6	14	253.9	2	259.75	1	260.63
bsb_david	6	19	351.074938	51	326.97	22	333.22	7	341.87	1	345.06
bsb_david	6	20	104.906938	9	96.08	5	97.39	1	99.76	1	99.76
bsb_david	6	21	348.410938	45	326.89	31	327.94	1	340.75	1	340.75
bsb_david	6	22	444.314938	34	420.62	17	428.46	2	437.95	1	438.53
bsb_david	6	23	171.758938	16	160.41	5	162.96	1	164.85	1	164.85
bsb_david	6	24	374.690938	33	354.03	17	360.16	3	368.08	1	369.13
bsb_david	7	1	354.206938	36	326.8	22	332.96	3	345.59	1	346.93
bsb_david	7	2	230.114938	23	212.07	13	216.61	4	221.76	1	224.6
bsb_david	7	3	302.546938	31	280.29	17	286.39	4	294.6	1	296.98
bsb_david	7	4	259.778938	24	240.15	16	242.85	2	253.5	1	254.2
bsb_david	7	5	277.526938	31	261.86	13	267.4	1	272.48	1	272.48
bsb_david	7	6	433.910938	40	402.16	28	407.1	4	425.53	1	427.71
bsb_david	7	7	314.642938	25	292.49	14	296.62	3	305.6	1	306.98
bsb_david	7	8	359.210938	35	333.24	24	338.6	4	352.48	1	353.93
bsb_david	7	9	555.518938	57	512.45	34	522.54	5	543.93	1	546.91
bsb_david	7	10	162.938938	18	148.31	11	150.53	3	154.56	1	156.01
bsb_david	7	11	420.950938	40	390.98	26	396.81	2	414.69	1	415.27
bsb_david	7	12	151.346938	15	139.38	9	140.79	2	143.97	1	144.35
bsb_david	7	13	261.146938	25	240.97	17	243.7	1	254.17	1	254.17
bsb_david	7	14	233.498938	20	214.38	13	217.56	2	225.58	1	226.82
bsb_david	7	15	230.294938	20	210.28	17	211.82	1	221.32	1	221.32
bsb_david	7	16	390.314938	31	360.95	26	363.22	4	380.85	1	382.89
bsb_david	7	17	133.922938	13	122.3	9	124.11	1	128.93	1	128.93
bsb_david	7	18	330.158938	31	307.32	23	310.65	2	323.86	1	324.49
bsb_david	7	19	338.762938	30	315.44	15	323.55	1	332.17	1	332.17
bsb_david	7	20	465.086938	48	434.44	21	446.65	2	458.52	1	459.02
bsb_david	7	21	244.478938	25	225.56	14	229.95	1	238.89	1	238.89
bsb_david	8	1	222.302938	22	206.78	15	209.28	3	215.57	1	216.86
bsb_david	8	2	278.282938	23	257.6	18	260.01	1	272.39	1	272.39
bsb_david	8	3	191.954938	18	174.26	11	177.44	1	185.36	1	185.36
bsb_david	8	4	243.038938	22	225.76	16	228.01	3	236.43	1	238.07
bsb_david	9	1	282.530938	28	258.73	18	263.58	3	274.46	1	275.98
bsb_david	9	2	394.418938	36	371.33	24	376.0	3	386.96	1	388.58
bsb_david	9	3	199.946938	21	183.09	15	185.74	2	192.42	1	193.61
bsb_david	9	4	261.434938	22	244.26	18	245.1	2	254.69	1	255.16
bsb_david	9	5	141.086938	12	128.71	9	129.78	1	134.37	1	134.37
bsb_david	9	6	252.506938	21	237.96	16	239.63	1	246.57	1	246.57
bsb_david	9	7	195.626938	17	180.51	12	182.16	1	189.78	1	189.78
bsb_david	9	8	186.554938	22	171.21	12	175.78	3	179.65	1	181.07
bsb_david	9	9	325.910938	27	301.77	21	304.31	1	317.79	1	317.79
bsb_david	9	10	297.506938	27	275.58	19	279.21	3	289.58	1	291.23
bsb_david	9	11	176.690938	15	160.93	13	161.76	2	169.79	1	170.42
bsb_david	9	12	269.894938	25	252.17	16	255.79	1	264.05	1	264.05
bsb_david	9	13	246.566938	23	229.72	15	232.55	3	239.85	1	240.89
bsb_david	9	14	574.706938	52	542.47	35	548.74	4	566.95	1	568.9
bsb_david	9	15	361.586938	35	338.08	22	341.7	3	352.97	1	355.02
bsb_david	9	16	252.650938	23	229.0	19	230.94	2	244.28	1	245.29
bsb_david	9	17	576.398938	58	536.99	35	548.22	3	568.03	1	569.27
bsb_david	9	18	288.326938	30	268.3	18	272.42	3	281.55	1	282.81
bsb_david	9	19	247.898938	24	230.04	16	232.26	1	241.48	1	241.48
bsb_david	9	20	439.490938	42	407.83	22	418.31	3	431.38	1	433.07
bsb_david	9	21	167.258938	15	152.2	11	153.7	2	159.7	1	160.32
bsb_david	9	22	266.798938	23	246.94	15	250.67	2	258.88	1	259.37
bsb_david	9	23	289.442938	29	268.03	20	271.16	2	283.12	1	283.56
bsb_david	9	24	238.322938	22	219.68	13	224.59	2	230.44	1	231.45
bsb_david	9	25	465.698938	44	432.05	25	440.14	4	456.28	1	458.46
bsb_david	9	26	293.942938	25	274.02	14	278.72	3	286.6	1	287.86
bsb_david	9	27	144.038938	12	131.2	8	133.49	1	137.22	1	137.22
bsb_david	9	28	275.510938	25	254.43	18	257.22	2	268.09	1	268.68
bsb_david	9	29	146.522938	11	133.25	7	135.29	1	140.64	1	140.64
bsb_david	9	30	301.250938	31	279.98	16	285.29	3	294.08	1	295.03
bsb_david	9	31	131.654938	13	120.23	9	121.87	3	124.16	1	125.93
bsb_david	10	1	252.326938	27	230.02	17	234.27	2	243.88	1	244.49
bsb_david	10	2	309.638938	32	288.91	20	292.76	3	302.16	1	303.76
bsb_david	10	3	406.694938	39	379.68	27	384.79	4	399.32	1	401.55
bsb_david	10	4	155.630938	12	143.83	6	145.82	2	147.75	1	148.67
bsb_david	10	5	240.878938	25	221.09	14	225.39	4	232.75	1	234.55
bsb_david	10	6	247.214938	23	227.32	15	229.89	4	238.09	1	240.61
bsb_david	10	7	296.678938	29	276.19	12	283.9	2	289.29	1	289.75
bsb_david	10	8	171.398938	18	157.15	11	159.75	2	164.38	1	164.76
bsb_david	10	9	146.018938	13	132.98	10	134.13	1	139.1	1	139.1
bsb_david	10	10	215.462938	19	198.46	12	200.75	2	207.32	1	207.96
bsb_david	10	11	279.650938	27	257.42	16	261.97	3	271.76	1	273.72
bsb_david	10	12	343.658938	31	318.9	19	323.86	4	334.86	1	337.53
bsb_david	10	13	399.854938	39	370.44	30	373.15	3	391.72	1	393.26
bsb_david	10	14	390.530938	33	360.29	25	363.66	2	381.94	1	383.0
bsb_david	10	15	395.426938	37	366.73	27	371.28	3	388.26	1	389.52
bsb_david	10	16	265.790938	23	242.55	17	245.05	3	257.58	1	259.23
bsb_david	10	17	336.062938	29	315.31	17	320.09	2	329.81	1	330.16
bsb_david	10	18	396.290938	33	370.02	25	374.43	2	388.77	1	389.25
bsb_david	10	19	491.546938	43	460.18	31	466.21	6	480.77	1	483.93
bsb_david	10	20	293.942938	26	274.73	19	277.22	1	288.52	1	288.52
bsb_david	10	21	272.018938	22	254.51	15	256.79	2	265.49	1	265.99
bsb_david	10	22	321.518938	51	298.03	16	308.35	1	314.94	1	314.94
bsb_david	10	23	337.646938	39	315.72	27	321.16	2	329.76	1	330.12
bsb_david	10	24	314.858938	25	289.21	18	293.71	4	304.32	1	307.13
bsb_david	11	1	534.386938	53	497.5	29	508.93	6	525.3	1	528.78
bsb_david	11	2	510.626938	46	478.01	30	485.27	5	500.9	1	503.14
bsb_david	11	3	302.798938	28	280.53	18	284.57	2	295.9	1	296.31
bsb_david	11	4	271.658938	34	253.84	23	257.58	4	264.97	1	266.33
bsb_david	11	5	182.846938	18	166.86	12	168.48	3	174.08	1	175.89
bsb_david	11	6	338.618938	38	314.58	20	323.33	7	329.2	1	333.12
bsb_david	11	7	486.686938	51	458.54	33	466.21	7	478.26	1	481.29
bsb_david	11	8	727.634938	66	688.61	34	701.03	5	718.7	1	721.46
bsb_david	11	9	297.506938	28	276.11	14	280.71	2	288.79	1	290.08
bsb_david	11	10	292.178938	29	272.17	14	278.21	2	286.7	1	287.71
bsb_david	11	11	464.762938	43	436.9	24	445.14	6	455.0	1	458.48
bsb_david	11	12	358.202938	33	335.92	20	340.67	4	350.31	1	352.18
bsb_david	11	13	367.706938	34	342.97	22	347.13	2	359.86	1	360.84
bsb_david	11	14	348.230938	31	327.21	16	333.13	4	340.69	1	342.77
bsb_david	11	15	351.218938	34	326.16	20	332.09	6	340.28	1	344.4
bsb_david	11	16	364.394938	34	340.09	20	345.3	5	354.33	1	357.2
bsb_david	11	17	240.842938	24	218.91	13	226.35	3	233.17	1	234.61
bsb_david	11	18	487.910938	46	460.32	32	465.99	4	479.9	1	481.36
bsb_david	11	19	263.414938	21	243.07	18	243.7	3	254.34	1	256.15
bsb_david	11	20	524.486938	43	491.17	34	494.72	5	515.33	1	517.53
bsb_david	11	21	306.578938	29	281.59	23	284.64	4	297.74	1	300.03
bsb_david	11	22	559.658938	53	518.94	42	523.01	5	549.52	1	552.09
bsb_david	12	1	245.198938	18	225.96	16	226.8	2	236.83	1	237.57
bsb_david	12	2	313.634938	25	291.03	22	292.04	4	304.21	1	307.41
bsb_david	12	3	300.566938	27	280.03	17	284.65	1	293.92	1	293.92
bsb_david	12	4	467.354938	44	434.21	36	437.93	5	458.1	1	461.34
bsb_david	12	5	345.638938	27	323.27	23	324.88	2	338.57	1	339.48
bsb_david	12	6	361.118938	33	334.3	28	335.88	3	353.08	1	354.49
bsb_david	12	7	282.674938	20	262.91	16	264.15	3	272.61	1	274.42
bsb_david	12	8	354.422938	29	329.64	25	331.4	5	344.08	1	347.54
bsb_david	12	9	443.774938	37	418.71	27	421.69	3	435.45	1	437.33
bsb_david	12	10	427.358938	36	403.73	27	406.06	4	419.98	1	421.72
bsb_david	12	11	243.110938	21	227.89	14	230.54	4	234.02	1	236.0
bsb_david	12	12	245.306938	21	228.73	12	232.22	2	238.78	1	239.03
bsb_david	12	13	302.582938	25	281.87	19	284.62	3	292.53	1	293.64
bsb_david	12	14	318.314938	29	293.93	18	299.25	6	307.19	1	309.45
bsb_david	12	15	403.094938	38	373.19	28	377.05	7	388.74	1	394.62
bsb_david	12	16	230.474938	20	214.38	12	217.47	2	223.14	1	223.73
bsb_david	12	17	456.410938	41	427.12	20	437.2	3	448.74	1	450.01
bsb_david	12	18	428.942938	37	404.64	20	411.08	3	420.23	1	422.03
bsb_david	12	19	415.010938	37	392.79	21	397.64	5	405.12	1	408.45
bsb_david	12	20	248.474938	21	229.53	15	231.91	3	241.82	1	243.38
bsb_david	12	21	272.090938	26	252.41	12	258.22	3	263.85	1	265.31
bsb_david	12	22	228.386938	20	213.56	10	216.62	4	219.97	1	221.9
bsb_david	12	23	494.426938	37	466.5	25	472.72	6	484.44	1	488.43
bsb_david	12	24	218.522938	20	201.43	12	205.15	4	209.34	1	212.3
bsb_david	12	25	330.842938	30	305.78	15	314.75	6	320.45	1	323.88
bsb_david	13	1	330.122938	54	308.93	40	309.29	5	322.34	1	323.4
bsb_david	13	2	395.138938	55	369.03	39	373.66	1	388.32	1	388.32
bsb_david	13	3	174.674938	24	161.03	19	161.35	3	167.06	1	168.54
bsb_david	13	4	351.866938	43	331.24	26	334.66	4	343.86	1	345.07
bsb_david	13	5	258.194938	26	241.68	15	246.83	3	251.77	1	252.86
bsb_david	13	6	521.066938	81	489.47	54	494.58	4	513.36	1	514.78
bsb_david	13	7	340.526938	40	320.87	34	322.55	6	333.09	1	335.51
bsb_david	13	8	234.758938	40	217.8	24	219.55	2	228.52	1	229.15
bsb_david	13	9	368.822938	44	344.73	33	350.07	2	363.01	1	363.59
bsb_david	13	10	133.562938	14	120.38	8	123.04	3	125.81	1	127.28
bsb_david	13	11	375.230938	47	352.47	36	356.39	3	367.19	1	368.21
bsb_david	13	12	360.614938	40	336.49	30	338.9	2	352.82	1	353.51
bsb_david	13	13	144.110938	14	130.15	7	133.21	2	136.13	1	136.52
bsb_david	13	14	142.598938	17	127.57	7	131.4	2	135.26	1	135.93
bsb_david	13	15	278.066938	29	258.94	16	263.7	4	268.95	1	271.0
bsb_david	13	16	325.478938	43	302.58	16	311.01	4	317.38	1	319.88
bsb_david	13	17	275.942938	27	258.3	11	263.38	2	268.27	1	268.88
bsb_david	13	18	166.610938	17	151.96	11	154.5	2	159.73	1	160.08
bsb_david	13	19	217.622938	19	202.21	12	205.58	2	210.32	1	210.83
bsb_david	13	20	99.614938	8	90.37	7	90.46	2	93.53	1	94.27
bsb_david	13	21	330.050938	30	306.6	19	311.54	4	321.45	1	323.23
bsb_david	13	22	219.530938	19	203.53	10	206.78	2	212.29	1	212.82
bsb_david	13	23	274.502938	32	255.01	22	259.64	5	266.24	1	267.98
bsb_david	13	24	226.298938	31	209.12	29	210.64	2	219.55	1	220.02
bsb_david	13	25	238.214938	31	222.05	29	222.62	1	232.15	1	232.15
bsb_david	13	26	306.974938	32	283.86	17	290.74	2	298.58	1	299.17
bsb_david	13	27	324.398938	34	302.78	31	303.84	4	316.38	1	318.22
bsb_david	13	28	275.690938	21	259.8	12	264.29	2	269.59	1	270.22
bsb_david	13	29	351.902938	30	331.41	15	336.92	4	342.73	1	344.35
bsb_david	14	1	181.802938	17	167.14	10	170.26	2	174.4	1	175.59
bsb_david	14	2	224.246938	18	209.93	11	212.26	2	217.22	1	218.15
bsb_david	14	3	174.242938	17	159.25	8	163.43	4	165.01	1	166.59
bsb_david	14	4	202.286938	22	188.55	19	189.89	5	194.62	1	196.25
bsb_david	14	5	172.478938	14	158.95	9	162.12	1	167.09	1	167.09
bsb_david	14	6	476.750938	42	452.32	20	458.99	2	469.68	1	470.32
bsb_david	14	7	261.794938	22	245.07	13	248.24	3	252.64	1	253.94
bsb_david	14	8	188.534938	18	174.97	9	178.67	1	183.22	1	183.22
bsb_david	14	9	319.502938	31	297.96	14	305.8	3	311.38	1	313.24
bsb_david	14	10	195.302938	19	177.15	11	180.4	2	186.92	1	187.41
bsb_david	14	11	189.686938	23	174.56	7	180.07	4	181.5	1	182.5
bsb_david	14	12	191.990938	16	175.21	9	178.45	2	184.46	1	185.22
bsb_david	14	13	236.774938	22	220.77	11	225.66	2	230.02	1	230.65
bsb_david	14	14	168.410938	15	156.06	7	158.88	1	162.36	1	162.36
bsb_david	14	15	180.146938	19	165.89	5	171.41	2	172.84	1	174.22
bsb_david	14	16	169.778938	14	156.56	7	159.97	3	163.63	1	164.5
bsb_david	14	17	178.454938	19	161.91	10	164.98	1	171.4	1	171.4
bsb_david	14	18	382.718938	34	356.83	30	357.63	3	375.13	1	377.07
bsb_david	14	19	146.126938	11	133.05	4	136.22	2	137.8	1	138.56
bsb_david	14	20	419.762938	37	392.59	22	398.48	7	409.57	1	413.38
bsb_david	14	21	238.718938	20	222.41	13	226.09	4	230.62	1	233.52
bsb_david	14	22	176.870938	12	165.01	8	166.87	3	169.47	1	170.83
bsb_david	14	23	266.366938	21	251.14	10	255.17	3	258.39	1	260.28
bsb_david	14	24	328.358938	27	306.37	16	312.78	4	319.3	1	320.98
bsb_david	14	25	335.738938	28	313.21	17	317.36	5	326.38	1	329.64
bsb_david	14	26	260.858938	23	241.66	11	247.08	1	252.9	1	252.9
bsb_david	14	27	88.454938	9	76.76	4	78.46	1	80.8	1	80.8
bsb_david	14	28	322.022938	27	301.48	12	309.22	3	314.87	1	315.87
bsb_david	14	29	416.882938	36	389.98	22	396.74	2	408.23	1	408.75
bsb_david	14	30	320.546938	27	302.89	13	307.41	2	314.51	1	315.1
bsb_david	14	31	288.326938	21	268.85	11	273.26	3	278.52	1	280.65
bsb_david	14	32	381.674938	33	359.69	16	367.56	5	372.72	1	375.27
bsb_david	14	33	277.562938	25	257.8	11	264.74	3	269.54	1	271.12
bsb_david	14	34	414.290938	33	391.96	18	396.35	6	403.55	1	406.3
bsb_david	14	35	339.590938	27	319.66	14	325.78	3	330.95	1	332.24
bsb_david	14	36	289.190938	23	267.36	16	270.26	6	277.67	1	281.26
bsb_david	15	1	128.054938	11	116.94	9	117.57	2	121.06	1	122.06
bsb_david	15	2	416.126938	70	390.42	64	392.47	2	410.32	1	410.93
bsb_david	15	3	198.866938	13	184.12	9	185.79	2	190.99	1	192.21
bsb_david	15	4	270.326938	24	249.71	17	251.85	3	262.1	1	262.67
bsb_david	15	5	203.906938	17	188.68	13	190.09	2	197.28	1	197.81
bsb_david	15	6	278.642938	22	262.24	16	264.3	4	271.52	1	272.94
bsb_david	15	7	285.230938	28	268.48	11	274.03	3	276.55	1	277.59
bsb_david	15	8	362.990938	36	342.0	28	345.45	5	355.06	1	357.8
bsb_david	15	9	221.078938	15	207.88	9	209.66	2	214.59	1	215.48
bsb_david	15	10	399.458938	44	374.96	31	379.62	3	391.83	1	393.23
bsb_david	16	1	141.734938	11	131.65	8	132.79	1	136.12	1	136.12
bsb_david	16	2	238.466938	20	222.35	15	223.87	2	231.45	1	232.17
bsb_david	16	3	346.142938	32	330.27	13	336.77	1	341.37	1	341.37
bsb_david	16	4	229.646938	23	212.86	16	215.06	2	223.82	1	224.07
bsb_david	16	5	226.082938	19	210.0	13	212.95	2	219.95	1	220.51
bsb_david	16	6	209.810938	19	194.98	14	196.65	2	203.6	1	203.88
bsb_david	16	7	487.802938	73	458.98	64	461.69	3	480.6	1	481.74
bsb_david	16	8	258.194938	18	241.76	13	243.88	2	251.26	1	252.14
bsb_david	16	9	473.042938	38	451.43	15	461.04	1	467.09	1	467.09
bsb_david	16	10	285.950938	39	269.54	34	271.31	2	278.73	1	279.7
bsb_david	16	11	304.670938	36	287.73	16	292.22	2	297.72	1	298.48
bsb_david	16	12	412.130938	47	386.65	31	393.66	3	404.4	1	405.8
bsb_david	16	13	359.822938	31	337.46	17	343.09	5	351.68	1	353.34
bsb_david	17	1	255.854938	22	237.27	13	240.88	3	248.41	1	250.37
bsb_david	17	2	285.590938	23	265.86	15	269.39	4	277.68	1	279.52
bsb_david	17	3	194.546938	15	179.66	10	182.58	1	189.3	1	189.3
bsb_david	17	4	186.014938	17	171.94	10	175.17	1	180.52	1	180.52
bsb_david	17	5	161.354938	14	147.68	11	148.98	2	155.41	1	156.65
bsb_david	17	6	171.362938	14	155.48	11	156.87	1	165.13	1	165.13
bsb_david	17	7	131.510938	10	120.05	8	120.63	2	125.32	1	125.65
bsb_david	17	8	237.458938	17	222.38	11	225.76	2	231.65	1	232.17
bsb_david	17	9	346.250938	32	326.4	14	332.19	3	339.2	1	340.29
bsb_david	17	10	38.522938	3	32.31	2	32.89	1	33.06	1	33.06
bsb_david	18	1	227.234938	22	207.43	14	209.34	3	218.4	1	219.22
bsb_david	18	2	142.202938	13	127.75	10	129.03	2	135.83	1	136.43
bsb_david	18	3	145.406938	26	130.66	4	137.77	1	139.33	1	139.33
bsb_david	18	4	127.694938	21	114.11	6	119.39	1	121.5	1	121.5
bsb_david	18	5	149.726938	27	137.3	4	143.14	1	144.12	1	144.12
bsb_david	18	6	166.538938	30	149.22	8	157.86	1	161.22	1	161.22
bsb_david	18	7	138.710938	21	127.15	4	132.24	1	133.39	1	133.39
bsb_david	18	8	128.558938	22	114.83	5	120.74	1	122.45	1	122.45
bsb_david	18	9	203.258938	35	182.19	6	195.17	1	197.69	1	197.69
bsb_david	18	10	137.450938	22	123.52	4	129.72	1	130.78	1	130.78
bsb_david	18	11	119.954938	20	103.91	6	110.52	1	113.23	1	113.23
bsb_david	18	12	148.970938	25	135.29	5	141.67	1	143.35	1	143.35
bsb_david	18	13	148.502938	28	132.8	5	140.41	1	142.7	1	142.7
bsb_david	18	14	143.642938	22	129.91	4	137.31	1	138.95	1	138.95
bsb_david	18	15	210.638938	35	191.1	7	200.61	1	203.89	1	203.89
bsb_david	18	16	128.702938	22	116.7	6	121.63	1	123.46	1	123.46
bsb_david	18	17	93.350938	16	82.96	4	87.76	1	88.84	1	88.84
bsb_david	18	18	114.086938	21	100.16	5	107.9	1	109.43	1	109.43
bsb_david	18	19	166.394938	29	150.62	7	157.48	1	159.56	1	159.56
bsb_david	18	20	175.934938	29	155.1	6	165.85	1	169.21	1	169.21
bsb_david	18	21	195.122938	34	175.96	7	185.39	1	189.16	1	189.16
bsb_david	18	22	165.170938	30	147.63	6	156.39	1	159.4	1	159.4
bsb_david	18	23	93.386938	17	81.93	4	85.87	1	86.74	1	86.74
bsb_david	18	24	178.238938	25	158.86	6	167.97	1	170.81	1	170.81
bsb_david	18	25	36.938938	6	28.36	2	28.84	1	29.77	1	29.77
bsb_david	18	26	80.498938	14	69.16	3	74.41	1	75.04	1	75.04
bsb_david	18	27	134.282938	23	119.17	4	126.39	2	126.82	1	127.15
bsb_david	18	28	161.822938	28	146.38	3	154.81	1	155.58	1	155.58
bsb_david	18	29	134.966938	25	120.02	5	125.59	1	127.96	1	127.96
bsb_david	18	30	189.614938	31	169.45	5	180.4	2	182.43	1	182.8
bsb_david	18	31	234.110938	40	210.9	9	222.81	1	227.47	1	227.47
bsb_david	18	32	148.898938	22	132.87	6	140.14	1	143.52	1	143.52
bsb_david	18	33	189.326938	33	170.9	6	180.65	1	184.1	1	184.1
bsb_david	18	34	219.998938	37	200.95	6	211.24	1	213.38	1	213.38
bsb_david	18	35	97.382938	16	84.55	3	90.78	1	91.55	1	91.55
bsb_david	18	36	187.346938	33	169.3	7	179.16	1	181.87	1	181.87
bsb_david	18	37	151.814938	24	136.28	3	145.24	1	146.38	1	146.38
bsb_david	18	38	222.122938	41	200.37	11	209.75	1	215.42	1	215.42
bsb_david	18	39	174.026938	30	155.51	6	164.17	1	167.54	1	167.54
bsb_david	18	40	131.402938	24	115.25	8	120.7	2	123.46	1	124.22
bsb_david	18	41	175.970938	34	157.66	5	167.86	1	169.51	1	169.51
bsb_david	18	42	157.538938	17	142.39	7	147.24	3	149.01	1	151.06
bsb_david	19	1	44.354938	6	38.12	3	39.45	1	40.19	1	40.19
bsb_david	19	2	76.502938	12	65.43	4	69.0	1	70.74	1	70.74
bsb_david	19	3	52.382938	8	42.23	2	43.62	1	43.68	1	43.68
bsb_david	19	4	59.906938	8	47.93	4	48.42	1	49.62	1	49.62
bsb_david	19	5	104.798938	12	88.34	7	90.92	1	94.02	1	94.02
bsb_david	19	6	67.214938	10	53.01	4	54.65	1	55.62	1	55.62
bsb_david	19	7	121.754938	17	104.74	5	107.76	1	109.34	1	109.34
bsb_david	19	8	68.510938	9	54.83	5	56.21	1	58.1	1	58.1
bsb_david	19	9	134.642938	20	118.29	7	123.32	1	125.22	1	125.22
bsb_david	19	10	129.170938	18	118.27	5	121.92	1	123.73	1	123.73
bsb_david	19	11	58.070938	7	48.51	4	49.53	1	50.53	1	50.53
bsb_david	19	12	64.262938	8	50.87	3	52.56	1	53.94	1	53.94
bsb_david	19	13	47.306938	6	36.69	3	37.79	1	38.82	1	38.82
bsb_david	19	14	60.806938	7	49.92	5	50.46	1	51.8	1	51.8
bsb_david	19	15	43.310938	5	35.22	2	35.95	1	36.2	1	36.2
bsb_david	19	16	83.846938	11	69.2	4	72.9	1	73.93	1	73.93
bsb_david	19	17	112.178938	15	102.57	6	103.99	1	106.09	1	106.09
bsb_david	19	18	335.594938	50	299.27	15	311.86	1	318.92	1	318.92
bsb_david	19	19	104.582938	14	93.48	4	95.95	1	97.59	1	97.59
bsb_david	19	20	64.730938	9	53.27	2	55.33	1	55.79	1	55.79
bsb_david	19	21	91.046938	13	77.56	6	79.69	1	82.63	1	82.63
bsb_david	19	22	213.086938	31	187.33	10	196.02	1	201.08	1	201.08
bsb_david	19	23	47.306938	6	39.14	2	40.38	1	40.82	1	40.82
bsb_david	19	24	75.962938	10	63.72	2	67.06	1	67.61	1	67.61
bsb_david	19	25	132.950938	22	118.68	7	123.43	1	126.36	1	126.36
bsb_david	19	26	75.674938	12	63.27	5	66.07	1	67.98	1	67.98
bsb_david	19	27	116.786938	14	105.32	5	108.3	1	109.55	1	109.55
bsb_david	19	28	76.610938	9	68.36	4	69.89	1	70.83	1	70.83
bsb_david	19	29	76.538938	11	64.49	4	66.53	1	67.72	1	67.72
bsb_david	19	30	85.970938	12	72.87	5	74.4	1	75.93	1	75.93
bsb_david	19	31	180.758938	24	163.7	9	168.37	1	171.28	1	171.28
bsb_david	19	32	92.018938	11	79.48	3	82.57	1	83.17	1	83.17
bsb_david	19	33	125.102938	22	113.22	7	116.72	1	120.09	1	120.09
bsb_david	19	34	128.702938	22	108.54	7	113.5	1	116.29	1	116.29
bsb_david	19	35	195.194938	28	178.21	8	184.18	1	188.76	1	188.76
bsb_david	19	36	89.858938	12	75.76	3	78.72	1	79.66	1	79.66
bsb_david	19	37	251.066938	40	227.69	21	235.5	1	244.71	1	244.71
bsb_david	19	38	128.738938	22	109.46	6	116.93	1	120.78	1	120.78
bsb_david	19	39	111.386938	13	97.46	3	100.64	1	101.81	1	101.81
bsb_david	19	40	142.814938	17	128.03	7	132.21	1	135.28	1	135.28
bsb_david	19	41	88.238938	13	73.88	4	78.12	1	79.64	1	79.64
bsb_david	19	42	105.122938	11	91.32	5	93.98	1	95.49	1	95.49
bsb_david	19	43	52.274938	5	45.06	3	45.84	1	46.94	1	46.94
bsb_david	19	44	160.130938	26	141.38	6	147.23	1	150.08	1	150.08
bsb_david	19	45	128.126938	17	110.62	6	114.57	1	116.07	1	116.07
bsb_david	19	46	87.518938	11	69.95	3	72.76	1	74.46	1	74.46
bsb_david	19	47	62.030938	9	49.83	3	51.68	1	52.17	1	52.17
bsb_david	19	48	90.866938	14	78.49	4	81.43	1	82.05	1	82.05
bsb_david	19	49	132.338938	20	115.47	4	120.13	1	122.27	1	122.27
bsb_david	19	50	147.962938	23	131.54	3	139.79	1	141.4	1	141.4
bsb_david	19	51	139.394938	19	117.59	5	123.83	1	126.15	1	126.15
bsb_david	19	52	82.226938	9	64.96	2	66.58	1	67.19	1	67.19
bsb_david	19	53	64.550938	6	52.45	5	52.8	1	54.46	1	54.46
bsb_david	19	54	55.478938	7	38.14	1	39.73	1	39.73	1	39.73
bsb_david	19	55	150.590938	23	133.73	7	137.5	1	140.74	1	140.74
bsb_david	19	56	96.662938	13	78.2	6	80.32	1	82.35	1	82.35
bsb_david	19	57	93.206938	11	77.89	4	79.73	1	80.34	1	80.34
bsb_david	19	58	79.958938	11	66.89	4	68.08	1	69.32	1	69.32
bsb_david	19	59	138.710938	17	117.45	4	123.75	1	124.95	1	124.95
bsb_david	19	60	94.898938	12	69.21	4	71.02	1	72.94	1	72.94
bsb_david	19	61	62.354938	8	49.67	2	51.96	1	52.41	1	52.41
bsb_david	19	62	93.386938	12	79.22	3	80.78	1	81.45	1	81.45
bsb_david	19	63	77.510938	11	64.14	4	67.01	1	68.11	1	68.11
bsb_david	19	64	70.634938	10	59.92	4	61.07	1	62.19	1	62.19
bsb_david	19	65	100.226938	13	85.63	3	88.82	1	89.99	1	89.99
bsb_david	19	66	125.930938	20	110.97	4	115.99	1	117.23	1	117.23
bsb_david	19	67	49.142938	7	38.25	3	39.36	1	39.86	1	39.86
bsb_david	19	68	258.914938	35	236.05	9	244.27	1	248.48	1	248.48
bsb_david	19	69	230.114938	36	207.09	7	217.33	1	220.01	1	220.01
bsb_david	19	70	45.686938	5	34.49	3	35.15	1	36.08	1	36.08
bsb_david	19	71	172.334938	24	156.64	8	161.77	1	166.0	1	166.0
bsb_david	19	72	140.906938	20	126.42	7	131.43	1	133.98	1	133.98
bsb_david	19	73	156.746938	28	138.17	8	145.57	1	149.61	1	149.61
bsb_david	19	74	149.762938	23	134.6	6	139.48	1	141.6	1	141.6
bsb_david	19	75	75.422938	10	58.81	5	59.92	1	62.5	1	62.5
bsb_david	19	76	79.310938	12	65.31	3	67.19	1	67.79	1	67.79
bsb_david	19	77	131.726938	20	115.05	4	120.16	1	121.94	1	121.94
bsb_david	19	78	429.590938	72	393.49	19	414.25	1	422.56	1	422.56
bsb_david	19	79	113.366938	13	100.36	4	103.91	1	105.52	1	105.52
bsb_david	19	80	125.354938	19	107.74	5	112.14	1	114.59	1	114.59
bsb_david	19	81	97.310938	16	85.51	3	87.94	1	88.8	1	88.8
bsb_david	19	82	54.074938	8	42.64	3	44.55	1	45.45	1	45.45
bsb_david	19	83	108.290938	18	93.75	4	96.95	1	98.93	1	98.93
bsb_david	19	84	94.826938	12	80.69	4	81.59	1	82.71	1	82.71
bsb_david	19	85	86.006938	13	72.36	4	74.71	1	76.55	1	76.55
bsb_david	19	86	119.630938	17	105.31	6	109.89	1	112.19	1	112.19
bsb_david	19	87	55.154938	7	43.26	3	44.14	1	45.41	1	45.41
bsb_david	19	88	118.406938	18	97.95	5	101.84	1	103.66	1	103.66
bsb_david	19	89	317.126938	52	291.61	12	303.24	1	307.64	1	307.64
bsb_david	19	90	113.438938	17	99.9	6	104.19	1	105.84	1	105.84
bsb_david	19	91	105.770938	16	93.08	4	97.85	1	99.96	1	99.96
bsb_david	19	92	94.034938	15	80.88	5	83.31	1	84.7	1	84.7
bsb_david	19	93	41.834938	5	35.65	3	35.99	1	36.49	1	36.49
bsb_david	19	94	138.386938	23	124.62	6	129.58	1	132.22	1	132.22
bsb_david	19	95	73.658938	11	65.33	4	67.58	1	68.43	1	68.43
bsb_david	19	96	93.134938	13	84.9	5	86.49	1	88.09	1	88.09
bsb_david	19	97	79.994938	12	69.12	4	71.5	1	72.71	1	72.71
bsb_david	19	98	72.542938	9	61.56	3	64.69	1	66.32	1	66.32
bsb_david	19	99	65.306938	9	56.09	4	57.15	1	57.7	1	57.7
bsb_david	19	100	39.134938	5	29.7	3	30.14	1	30.83	1	30.83
bsb_david	19	101	73.514938	8	61.93	4	63.68	1	65.11	1	65.11
bsb_david	19	102	173.846938	28	153.18	7	159.83	1	161.83	1	161.83
bsb_david	19	103	133.634938	22	119.94	5	126.16	1	127.72	1	127.72
bsb_david	19	104	217.442938	35	198.76	10	207.45	1	211.67	1	211.67
bsb_david	19	105	237.350938	45	214.88	8	226.58	1	229.89	1	229.89
bsb_david	19	106	287.426938	48	259.0	15	272.45	1	280.76	1	280.76
bsb_david	19	107	241.274938	43	218.04	9	231.13	1	234.94	1	234.94
bsb_david	19	108	84.854938	13	71.52	3	73.96	1	75.42	1	75.42
bsb_david	19	109	191.162938	31	171.29	5	180.13	1	181.95	1	181.95
bsb_david	19	110	58.250938	7	45.19	4	46.6	1	48.4	1	48.4
bsb_david	19	111	75.602938	10	64.73	4	66.52	1	67.92	1	67.92
bsb_david	19	112	70.562938	10	61.61	4	64.34	1	65.76	1	65.76
bsb_david	19	113	50.798938	9	43.11	4	44.81	1	45.39	1	45.39
bsb_david	19	114	46.982938	8	37.57	3	38.98	1	39.86	1	39.86
bsb_david	19	115	101.774938	18	91.89	8	92.81	1	95.41	1	95.41
bsb_david	19	116	105.482938	19	93.39	8	97.45	1	100.19	1	100.19
bsb_david	19	117	20.666938	2	12.89	2	12.89	1	13.24	1	13.24
bsb_david	19	118	175.322938	29	158.7	7	165.32	1	168.84	1	168.84
bsb_david	19	119	912.494938	176	843.54	22	897.86	22	897.86	1	905.1
bsb_david	19	120	47.306938	7	34.82	3	36.37	1	38.03	1	38.03
bsb_david	19	121	47.486938	8	37.22	4	38.75	1	39.96	1	39.96
bsb_david	19	122	58.934938	9	43.94	3	48.2	1	49.07	1	49.07
bsb_david	19	123	34.814938	4	26.0	2	26.35	1	27.07	1	27.07
bsb_david	19	124	48.458938	8	35.73	2	37.38	1	38.33	1	38.33
bsb_david	19	125	42.410938	5	34.5	3	34.95	1	35.58	1	35.58
bsb_david	19	126	45.758938	6	36.02	2	37.31	1	37.63	1	37.63
bsb_david	19	127	43.598938	5	33.21	2	34.85	1	35.37	1	35.37
bsb_david	19	128	41.222938	6	32.31	2	33.65	1	34.08	1	34.08
bsb_david	19	129	51.698938	8	38.94	2	42.47	1	42.98	1	42.98
bsb_david	19	130	54.074938	8	42.53	4	43.91	1	45.54	1	45.54
bsb_david	19	131	30.962938	3	20.81	2	21.29	1	21.84	1	21.84
bsb_david	19	132	108.434938	18	93.84	4	98.28	1	100.32	1	100.32
bsb_david	19	133	29.270938	3	20.58	1	21.36	1	21.36	1	21.36
bsb_david	19	134	25.598938	3	14.02	2	14.55	1	15.74	1	15.74
bsb_david	19	135	129.566938	21	116.5	7	120.79	1	123.35	1	123.35
bsb_david	19	136	144.218938	26	134.9	1	137.78	1	137.78	1	137.78
bsb_david	19	137	61.202938	9	50.29	4	51.94	1	53.32	1	53.32
bsb_david	19	138	67.682938	8	57.67	3	60.05	1	61.5	1	61.5
bsb_david	19	139	150.122938	24	131.22	6	138.37	1	141.17	1	141.17
bsb_david	19	140	92.738938	13	78.91	2	80.79	1	81.04	1	81.04
bsb_david	19	141	82.838938	10	71.72	4	74.25	1	75.65	1	75.65
bsb_david	19	142	63.110938	7	47.93	4	49.28	1	51.26	1	51.26
bsb_david	19	143	97.202938	12	84.86	4	87.63	1	89.19	1	89.19
bsb_david	19	144	111.890938	15	100.84	6	103.66	1	105.76	1	105.76
bsb_david	19	145	127.370938	21	111.48	5	116.22	1	117.91	1	117.91
bsb_david	19	146	74.270938	10	63.63	5	64.48	1	65.82	1	65.82
bsb_david	19	147	112.826938	20	101.33	7	104.79	1	107.18	1	107.18
bsb_david	19	148	82.226938	14	72.82	3	73.72	1	74.66	1	74.66
bsb_david	19	149	59.582938	9	52.59	3	53.22	1	53.51	1	53.51
bsb_david	19	150	36.794938	6	28.78	3	29.27	1	29.99	1	29.99
bsb_david	20	1	196.454938	33	179.65	7	186.77	3	188.82	1	190.21
bsb_david	20	2	118.442938	22	104.37	5	109.86	1	112.22	1	112.22
bsb_david	20	3	200.594938	35	180.07	9	189.33	2	193.79	1	194.26
bsb_david	20	4	159.446938	27	142.97	3	150.8	1	152.43	1	152.43
bsb_david	20	5	130.754938	23	117.54	3	124.39	1	125.05	1	125.05
bsb_david	20	6	205.670938	35	187.65	10	195.3	2	199.11	1	199.95
bsb_david	20	7	148.790938	27	132.77	6	138.63	1	141.91	1	141.91
bsb_david	20	8	209.702938	36	190.06	8	199.59	1	203.84	1	203.84
bsb_david	20	9	110.414938	18	95.62	4	101.72	2	103.16	1	104.02
bsb_david	20	10	198.470938	32	180.92	32	180.92	1	191.99	1	191.99
bsb_david	20	11	205.346938	31	184.69	31	184.69	1	197.57	1	197.57
bsb_david	20	12	172.622938	28	156.36	28	156.36	1	167.52	1	167.52
bsb_david	20	13	159.158938	25	144.71	25	144.71	1	154.02	1	154.02
bsb_david	20	14	210.242938	35	191.58	35	191.58	1	203.26	1	203.26
bsb_david	20	15	206.966938	33	184.17	33	184.17	1	198.14	1	198.14
bsb_david	20	16	209.954938	33	189.26	33	189.26	1	202.41	1	202.41
bsb_david	20	17	169.850938	28	151.61	28	151.61	1	162.31	1	162.31
bsb_david	20	18	148.034938	24	131.78	24	131.78	1	142.16	1	142.16
bsb_david	20	19	178.706938	29	162.81	29	162.81	1	174.07	1	174.07
bsb_david	20	20	180.254938	30	162.98	30	162.98	1	172.46	1	172.46
bsb_david	20	21	182.810938	31	165.43	30	165.99	1	176.99	1	176.99
bsb_david	20	22	180.326938	29	162.21	22	163.96	7	170.61	1	173.64
bsb_david	20	23	208.766938	35	188.98	13	196.02	13	196.02	1	201.91
bsb_david	20	24	213.554938	34	193.56	16	199.28	12	202.61	1	207.22
bsb_david	20	25	188.786938	28	169.08	22	171.31	1	183.28	1	183.28
bsb_david	20	26	167.942938	28	150.26	5	159.8	1	161.36	1	161.36
bsb_david	20	27	170.966938	27	151.34	22	153.6	1	164.83	1	164.83
bsb_david	20	28	195.734938	28	175.73	28	175.73	1	188.63	1	188.63
bsb_david	20	29	176.798938	27	156.36	27	156.36	1	170.17	1	170.17
bsb_david	20	30	244.226938	33	222.04	22	226.13	1	237.51	1	237.51
bsb_david	20	31	172.658938	31	155.17	10	162.5	2	166.2	1	166.74
bsb_david	21	1	142.238938	18	127.9	10	131.07	2	135.46	1	135.59
bsb_david	21	2	247.286938	26	229.85	14	234.9	3	240.05	1	240.6
bsb_david	21	3	172.874938	22	156.38	6	162.48	3	164.14	1	166.18
bsb_david	21	4	138.782938	16	125.68	7	129.08	2	131.44	1	132.09
bsb_david	21	5	188.570938	20	173.44	10	177.24	2	181.17	1	181.63
bsb_david	21	6	112.610938	12	101.77	5	104.19	1	105.7	1	105.7
bsb_david	21	7	226.874938	29	207.98	14	214.37	2	220.82	1	221.69
bsb_david	21	8	176.294938	17	161.07	9	165.28	3	168.57	1	170.0
bsb_david	21	9	196.058938	18	180.77	10	183.54	3	187.95	1	188.99
bsb_david	21	10	139.466938	20	125.19	8	130.14	1	133.44	1	133.44
bsb_david	21	11	99.578938	10	88.63	5	90.14	2	91.77	1	92.47
bsb_david	21	12	139.250938	14	124.57	6	127.74	2	130.12	1	130.8
bsb_david	22	1	129.134938	17	115.65	12	117.65	10	118.4	1	122.02
bsb_david	22	2	137.666938	17	122.13	10	123.47	6	125.74	1	127.92
bsb_david	22	3	104.258938	11	90.79	6	93.78	2	96.39	1	96.95
bsb_david	22	4	150.410938	16	137.92	5	141.77	2	143.04	1	143.34
bsb_david	22	5	151.850938	16	137.49	6	141.89	4	142.71	1	143.68
bsb_david	22	6	110.630938	13	96.4	7	98.57	6	99.15	1	101.55
bsb_david	22	7	113.798938	13	101.69	6	104.72	2	107.13	1	107.51
bsb_david	22	8	134.570938	14	119.9	8	122.7	6	123.52	1	125.9
bsb_david	23	1	296.642938	31	278.37	18	282.0	3	288.62	1	289.68
bsb_david	23	2	199.010938	22	184.98	11	188.36	2	192.61	1	193.17
bsb_david	23	3	204.302938	26	187.94	13	192.25	2	198.35	1	198.85
bsb_david	23	4	66.638938	6	59.11	3	60.42	1	61.37	1	61.37
bsb_david	23	5	305.678938	30	284.97	18	290.7	2	299.35	1	299.79
bsb_david	23	6	141.446938	13	128.7	8	130.68	1	136.3	1	136.3
bsb_david	23	7	231.086938	25	216.38	11	220.62	3	225.07	1	225.91
bsb_david	23	8	196.634938	22	182.44	12	185.63	3	190.35	1	191.66
bsb_david	23	9	221.294938	21	206.17	10	210.84	4	213.98	1	215.26
bsb_david	23	10	315.686938	34	296.05	15	302.77	3	309.65	1	310.76
bsb_david	23	11	169.742938	16	156.47	6	159.93	1	162.5	1	162.5
bsb_david	23	12	53.390938	6	46.5	4	46.71	1	47.59	1	47.59
bsb_david	23	13	205.670938	22	191.96	7	197.45	1	200.34	1	200.34
bsb_david	23	14	302.978938	32	282.47	14	289.75	4	295.0	1	296.7
bsb_david	23	15	88.238938	9	79.99	5	81.03	1	81.71	1	81.71
bsb_david	23	16	154.586938	14	142.24	5	146.49	1	148.42	1	148.42
bsb_david	23	17	142.166938	14	130.78	5	134.28	1	135.9	1	135.9
bsb_david	23	18	91.730938	7	82.55	5	83.04	1	85.27	1	85.27
bsb_david	23	19	255.530938	25	235.99	11	241.7	2	246.97	1	247.39
bsb_david	23	20	67.682938	6	61.32	3	62.17	1	62.99	1	62.99
bsb_david	23	21	162.650938	17	148.36	13	149.57	3	154.12	1	155.7
bsb_david	23	22	228.170938	25	211.64	12	217.01	2	221.77	1	222.26
bsb_david	23	23	176.114938	18	162.12	8	166.35	1	169.4	1	169.4
bsb_david	23	24	193.178938	23	180.72	7	185.97	1	187.86	1	187.86
bsb_david	23	25	130.178938	12	119.31	5	121.58	1	123.32	1	123.32
bsb_david	23	26	195.554938	21	182.49	8	186.09	1	189.01	1	189.01
bsb_david	23	27	138.134938	13	125.23	6	128.89	1	132.23	1	132.23
bsb_david	23	28	300.062938	29	281.47	11	289.23	3	293.03	1	293.76
bsb_david	23	29	253.694938	24	236.44	10	242.34	2	246.71	1	247.28
bsb_david	23	30	355.574938	33	335.22	17	341.59	2	350.4	1	350.85
bsb_david	23	31	115.454938	9	106.46	5	107.69	1	109.58	1	109.58
bsb_david	23	32	162.146938	20	147.64	8	152.96	2	155.35	1	155.5
bsb_david	23	33	225.722938	24	211.35	10	215.94	1	220.67	1	220.67
bsb_david	23	34	183.890938	17	167.53	6	171.38	2	173.65	1	174.05
bsb_david	23	35	102.566938	10	92.62	4	94.67	1	95.98	1	95.98
bsb_david	23	36	254.774938	22	236.52	12	241.07	1	248.2	1	248.2
bsb_david	23	37	406.478938	38	383.0	21	388.41	5	396.37	1	400.92
bsb_david	23	38	198.758938	22	182.45	8	186.8	2	189.96	1	190.42
bsb_david	23	39	101.954938	8	92.01	5	92.95	1	95.57	1	95.57
bsb_david	23	40	289.262938	31	267.96	10	275.83	3	279.47	1	280.74
bsb_david	23	41	290.486938	29	273.44	8	279.82	2	282.88	1	283.77
bsb_david	23	42	244.622938	25	230.78	8	235.33	3	238.36	1	239.38
bsb_david	23	43	273.062938	28	253.77	12	260.07	3	265.93	1	266.91
bsb_david	23	44	332.174938	28	314.5	9	321.18	2	324.89	1	325.94
bsb_david	23	45	289.658938	25	272.16	14	277.64	1	284.01	1	284.01
bsb_david	23	46	134.858938	13	124.27	5	126.48	1	128.73	1	128.73
bsb_david	23	47	170.678938	15	160.51	5	164.39	1	166.35	1	166.35
bsb_david	23	48	227.522938	22	212.25	10	217.08	2	221.14	1	221.71
bsb_david	23	49	308.162938	26	287.83	14	292.2	1	300.25	1	300.25
bsb_david	23	50	139.934938	11	128.58	4	131.23	2	131.61	1	132.74
bsb_david	23	51	272.378938	23	256.53	9	262.23	2	265.33	1	266.06
bsb_david	23	52	154.298938	15	142.27	7	145.46	2	147.18	1	147.62
bsb_david	23	53	146.414938	12	134.83	5	138.06	2	139.9	1	140.3
bsb_david	23	54	181.802938	17	167.09	6	171.43	1	174.04	1	174.04
bsb_david	23	55	144.074938	13	131.26	5	134.85	1	137.49	1	137.49
bsb_david	23	56	135.722938	12	122.84	8	124.19	2	128.17	1	128.97
bsb_david	23	57	216.182938	21	200.99	11	204.71	3	209.01	1	210.56
bsb_david	23	58	183.170938	14	170.53	7	172.99	1	176.14	1	176.14
bsb_david	23	59	227.594938	21	213.15	9	218.32	2	221.41	1	221.88
bsb_david	23	60	243.722938	22	228.66	9	233.58	1	238.06	1	238.06
bsb_david	23	61	142.166938	11	132.87	4	135.17	1	136.82	1	136.82
bsb_david	23	62	133.454938	12	123.09	6	124.99	1	127.43	1	127.43
bsb_david	23	63	200.846938	19	187.71	9	191.53	3	194.07	1	195.04
bsb_david	23	64	118.802938	12	108.02	4	110.34	1	111.65	1	111.65
bsb_david	23	65	285.014938	25	269.31	12	274.11	2	278.83	1	279.56
bsb_david	23	66	293.798938	24	276.38	17	278.3	3	286.35	1	288.09
bsb_david	24	1	190.982938	19	174.52	15	176.3	1	184.69	1	184.69
bsb_david	24	2	385.490938	37	363.1	16	370.87	3	377.57	1	378.35
bsb_david	24	3	299.594938	25	280.96	12	287.48	3	292.04	1	293.73
bsb_david	24	4	328.034938	31	307.45	16	312.43	3	321.01	1	322.24
bsb_david	24	5	322.778938	31	302.74	16	308.87	2	317.12	1	317.89
bsb_david	24	6	313.814938	30	292.15	13	299.49	2	306.89	1	307.6
bsb_david	24	7	347.330938	34	324.64	12	335.04	3	339.63	1	340.86
bsb_david	24	8	258.626938	22	238.52	12	242.23	3	249.41	1	250.97
bsb_david	24	9	285.158938	26	266.71	15	270.47	1	279.54	1	279.54
bsb_david	24	10	249.338938	25	232.1	14	236.73	2	242.9	1	243.29
bsb_david	24	11	261.614938	23	242.08	10	249.09	2	254.48	1	254.99
bsb_david	24	12	197.822938	17	184.76	8	188.41	3	190.45	1	191.67
bsb_david	24	13	275.222938	27	253.35	14	260.94	3	267.57	1	269.07
bsb_david	24	14	256.106938	22	240.39	13	242.75	2	248.44	1	249.81
bsb_david	24	15	241.130938	21	226.8	12	229.8	3	234.2	1	234.96
bsb_david	24	16	250.490938	21	234.84	12	239.18	2	244.2	1	244.95
bsb_david	24	17	304.274938	27	281.94	11	289.86	3	295.13	1	296.74
bsb_david	24	18	228.566938	23	212.1	13	217.28	2	222.8	1	223.71
bsb_david	24	19	195.950938	15	183.27	7	185.83	1	188.79	1	188.79
bsb_david	24	20	212.582938	18	198.94	7	203.56	2	205.64	1	206.82
bsb_david	24	21	183.242938	14	168.76	6	172.71	2	176.07	1	177.23
bsb_david	24	22	314.174938	30	294.58	16	298.84	5	304.38	1	308.28
bsb_david	24	23	464.006938	40	429.59	25	439.43	3	455.87	1	457.35
bsb_david	24	24	123.374938	10	114.09	4	116.47	1	117.55	1	117.55
bsb_david	24	25	394.274938	38	370.56	17	377.63	3	387.2	1	388.64
bsb_david	24	26	271.694938	24	249.96	13	253.83	4	260.4	1	264.11
bsb_david	24	27	251.858938	22	233.98	10	239.46	1	245.89	1	245.89
bsb_david	24	28	198.758938	17	183.23	8	187.72	1	193.42	1	193.42
bsb_david	24	29	352.154938	32	332.23	11	340.15	2	345.18	1	345.99
bsb_david	24	30	256.538938	24	238.31	11	243.98	1	250.43	1	250.43
bsb_david	24	31	457.706938	40	427.71	26	433.8	2	449.11	1	450.46
bsb_david	24	32	499.970938	44	468.52	19	482.31	4	490.31	1	492.93
bsb_david	24	33	297.110938	26	278.57	11	284.78	2	290.18	1	290.66
bsb_david	24	34	279.182938	22	264.5	9	268.27	2	272.29	1	272.89
bsb_david	24	35	247.142938	19	230.58	11	234.53	2	239.84	1	240.65
bsb_david	24	36	374.330938	32	348.62	21	353.76	4	365.84	1	367.86
bsb_david	24	37	219.854938	21	199.93	12	205.04	2	211.47	1	212.37
bsb_david	24	38	333.866938	28	308.31	16	313.14	1	326.69	1	326.69
bsb_david	24	39	206.390938	18	191.4	9	195.3	2	198.07	1	198.55
bsb_david	24	40	235.154938	16	223.46	10	224.8	3	229.22	1	230.1
bsb_david	24	41	210.314938	18	196.57	9	200.14	2	204.14	1	204.6
bsb_david	24	42	243.758938	22	224.55	10	228.68	1	237.25	1	237.25
bsb_david	24	43	162.830938	13	149.81	6	152.64	1	155.97	1	155.97
bsb_david	24	44	412.454938	30	389.68	16	395.2	3	403.4	1	405.08
bsb_david	24	45	60.698938	5	50.68	3	51.43	1	52.35	1	52.35
bsb_david	24	46	313.886938	28	293.55	15	297.6	1	306.52	1	306.52
bsb_david	24	47	83.774938	7	75.24	5	76.33	1	77.93	1	77.93
bsb_david	24	48	429.914938	47	408.47	18	417.47	1	423.9	1	423.9
bsb_david	24	49	438.734938	39	413.05	19	422.2	5	429.97	1	432.91
bsb_david	24	50	528.518938	46	500.47	25	509.08	5	519.46	1	521.88
bsb_david	24	51	682.994938	64	644.89	29	658.49	4	674.87	1	676.6
bsb_david	24	52	354.782938	34	331.13	19	340.01	4	347.22	1	348.83
bsb_david	25	1	288.470938	22	270.03	22	270.03	1	281.09	1	281.09
bsb_david	25	2	316.262938	22	297.97	22	297.97	1	309.14	1	309.14
bsb_david	25	3	320.834938	66	289.89	22	305.41	3	313.64	1	315.35
bsb_david	25	4	218.990938	22	202.2	22	202.2	1	212.68	1	212.68
bsb_david	25	5	116.282938	22	102.73	5	107.25	1	108.95	1	108.95
bsb_david	26	1	269.462938	28	251.96	15	256.19	4	262.34	1	263.94
bsb_david	26	2	103.250938	10	91.47	6	92.91	1	96.27	1	96.27
bsb_david	26	3	279.902938	27	259.78	16	265.37	2	273.02	1	273.77
bsb_david	26	4	177.878938	17	163.93	10	165.64	2	170.36	1	171.04
bsb_david	26	5	213.518938	17	201.12	10	204.01	2	207.88	1	208.4
bsb_david	26	6	160.130938	14	148.06	7	151.11	2	153.41	1	153.8
bsb_david	26	7	277.094938	27	261.96	12	266.39	2	270.06	1	270.5
bsb_david	26	8	218.630938	18	201.74	15	203.24	1	213.66	1	213.66
bsb_david	26	9	145.838938	11	133.4	8	135.57	1	140.16	1	140.16
bsb_david	26	10	219.890938	22	202.72	9	208.8	1	213.94	1	213.94
bsb_david	26	11	251.030938	25	234.44	12	238.95	3	244.19	1	245.83
bsb_david	26	12	280.838938	28	260.58	14	266.95	2	274.06	1	275.42
bsb_david	26	13	259.742938	23	243.34	10	247.17	2	252.33	1	253.56
bsb_david	26	14	266.474938	23	250.94	10	253.86	2	258.86	1	259.8
bsb_david	26	15	72.074938	8	63.72	4	64.57	1	65.99	1	65.99
bsb_david	26	16	627.050938	63	592.01	24	609.02	3	619.59	1	620.62
bsb_david	26	17	266.942938	24	244.92	13	248.38	2	255.15	1	256.49
bsb_david	26	18	325.334938	32	305.59	19	309.44	1	318.62	1	318.62
bsb_david	26	19	131.366938	14	118.29	7	120.87	1	123.93	1	123.93
bsb_david	26	20	561.782938	49	532.76	24	541.32	5	552.93	1	554.6
bsb_david	26	21	343.046938	32	322.03	18	326.75	1	336.56	1	336.56
bsb_david	26	22	303.230938	31	284.15	16	289.9	3	295.03	1	297.54
bsb_david	26	23	486.038938	49	457.63	18	468.9	3	476.95	1	477.87
bsb_david	26	24	252.830938	27	236.26	12	239.88	2	245.33	1	246.22
bsb_david	26	25	179.606938	17	166.41	5	168.95	4	170.27	1	173.46
bsb_david	26	26	237.926938	21	223.87	8	227.75	1	231.45	1	231.45
bsb_david	26	27	307.226938	36	286.74	19	293.09	1	299.8	1	299.8
bsb_david	26	28	288.290938	26	270.76	15	275.52	4	280.36	1	282.84
bsb_david	26	29	248.078938	21	232.03	11	235.61	3	239.62	1	241.02
bsb_david	26	30	257.510938	26	240.11	16	244.24	2	250.34	1	251.41
bsb_david	26	31	226.874938	18	213.71	10	216.79	1	221.52	1	221.52
bsb_david	26	32	375.374938	32	351.02	16	358.32	2	366.74	1	367.54
bsb_david	26	33	384.698938	33	358.27	18	364.54	3	376.2	1	377.31
bsb_david	26	34	320.582938	31	297.1	13	305.7	3	312.57	1	314.07
bsb_david	26	35	141.986938	15	132.58	7	134.35	1	136.77	1	136.77
bsb_david	26	36	425.558938	38	401.21	16	409.65	2	417.72	1	418.83
bsb_david	26	37	307.118938	28	288.53	13	293.36	2	299.26	1	300.53
bsb_david	26	38	260.102938	23	246.58	8	251.66	1	254.27	1	254.27
bsb_david	26	39	312.050938	29	293.04	9	300.92	2	303.5	1	304.35
bsb_david	26	40	499.250938	49	471.38	25	480.76	9	488.2	1	493.26
bsb_david	26	41	277.814938	26	259.96	11	265.48	3	269.86	1	271.17
bsb_david	26	42	188.066938	20	171.88	11	176.86	2	180.48	1	181.1
bsb_david	26	43	312.158938	27	291.61	11	299.92	2	305.66	1	306.04
bsb_david	26	44	350.714938	31	328.06	14	335.93	3	342.65	1	343.78
bsb_david	26	45	318.350938	25	298.06	14	303.79	4	310.72	1	311.63
bsb_david	26	46	296.678938	24	277.26	11	283.56	2	289.64	1	290.17
bsb_david	26	47	260.642938	23	244.51	17	247.14	2	253.81	1	254.33
bsb_david	26	48	373.178938	35	353.04	29	355.57	6	365.08	1	367.58
bsb_david	27	1	201.170938	21	183.73	11	187.82	3	193.24	1	194.4
bsb_david	27	2	528.626938	49	494.24	26	503.21	4	519.41	1	522.22
bsb_david	27	3	367.526938	30	347.07	16	351.46	3	360.19	1	361.56
bsb_david	27	4	469.550938	37	441.93	22	449.08	5	458.54	1	462.24
bsb_david	27	5	379.298938	31	355.54	18	361.74	3	371.07	1	372.45
bsb_david	27	6	326.522938	28	303.02	18	307.77	3	319.98	1	320.78
bsb_david	27	7	351.290938	28	330.01	16	336.66	4	343.15	1	344.97
bsb_david	27	8	295.346938	27	274.18	15	280.79	2	289.45	1	290.08
bsb_david	27	9	347.402938	27	330.01	14	334.77	2	339.6	1	340.59
bsb_david	27	10	226.298938	21	209.77	10	214.17	1	220.25	1	220.25
bsb_david	27	11	495.614938	45	470.96	24	479.39	2	490.08	1	490.82
bsb_david	27	12	156.422938	13	142.58	9	144.08	1	150.52	1	150.52
bsb_david	28	1	132.158938	11	120.21	7	122.22	1	125.98	1	125.98
bsb_david	28	2	232.382938	23	214.55	7	221.67	2	225.01	1	225.35
bsb_david	28	3	58.574938	5	50.27	3	51.19	1	52.59	1	52.59
bsb_david	28	4	181.874938	19	168.77	6	173.7	1	175.56	1	175.56
bsb_david	28	5	137.846938	15	123.97	4	128.4	1	129.82	1	129.82
bsb_david	28	6	99.146938	11	88.65	5	91.75	1	93.25	1	93.25
bsb_david	28	7	147.422938	16	135.67	5	140.18	1	141.98	1	141.98
bsb_david	28	8	124.922938	14	116.51	4	118.84	1	119.48	1	119.48
bsb_david	28	9	173.630938	17	159.85	5	163.6	1	165.16	1	165.16
bsb_david	28	10	168.482938	15	155.56	6	159.85	1	162.28	1	162.28
bsb_david	28	11	117.794938	12	106.28	3	109.67	2	110.28	1	110.83
bsb_david	28	12	121.394938	14	108.81	6	112.3	1	114.99	1	114.99
bsb_david	28	13	160.562938	16	147.43	9	150.55	3	153.53	1	154.52
bsb_david	28	14	94.826938	9	84.87	4	85.96	2	86.64	1	87.53
bsb_david	29	1	197.174938	20	182.94	7	188.21	3	189.81	1	190.81
bsb_david	29	2	348.590938	32	328.78	13	335.58	4	340.36	1	342.6
bsb_david	29	3	202.214938	21	188.45	9	192.63	2	194.97	1	195.31
bsb_david	30	1	166.718938	15	153.08	10	154.88	1	160.74	1	160.74
bsb_david	30	2	156.782938	16	144.95	6	148.52	1	150.9	1	150.9
bsb_david	30	3	144.614938	15	129.73	9	132.45	1	137.97	1	137.97
bsb_david	30	4	144.650938	13	135.96	3	139.18	1	140.39	1	140.39
bsb_david	30	5	252.542938	27	231.39	14	236.93	3	241.86	1	243.95
bsb_david	30	6	141.266938	14	129.44	7	131.65	2	134.76	1	135.47
bsb_david	30	7	176.510938	17	161.3	11	163.52	2	169.64	1	170.32
bsb_david	30	8	141.302938	14	129.97	8	131.67	1	135.06	1	135.06
bsb_david	30	9	181.010938	15	169.0	5	172.61	2	174.12	1	174.89
bsb_david	31	1	226.262938	21	210.49	4	217.89	2	219.49	1	220.08
bsb_david	32	1	188.210938	17	165.51	15	166.25	3	175.36	1	176.24
bsb_david	32	2	84.530938	10	73.45	5	74.31	1	76.76	1	76.76
bsb_david	32	3	99.578938	10	88.15	8	88.76	1	93.02	1	93.02
bsb_david	32	4	113.474938	11	100.51	7	101.97	1	107.49	1	107.49
bsb_david	33	1	165.530938	16	153.76	7	156.23	2	158.62	1	159.27
bsb_david	33	2	136.658938	13	126.0	8	127.78	3	130.28	1	131.39
bsb_david	33	3	133.058938	12	120.72	7	122.31	1	125.82	1	125.82
bsb_david	33	4	164.522938	13	153.12	6	156.45	2	157.92	1	159.15
bsb_david	33	5	152.858938	15	141.6	4	145.69	2	146.68	1	147.19
bsb_david	33	6	161.066938	16	147.86	7	151.4	2	153.76	1	154.51
bsb_david	33	7	214.490938	20	199.94	8	203.92	3	205.64	1	206.79
bsb_david	34	1	160.130938	15	145.95	8	148.73	1	153.89	1	153.89
bsb_david	34	2	133.454938	13	123.59	6	125.43	1	127.49	1	127.49
bsb_david	34	3	180.974938	19	169.1	7	172.58	1	174.89	1	174.89
bsb_david	35	1	164.702938	17	149.28	4	154.62	3	155.16	1	156.87
bsb_david	35	2	206.246938	20	192.21	10	195.85	2	200.99	1	201.61
bsb_david	35	3	173.918938	19	160.52	6	166.34	2	167.49	1	167.69
bsb_david	36	1	193.430938	18	179.29	7	182.87	2	185.86	1	186.43
bsb_david	36	2	172.802938	15	158.13	7	161.54	4	163.25	1	165.5
bsb_david	36	3	208.622938	20	193.74	5	199.64	4	200.53	1	202.08
bsb_david	37	1	169.346938	15	155.48	11	156.13	2	160.68	1	161.23
bsb_david	37	2	255.134938	23	235.92	10	241.85	3	246.24	1	248.27
bsb_david	38	1	231.266938	21	209.3	17	210.07	3	222.0	1	223.91
bsb_david	38	2	118.370938	13	106.73	6	109.35	2	112.15	1	112.73
bsb_david	38	3	115.238938	10	103.11	6	104.73	1	108.14	1	108.14
bsb_david	38	4	120.314938	14	105.32	10	106.4	1	114.06	1	114.06
bsb_david	38	5	111.098938	11	97.42	10	98.11	2	104.22	1	104.73
bsb_david	38	6	145.730938	15	132.64	8	135.75	2	139.12	1	140.03
bsb_david	38	7	136.010938	14	121.67	5	125.69	1	129.23	1	129.23
bsb_david	38	8	244.262938	23	226.2	11	230.09	1	237.27	1	237.27
bsb_david	38	9	189.542938	17	176.72	5	181.11	3	181.63	1	182.74
bsb_david	38	10	134.966938	12	122.97	4	126.73	1	128.75	1	128.75
bsb_david	38	11	184.466938	17	169.33	11	171.2	2	175.97	1	177.02
bsb_david	38	12	153.650938	14	133.88	10	136.11	3	138.29	1	139.11
bsb_david	38	13	112.106938	9	102.43	4	104.2	2	105.75	1	106.62
bsb_david	38	14	237.422938	21	219.39	9	225.96	2	229.36	1	230.31
bsb_david	39	1	184.034938	14	173.34	12	174.26	2	178.32	1	179.32
bsb_david	39	2	215.138938	17	200.14	13	202.28	2	206.74	1	207.36
bsb_david	39	3	198.686938	18	185.48	13	187.04	3	191.83	1	192.44
bsb_david	39	4	69.230938	6	60.14	4	60.56	1	61.96	1	61.96
bsb_david	40	1	218.702938	25	198.64	19	200.58	2	211.09	1	211.89
bsb_david	40	2	224.606938	23	204.04	13	208.12	4	216.07	1	218.62
bsb_david	40	3	144.974938	17	131.65	8	134.97	2	139.07	1	139.93
bsb_david	40	4	207.074938	25	184.4	16	188.65	4	198.85	1	201.58
bsb_david	40	5	367.958938	48	339.65	16	352.49	9	356.13	1	360.48
bsb_david	40	6	280.874938	34	260.75	15	268.34	6	272.55	1	275.43
bsb_david	40	7	215.714938	29	197.78	13	204.66	6	207.88	1	210.54
bsb_david	40	8	285.842938	34	259.2	23	263.3	6	276.29	1	280.51
bsb_david	40	9	315.182938	38	288.0	23	295.71	7	306.44	1	309.38
bsb_david	40	10	324.614938	42	303.06	17	312.46	7	316.5	1	319.27
bsb_david	40	11	244.406938	30	223.82	15	230.11	4	235.12	1	237.89
bsb_david	40	12	402.734938	50	370.0	22	382.11	9	390.45	1	395.56
bsb_david	40	13	482.582938	58	448.84	35	457.31	11	468.26	1	475.74
bsb_david	40	14	267.878938	36	239.57	22	244.78	4	259.48	1	261.12
bsb_david	40	15	298.370938	39	268.73	22	275.66	4	288.77	1	291.88
bsb_david	40	16	244.694938	28	223.71	17	227.67	5	236.44	1	238.66
bsb_david	40	17	238.934938	26	216.85	17	221.68	5	230.72	1	233.47
bsb_david	40	18	283.898938	34	255.36	21	263.67	6	272.99	1	275.93
bsb_david	40	19	257.546938	30	232.38	20	236.44	3	249.72	1	251.09
bsb_david	40	20	275.222938	34	248.02	21	253.58	4	266.4	1	268.95
bsb_david	40	21	420.626938	46	385.48	33	392.1	6	410.69	1	414.08
bsb_david	40	22	309.566938	46	277.85	24	286.45	5	300.75	1	304.07
bsb_david	40	23	305.498938	38	284.64	12	293.86	2	298.19	1	298.52
bsb_david	40	24	379.010938	51	347.66	18	364.6	6	371.7	1	373.58
bsb_david	40	25	374.438938	46	339.47	24	348.71	3	366.38	1	367.64
bsb_david	40	26	608.186938	75	556.41	47	568.54	10	594.83	1	600.76
bsb_david	40	27	510.554938	66	469.59	37	482.86	10	498.58	1	504.31
bsb_david	40	28	146.018938	20	133.34	8	137.1	3	139.56	1	141.22
bsb_david	41	1	338.076735	45	304.68	21	317.72	7	328.54	1	331.4
bsb_david	41	2	244.68898	28	223.05	17	227.68	5	236.6	1	238.89
bsb_david	41	3	251.663673	35	227.04	15	236.17	6	241.83	1	244.94
bsb_david	41	4	326.19102	41	299.3	25	304.84	7	314.62	1	318.85
bsb_david	41	5	330.527347	43	302.72	21	312.07	2	323.17	1	323.53
bsb_david	41	6	450.298776	56	414.97	25	426.99	6	440.1	1	442.73
bsb_david	41	7	299.206531	36	270.88	18	278.35	4	289.55	1	292.18
bsb_david	41	8	311.092245	38	283.26	24	290.09	7	301.59	1	305.04
bsb_david	41	9	407.745306	48	375.18	29	383.92	6	398.29	1	401.16
bsb_david	41	10	442.723265	52	403.32	34	410.43	6	431.03	1	435.72
bsb_david	41	11	264.150204	32	241.26	17	247.28	5	255.47	1	257.57
bsb_david	41	12	383.712653	44	354.0	25	361.9	7	372.96	1	377.76
bsb_david	41	13	283.506939	37	260.86	15	268.82	6	274.57	1	276.64
bsb_david	41	14	580.754286	72	531.83	43	544.65	10	569.09	1	573.62
bsb_david	41	15	348.682449	46	317.91	30	324.5	7	338.35	1	342.02
bsb_david	41	16	163.082449	20	148.23	10	152.4	5	155.06	1	157.84
bsb_david	42	1	549.564082	80	504.1	28	522.93	7	537.88	1	541.76
bsb_david	42	2	381.126531	52	349.82	26	359.66	7	369.64	1	374.79
bsb_david	42	3	316.212245	38	297.23	14	300.15	3	306.96	1	308.91
bsb_david	42	4	363.337143	44	331.34	25	338.18	6	352.42	1	356.36
bsb_david	42	5	341.498776	39	313.79	22	320.76	6	332.26	1	335.68
bsb_david	42	6	417.018776	49	387.72	22	398.82	10	405.17	1	409.94
bsb_david	42	7	436.715102	50	401.69	25	412.75	5	426.97	1	429.8
bsb_david	42	8	526.680816	56	485.82	37	494.4	7	515.54	1	520.08
bsb_david	42	9	530.938776	62	487.42	38	498.18	12	516.56	1	524.78
bsb_david	42	10	352.052245	42	324.55	27	330.59	6	342.61	1	345.95
bsb_david	42	11	464.169796	54	432.48	28	440.44	8	451.59	1	456.44
bsb_david	42	12	492.355918	59	457.44	25	471.66	10	480.53	1	485.58
bsb_david	42	13	310.099592	35	281.85	17	291.34	7	298.07	1	302.72
bsb_david	42	14	294.765714	35	267.6	20	274.02	5	284.86	1	288.35
bsb_david	42	15	258.298776	32	233.53	15	240.72	3	249.99	1	250.94
bsb_david	42	16	284.342857	31	258.98	19	264.31	3	276.02	1	277.56
bsb_david	42	17	272.143673	36	247.85	16	255.16	4	262.63	1	264.89
bsb_david	42	18	333.740408	43	299.85	25	308.21	6	323.56	1	327.57
bsb_david	42	19	368.666122	48	332.19	28	340.05	5	358.01	1	361.8
bsb_david	42	20	362.657959	47	328.59	26	338.41	6	352.6	1	356.25
bsb_david	42	21	281.835102	38	258.57	14	267.92	7	272.41	1	276.41
bsb_david	42	22	530.259592	71	484.1	41	494.94	11	515.99	1	523.48
bsb_david	42	23	410.070204	55	373.76	31	383.13	6	400.95	1	404.23
bsb_david	42	24	375.771429	53	337.97	23	352.56	4	365.14	1	368.22
bsb_david	43	1	381.278938	51	348.17	27	356.9	7	370.68	1	375.23
bsb_david	43	2	196.058938	25	175.33	15	179.51	2	189.77	1	190.18
bsb_david	43	3	287.966938	36	262.88	15	272.39	2	282.03	1	282.47
bsb_david	43	4	404.930938	54	368.54	33	377.04	4	396.56	1	399.22
bsb_david	43	5	354.458938	46	327.18	26	334.37	4	348.05	1	349.86
bsb_david	43	6	534.458938	71	490.2	36	507.8	5	526.15	1	529.2
bsb_david	43	7	384.302938	53	349.18	26	360.83	5	374.71	1	378.42
bsb_david	43	8	479.342938	59	442.03	33	451.28	4	472.54	1	474.76
bsb_david	43	9	314.462938	41	286.4	28	289.03	3	307.34	1	309.07
bsb_david	43	10	302.582938	42	276.45	16	286.38	3	293.79	1	295.37
bsb_david	43	11	427.286938	57	387.5	32	400.11	4	418.96	1	421.48
bsb_david	43	12	422.426938	50	387.48	26	399.17	5	412.37	1	415.51
bsb_david	43	13	315.650938	38	286.76	19	296.21	4	307.35	1	309.47
bsb_david	43	14	262.766938	31	242.76	13	249.83	4	255.92	1	257.39
bsb_david	43	15	221.330938	27	204.02	9	210.97	3	214.34	1	215.02
bsb_david	43	16	283.286938	33	261.31	11	270.3	4	275.07	1	276.69
bsb_david	43	17	229.214938	26	212.5	11	217.34	3	221.67	1	222.65
bsb_david	43	18	355.682938	40	322.38	33	326.46	5	347.3	1	349.28
bsb_david	43	19	400.250938	42	369.61	24	378.93	5	392.34	1	394.8
bsb_david	43	20	284.330938	31	256.91	18	263.82	5	273.82	1	276.69
bsb_david	43	21	262.334938	25	240.37	16	244.64	3	253.44	1	255.08
bsb_david	44	1	237.386938	26	215.06	12	221.76	3	228.54	1	230.65
bsb_david	44	2	365.006938	47	334.56	19	347.33	4	357.34	1	358.94
bsb_david	44	3	223.922938	26	203.9	10	211.1	2	216.91	1	217.65
bsb_david	44	4	311.294938	37	282.71	16	292.74	4	301.45	1	304.34
bsb_david	44	5	378.542938	42	345.57	19	357.14	5	369.03	1	371.95
bsb_david	44	6	146.378938	15	134.7	8	136.67	2	140.24	1	140.83
bsb_david	44	7	524.882938	60	488.12	26	504.11	9	514.48	1	519.96
bsb_david	44	8	308.594938	39	281.06	20	289.07	4	300.94	1	302.47
bsb_david	44	9	375.662938	43	347.1	23	355.72	7	367.67	1	370.14
bsb_david	44	10	377.534938	48	346.35	23	355.58	6	367.61	1	372.29
bsb_david	44	11	232.382938	30	206.5	12	216.11	2	224.74	1	225.61
bsb_david	44	12	235.838938	25	216.27	14	221.61	3	228.82	1	229.26
bsb_david	44	13	468.794938	52	434.41	24	447.41	4	460.66	1	462.93
bsb_david	44	14	232.598938	28	215.41	11	221.15	3	225.83	1	227.04
bsb_david	44	15	331.562938	40	306.55	15	316.84	5	322.76	1	326.1
bsb_david	44	16	341.282938	40	313.27	19	323.81	6	332.52	1	335.69
bsb_david	44	17	319.322938	34	296.39	14	305.63	4	310.94	1	312.43
bsb_david	44	18	250.382938	28	228.76	13	235.88	4	241.81	1	242.98
bsb_david	44	19	359.210938	41	330.91	18	341.53	4	351.04	1	353.31
bsb_david	44	20	314.930938	38	289.6	15	299.99	4	307.25	1	309.75
bsb_david	44	21	368.606938	40	338.35	20	349.35	5	359.48	1	361.87
bsb_david	44	22	268.202938	30	244.59	20	248.41	2	259.8	1	260.73
bsb_david	44	23	315.830938	35	287.87	21	295.18	3	307.04	1	308.98
bsb_david	44	24	226.334938	26	206.66	10	213.26	3	216.74	1	218.75
bsb_david	44	25	261.614938	27	240.59	14	246.87	4	254.01	1	256.47
bsb_david	44	26	288.794938	32	266.92	16	272.34	2	280.97	1	282.03
bsb_david	44	27	374.330938	44	343.97	16	357.31	3	365.95	1	367.13
bsb_david	44	28	280.118938	30	256.52	14	264.74	3	271.35	1	272.88
bsb_david	45	1	281.918938	32	260.48	12	267.29	3	272.83	1	274.59
bsb_david	45	2	232.274938	29	215.4	8	224.13	2	227.2	1	227.5
bsb_david	45	3	229.718938	31	211.91	12	218.08	3	222.98	1	223.63
bsb_david	45	4	223.274938	25	205.19	9	211.26	2	216.17	1	216.66
bsb_david	45	5	197.642938	21	184.92	8	189.57	3	192.02	1	193.04
bsb_david	45	6	194.582938	23	178.18	7	185.7	2	188.23	1	188.8
bsb_david	45	7	235.262938	25	218.71	10	224.57	3	228.23	1	229.46
bsb_david	45	8	335.666938	39	315.89	13	324.56	5	329.19	1	331.09
bsb_david	45	9	283.430938	33	261.04	15	269.18	3	276.12	1	277.51
bsb_david	45	10	189.362938	21	172.88	10	177.81	1	183.27	1	183.27
bsb_david	45	11	306.938938	36	283.6	17	291.61	4	298.68	1	300.73
bsb_david	45	12	168.770938	21	154.03	12	158.63	3	163.24	1	164.25
bsb_david	45	13	147.566938	14	136.92	5	140.58	3	141.68	1	142.12
bsb_david	45	14	203.438938	23	188.1	11	192.47	2	196.14	1	196.64
bsb_david	45	15	277.130938	33	255.72	18	260.87	4	269.55	1	271.08
bsb_david	45	16	216.146938	26	196.46	21	198.16	4	206.25	1	208.41
bsb_david	46	1	239.006938	31	220.05	14	225.55	5	229.73	1	232.48
bsb_david	46	2	138.134938	16	124.12	6	128.53	2	131.08	1	131.21
bsb_david	46	3	176.942938	23	163.73	7	168.48	3	169.81	1	170.69
bsb_david	46	4	194.114938	21	180.33	8	185.7	2	187.82	1	188.23
bsb_david	46	5	124.814938	13	114.17	5	117.44	2	118.8	1	119.63
bsb_david	46	6	179.894938	20	166.3	7	171.12	3	173.29	1	174.1
bsb_david	46	7	363.386938	40	340.54	17	348.75	3	354.93	1	356.3
bsb_david	46	8	113.510938	13	102.7	5	105.97	1	107.32	1	107.32
bsb_david	46	9	235.118938	27	220.32	10	225.1	3	228.43	1	229.07
bsb_david	46	10	249.230938	33	227.79	9	238.14	3	241.93	1	242.64
bsb_david	46	11	264.386938	34	241.81	12	251.63	2	256.6	1	257.6
bsb_david	46	12	234.146938	31	216.19	9	223.91	3	226.48	1	227.49
bsb_david	46	13	110.810938	13	101.3	5	103.59	1	105.45	1	105.45
bsb_david	46	14	330.626938	40	307.51	17	316.4	2	323.65	1	324.09
bsb_david	46	15	438.086938	58	405.07	20	420.57	5	428.44	1	429.86
bsb_david	46	16	170.786938	24	155.13	13	159.97	5	162.95	1	164.86
bsb_david	47	1	226.406938	24	211.63	10	215.82	3	219.49	1	220.1
bsb_david	47	2	144.794938	17	130.48	6	135.09	2	137.38	1	137.83
bsb_david	47	3	150.878938	18	136.0	6	142.32	2	144.77	1	145.16
bsb_david	47	4	162.398938	18	151.22	6	155.13	2	156.85	1	157.39
bsb_david	47	5	183.170938	21	169.61	7	175.0	2	177.63	1	177.97
bsb_david	47	6	147.206938	18	135.24	9	136.84	2	141.18	1	141.49
bsb_david	47	7	180.974938	16	168.03	6	173.36	1	175.81	1	175.81
bsb_david	47	8	215.066938	24	196.04	9	204.32	2	207.73	1	208.18
bsb_david	47	9	149.006938	15	135.59	6	138.79	1	141.54	1	141.54
bsb_david	47	10	162.974938	18	147.16	7	152.65	1	155.5	1	155.5
bsb_david	47	11	274.466938	33	254.31	10	264.75	2	268.12	1	268.71
bsb_david	47	12	208.406938	21	195.75	8	200.76	3	202.48	1	202.98
bsb_david	47	13	125.966938	14	114.42	9	116.55	2	119.53	1	120.1
bsb_david	48	1	180.002938	24	165.09	9	170.09	3	173.07	1	173.73
bsb_david	48	2	205.994938	21	190.58	9	195.33	2	198.46	1	199.08
bsb_david	48	3	248.474938	29	228.95	11	237.28	4	240.39	1	242.22
bsb_david	48	4	251.138938	31	228.9	11	237.93	3	242.64	1	243.26
bsb_david	48	5	192.098938	26	176.34	10	182.26	2	186.73	1	186.91
bsb_david	48	6	142.670938	18	129.34	11	132.47	2	136.59	1	137.11
bsb_david	49	1	177.806938	23	164.86	9	167.79	3	170.35	1	171.32
bsb_david	49	2	180.434938	22	165.22	7	170.14	3	173.12	1	173.77
bsb_david	49	3	163.370938	21	148.29	6	153.66	2	156.94	1	157.71
bsb_david	49	4	238.970938	32	217.83	14	224.62	2	232.21	1	232.75
bsb_david	49	5	221.042938	33	204.16	12	210.94	3	215.14	1	216.03
bsb_david	49	6	192.890938	24	175.53	10	181.6	4	184.47	1	186.5
bsb_david	50	1	241.094938	30	225.32	11	230.17	5	232.93	1	235.0
bsb_david	50	2	222.158938	30	204.77	11	212.04	4	215.67	1	217.33
bsb_david	50	3	184.574938	21	169.44	9	173.0	3	176.66	1	178.22
bsb_david	50	4	189.182938	23	170.59	12	175.42	3	181.04	1	182.05
bsb_david	51	1	244.622938	29	229.45	11	234.31	4	237.24	1	239.33
bsb_david	51	2	207.182938	23	190.4	8	196.65	2	200.63	1	201.01
bsb_david	51	3	193.142938	25	175.04	11	181.76	3	185.95	1	187.3
bsb_david	51	4	152.138938	18	136.75	11	139.54	3	144.86	1	145.89
bsb_david	52	1	95.006938	10	82.74	4	84.68	1	87.15	1	87.15
bsb_david	52	2	185.366938	20	169.34	7	173.75	2	177.37	1	178.14
bsb_david	52	3	118.046938	13	106.46	4	109.83	2	111.04	1	111.41
bsb_david	52	4	155.234938	18	142.49	6	148.25	2	149.97	1	150.15
bsb_david	52	5	171.542938	28	153.1	13	159.05	3	163.81	1	165.07
bsb_david	53	1	115.742938	12	104.07	5	105.7	2	107.37	1	108.21
bsb_david	53	2	144.254938	17	131.12	5	136.67	2	138.28	1	138.98
bsb_david	53	3	137.090938	18	120.87	7	126.26	3	128.6	1	129.51
bsb_david	54	1	183.026938	20	168.57	8	172.48	3	175.44	1	176.81
bsb_david	54	2	107.282938	15	97.73	5	99.76	2	101.58	1	102.11
bsb_david	54	3	135.470938	16	123.32	7	126.19	3	127.77	1	129.21
bsb_david	54	4	134.642938	16	120.2	7	124.47	2	126.86	1	127.92
bsb_david	54	5	204.590938	25	185.25	15	189.5	4	195.12	1	197.45
bsb_david	54	6	202.394938	21	190.0	9	193.74	6	194.54	1	197.09
bsb_david	55	1	158.798938	18	143.27	11	146.0	3	150.08	1	151.19
bsb_david	55	2	210.890938	26	195.36	12	199.33	2	204.51	1	204.92
bsb_david	55	3	141.266938	17	130.78	5	132.85	2	134.12	1	134.92
bsb_david	55	4	176.402938	22	161.42	10	166.44	4	168.76	1	169.95
bsb_david	56	1	147.962938	16	136.23	7	138.59	3	140.88	1	142.03
bsb_david	56	2	117.434938	15	107.47	8	109.56	2	111.75	1	112.0
bsb_david	56	3	123.698938	15	112.66	7	114.88	3	117.24	1	118.26
bsb_david	57	1	172.406938	25	156.61	13	161.23	4	164.96	1	166.95
bsb_david	58	1	128.342938	14	116.29	11	117.22	1	122.58	1	122.58
bsb_david	58	2	169.274938	18	157.28	10	159.91	2	163.09	1	163.55
bsb_david	58	3	145.118938	19	129.69	9	134.02	3	136.49	1	138.08
bsb_david	58	4	164.126938	16	150.72	7	154.6	2	157.84	1	158.27
bsb_david	58	5	115.490938	14	103.65	7	105.67	2	108.67	1	109.5
bsb_david	58	6	167.474938	20	153.98	8	158.68	2	161.44	1	161.96
bsb_david	58	7	231.014938	28	212.85	13	218.13	2	224.06	1	224.77
bsb_david	58	8	144.938938	13	131.73	5	135.27	2	138.49	1	139.37
bsb_david	58	9	281.090938	28	261.59	12	268.72	2	274.53	1	275.18
bsb_david	58	10	313.598938	39	285.85	17	295.3	2	305.58	1	306.82
bsb_david	58	11	370.478938	40	340.84	24	348.17	6	359.77	1	363.36
bsb_david	58	12	263.810938	29	243.0	11	252.06	4	256.67	1	258.97
bsb_david	58	13	195.986938	25	179.55	15	182.95	4	188.55	1	190.03
bsb_david	59	1	217.154938	27	200.29	10	206.44	4	209.39	1	211.16
bsb_david	59	2	199.442938	26	181.1	10	188.03	2	192.89	1	193.93
bsb_david	59	3	147.062938	18	135.0	7	139.04	2	141.3	1	141.78
bsb_david	59	4	154.226938	17	140.68	7	144.65	3	146.39	1	147.5
bsb_david	59	5	174.746938	20	160.82	9	163.99	4	166.23	1	167.97
bsb_david	60	1	234.902938	25	217.81	12	222.65	4	227.09	1	228.2
bsb_david	60	2	227.990938	25	210.14	13	214.87	3	220.14	1	221.35
bsb_david	60	3	206.138938	22	189.89	9	193.98	3	198.3	1	199.44
bsb_david	60	4	172.514938	19	157.09	8	162.35	2	165.81	1	166.35
bsb_david	60	5	128.234938	14	116.06	8	118.01	3	120.87	1	121.65
bsb_david	61	1	194.258938	21	179.55	8	185.38	3	187.43	1	188.41
bsb_david	61	2	237.350938	22	221.08	8	226.93	1	230.62	1	230.62
bsb_david	61	3	188.966938	18	172.46	10	175.85	3	180.83	1	182.79
bsb_david	62	1	92.054938	10	81.85	4	84.09	2	84.91	1	85.66
bsb_david	62	2	277.454938	29	257.82	14	263.28	5	267.49	1	269.46
bsb_david	62	3	209.054938	24	192.23	9	197.81	2	201.33	1	202.52
bsb_david	62	4	181.910938	21	169.3	8	173.82	2	176.06	1	176.6
bsb_david	62	5	184.646938	21	168.25	8	172.63	4	174.54	1	176.34
bsb_david	63	1	113.762938	13	103.94	8	105.86	4	106.92	1	109.57
bsb_david	64	1	121.934938	14	108.28	7	111.09	4	112.88	1	114.99
bsb_david	65	1	262.334938	25	246.74	13	251.93	4	255.09	1	256.57
bsb_david	66	1	204.590938	20	190.62	11	193.05	3	197.33	1	198.93
bsb_david	66	2	297.290938	29	278.7	19	281.62	4	289.26	1	291.17
bsb_david	66	3	236.198938	22	218.57	13	222.62	3	227.14	1	228.4
bsb_david	66	4	129.494938	11	117.6	5	120.09	2	121.73	1	122.97
bsb_david	66	5	160.526938	14	146.18	9	147.38	2	151.39	1	152.2
bsb_david	66	6	189.182938	17	173.38	12	175.05	6	178.63	1	182.33
bsb_david	66	7	179.822938	17	165.21	12	167.0	2	172.72	1	173.05
bsb_david	66	8	136.226938	13	123.32	9	125.31	2	129.12	1	129.6
bsb_david	66	9	196.382938	21	177.62	8	185.17	2	189.23	1	189.94
bsb_david	66	10	122.510938	11	111.48	7	112.97	1	117.05	1	117.05
bsb_david	66	11	209.846938	19	195.02	10	198.43	3	202.28	1	203.54
bsb_david	66	12	180.506938	17	166.38	9	170.35	3	173.04	1	174.28
bsb_david	66	13	196.886938	18	179.38	10	182.82	3	188.19	1	189.13
bsb_david	66	14	231.302938	20	212.67	11	217.45	3	222.71	1	223.82
bsb_david	66	15	94.574938	8	84.29	5	85.57	2	86.95	1	87.68
bsb_david	66	16	201.530938	21	183.66	15	186.25	2	193.47	1	194.68
bsb_david	66	17	200.666938	18	184.85	9	188.83	3	192.66	1	193.56
bsb_david	66	18	282.458938	24	266.22	13	268.83	3	274.58	1	275.48
bsb_david	66	19	229.610938	21	213.52	12	217.26	4	222.17	1	223.5
bsb_david	66	20	177.374938	15	160.76	8	163.51	3	167.95	1	169.22
bsb_david	66	21	262.838938	27	242.0	12	249.48	2	254.88	1	255.28
bsb_david	66	22	216.290938	21	198.57	13	201.66	3	209.17	1	210.63
bsb_souer	1	1	272.667188	31	248.59	21	252.78	2	265.23	1	266.18
bsb_souer	1	2	199.681066	25	179.51	17	182.53	2	191.42	1	192.83
bsb_souer	1	3	215.537392	24	195.66	20	196.4	5	206.3	1	209.23
bsb_souer	1	4	222.198617	26	202.7	19	204.18	3	213.56	1	216.23
bsb_souer	1	5	187.638617	32	172.89	12	175.9	3	180.88	1	182.73
bsb_souer	1	6	174.211678	22	161.18	12	163.62	3	167.12	1	168.35
bsb_souer	1	7	169.640249	24	157.96	8	161.28	1	164.58	1	164.58
bsb_souer	1	8	169.039433	22	153.86	11	156.82	4	160.65	1	163.09
bsb_souer	1	9	200.804331	29	185.88	13	188.32	3	193.62	1	195.13
bsb_souer	1	10	191.583107	32	182.24	19	183.22	4	186.19	1	186.63
bsb_souer	1	11	216.68678	32	199.75	17	202.2	3	208.79	1	210.27
bsb_souer	1	12	152.843515	20	142.63	11	144.51	2	147.39	1	147.8
bsb_souer	1	13	143.230454	18	130.69	9	133.43	3	136.1	1	137.35
bsb_souer	1	14	214.544739	24	199.52	13	202.0	3	206.26	1	208.44
bsb_souer	1	15	151.093311	21	138.13	10	141.31	2	144.91	1	145.5
bsb_souer	1	16	137.143923	16	126.39	9	128.42	1	131.52	1	131.52
bsb_souer	1	17	202.214943	27	187.07	14	189.85	2	195.78	1	196.25
bsb_souer	1	18	265.901474	33	246.6	21	249.26	3	258.16	1	259.89
bsb_souer	1	19	329.744739	38	305.13	23	308.57	4	321.65	1	323.52
bsb_souer	1	20	164.285147	18	152.25	9	154.1	1	158.44	1	158.44
bsb_souer	1	21	234.763515	34	217.18	15	221.11	3	227.52	1	228.78
bsb_souer	1	22	192.706372	24	177.63	15	179.89	3	185.86	1	186.63
bsb_souer	1	23	143.465556	20	130.85	9	133.07	1	137.31	1	137.31
bsb_souer	1	24	510.538209	67	480.84	39	488.18	3	503.77	1	504.47
bsb_souer	1	25	251.194535	34	232.09	21	234.62	5	242.28	1	244.75
bsb_souer	1	26	272.484331	35	254.43	19	256.8	5	263.82	1	266.32
bsb_souer	1	27	378.750454	46	351.96	30	356.51	2	371.85	1	372.49
bsb_souer	1	28	180.141474	22	165.66	9	168.22	4	171.49	1	174.01
bsb_souer	1	29	257.124331	35	237.53	22	240.76	3	250.06	1	251.19
bsb_souer	1	30	331.6778	43	311.55	24	314.88	5	323.15	1	325.94
bsb_souer	1	31	432.693311	55	408.26	23	415.57	3	426.16	1	426.91
bsb_souer	1	32	248.634535	32	229.59	16	233.53	2	241.22	1	242.08
bsb_souer	1	33	170.450045	20	157.36	12	159.12	2	163.39	1	164.17
bsb_souer	1	34	236.383107	31	219.33	12	224.46	2	229.88	1	230.67
bsb_souer	1	35	215.51127	29	199.47	19	201.85	4	207.6	1	209.47
bsb_souer	1	36	313.000249	43	292.66	30	294.64	3	305.82	1	306.96
bsb_souer	1	37	287.870454	36	267.42	21	270.29	3	280.21	1	281.62
bsb_souer	1	38	250.698209	30	230.39	16	235.19	2	243.92	1	244.81
bsb_souer	1	39	184.4778	23	169.96	10	173.82	2	177.64	1	178.62
bsb_souer	1	40	168.099025	23	154.78	10	156.95	1	162.25	1	162.25
bsb_souer	1	41	415.844331	57	387.74	23	396.81	5	407.32	1	409.8
bsb_souer	1	42	304.588821	38	284.12	23	286.74	2	297.77	1	298.5
bsb_souer	1	43	281.679433	34	261.84	17	266.29	2	275.15	1	275.44
bsb_souer	1	44	245.473719	34	227.15	21	229.58	2	238.97	1	239.58
bsb_souer	1	45	223.818209	28	207.76	15	211.37	4	215.75	1	217.8
bsb_souer	1	46	256.079433	34	234.13	27	235.65	4	247.51	1	250.03
bsb_souer	1	47	278.988821	31	259.21	19	262.5	3	271.27	1	272.99
bsb_souer	1	48	204.983923	22	190.91	15	193.04	1	199.09	1	199.09
bsb_souer	1	49	244.690045	33	224.81	17	229.62	2	237.66	1	238.79
bsb_souer	1	50	213.108005	26	197.15	16	198.79	3	205.7	1	207.25
bsb_souer	2	1	150.02229	22	135.93	14	137.74	2	143.51	1	144.25
bsb_souer	2	2	198.949637	25	182.07	18	184.32	3	192.03	1	193.39
bsb_souer	2	3	228.494127	22	212.62	14	215.05	1	222.87	1	222.87
bsb_souer	2	4	242.548005	31	223.86	20	226.09	5	233.93	1	236.94
bsb_souer	2	5	174.081066	23	158.41	13	161.16	3	166.76	1	168.45
bsb_souer	2	6	235.756168	30	217.39	22	218.57	2	229.04	1	230.05
bsb_souer	2	7	207.5178	25	190.07	13	193.33	3	199.58	1	201.57
bsb_souer	2	8	283.534127	32	262.92	22	264.8	3	275.94	1	277.9
bsb_souer	2	9	281.496576	35	260.73	17	264.48	3	273.5	1	275.8
bsb_souer	2	10	254.172494	29	236.06	18	238.0	2	247.48	1	248.44
bsb_souer	2	11	93.963515	10	85.64	6	86.46	1	88.22	1	88.22
bsb_souer	2	12	407.641882	51	382.83	27	389.39	5	399.23	1	401.9
bsb_souer	2	13	186.907188	22	174.13	10	176.01	2	180.44	1	181.13
bsb_souer	2	14	273.790454	31	257.77	13	262.08	2	267.41	1	267.86
bsb_souer	2	15	223.008413	27	207.9	15	210.49	2	216.63	1	217.12
bsb_souer	2	16	282.907188	36	266.24	19	269.08	3	275.61	1	277.0
bsb_souer	2	17	138.423923	16	127.11	11	127.94	2	131.83	1	132.45
bsb_souer	2	18	216.634535	27	202.78	15	205.55	2	210.3	1	210.96
bsb_souer	2	19	203.338209	25	188.98	14	191.77	2	196.98	1	197.53
bsb_souer	2	20	170.345556	26	155.73	17	157.7	3	163.01	1	164.58
bsb_souer	2	21	256.419025	36	236.52	19	240.61	2	249.71	1	250.6
bsb_souer	2	22	232.569229	31	215.14	22	216.53	2	226.64	1	226.77
bsb_souer	2	23	255.478617	33	238.24	23	240.19	4	247.43	1	249.57
bsb_souer	2	24	140.200249	18	128.44	11	129.54	2	133.42	1	134.22
bsb_souer	2	25	235.076984	40	217.99	20	222.56	5	227.15	1	229.2
bsb_souer	2	26	232.386372	37	215.85	18	218.41	5	223.8	1	226.54
bsb_souer	2	27	154.672086	21	143.43	11	145.17	3	147.65	1	148.72
bsb_souer	2	28	358.009229	43	337.36	24	341.14	4	350.01	1	352.04
bsb_souer	2	29	366.081066	46	344.38	14	352.48	5	357.69	1	360.07
bsb_souer	2	30	271.152086	38	254.01	10	260.66	5	262.76	1	265.45
bsb_souer	2	31	134.165964	18	124.21	6	125.42	3	126.77	1	128.36
bsb_souer	2	32	308.481066	35	287.53	24	290.76	1	302.54	1	302.54
bsb_souer	2	33	197.539025	23	183.56	13	186.48	3	191.02	1	191.72
bsb_souer	2	34	306.548005	35	287.78	19	291.89	2	299.6	1	300.58
bsb_souer	2	35	255.112902	35	240.77	24	242.17	5	247.27	1	248.97
bsb_souer	2	36	264.281882	38	248.75	17	251.57	6	255.15	1	258.3
bsb_souer	2	37	187.403515	29	172.21	11	176.88	5	179.36	1	181.39
bsb_souer	2	38	248.242698	31	231.54	13	235.93	4	240.12	1	242.42
bsb_souer	2	39	310.518617	43	290.45	28	292.85	4	302.3	1	304.62
bsb_souer	2	40	229.199433	38	211.4	15	216.25	2	222.84	1	223.56
bsb_souer	3	1	152.817392	17	141.42	6	144.23	1	146.86	1	146.86
bsb_souer	3	2	141.219025	16	129.47	7	132.09	1	135.36	1	135.36
bsb_souer	3	3	139.494943	17	128.29	8	129.72	1	133.67	1	133.67
bsb_souer	3	4	296.673719	35	279.19	6	287.24	1	290.88	1	290.88
bsb_souer	3	5	194.92678	19	182.22	9	184.59	2	188.41	1	189.16
bsb_souer	3	6	246.805964	30	231.4	10	235.95	4	239.29	1	240.94
bsb_souer	3	7	283.664739	38	264.78	13	270.72	4	276.27	1	277.92
bsb_souer	3	8	285.989637	36	267.83	15	272.53	4	277.79	1	280.2
bsb_souer	3	9	190.903923	24	177.75	12	179.79	1	185.02	1	185.02
bsb_souer	3	10	205.428005	20	191.07	10	193.7	2	198.1	1	198.74
bsb_souer	3	11	317.232086	47	298.97	26	302.81	1	311.26	1	311.26
bsb_souer	3	12	81.503107	8	73.21	5	73.73	1	75.68	1	75.68
bsb_souer	3	13	485.042698	59	460.72	24	467.19	2	478.68	1	479.07
bsb_souer	3	14	422.218209	57	400.81	24	407.17	3	415.86	1	416.31
bsb_souer	3	15	261.800249	33	244.43	14	249.22	4	254.22	1	255.82
bsb_souer	3	16	316.3178	34	297.17	14	302.73	1	310.33	1	310.33
bsb_souer	3	17	146.051678	16	134.52	7	136.36	2	139.02	1	140.04
bsb_souer	3	18	216.294943	30	200.43	23	201.86	1	210.3	1	210.3
bsb_souer	3	19	268.879433	37	249.5	25	252.0	3	261.63	1	263.03
bsb_souer	3	20	235.521066	27	218.14	21	219.2	3	228.37	1	229.74
bsb_souer	3	21	167.158617	24	155.39	9	157.36	2	160.69	1	161.39
bsb_souer	3	22	257.54229	33	241.52	13	244.96	2	250.85	1	251.61
bsb_souer	3	23	355.971678	44	334.5	22	338.61	7	345.68	1	350.07
bsb_souer	3	24	160.967596	23	147.43	11	149.82	4	152.9	1	155.01
bsb_souer	3	25	420.781474	55	398.02	22	404.44	8	410.33	1	414.67
bsb_souer	3	26	360.934943	46	342.71	19	347.27	3	354.24	1	354.9
bsb_souer	3	27	271.543923	34	253.39	15	258.34	2	264.44	1	265.32
bsb_souer	4	1	366.499025	54	341.63	33	344.61	4	358.78	1	360.62
bsb_souer	4	2	206.55127	34	190.12	24	190.56	1	200.92	1	200.92
bsb_souer	4	3	377.052494	51	349.83	25	355.34	8	366.11	1	371.21
bsb_souer	4	4	346.17576	49	323.98	19	329.04	4	338.36	1	340.5
bsb_souer	4	5	254.407596	31	238.58	12	242.81	3	247.33	1	248.61
bsb_souer	4	6	213.186372	27	198.02	11	201.45	2	206.51	1	207.62
bsb_souer	4	7	634.593719	89	601.61	22	613.02	1	628.9	1	628.9
bsb_souer	4	8	204.644331	26	188.62	10	193.15	3	197.54	1	199.05
bsb_souer	4	9	203.860658	23	189.23	10	192.11	2	197.28	1	198.26
bsb_souer	4	10	236.774943	36	217.58	15	223.04	2	230.54	1	231.22
bsb_souer	4	11	295.733311	35	275.97	20	280.12	4	287.87	1	290.03
bsb_souer	4	12	119.850862	16	109.2	9	111.06	1	114.14	1	114.14
bsb_souer	4	13	217.496576	33	199.95	22	201.69	2	210.9	1	211.67
bsb_souer	4	14	367.648413	45	345.08	22	349.81	5	358.5	1	361.86
bsb_souer	4	15	300.592086	41	281.1	14	286.66	4	293.14	1	294.78
bsb_souer	4	16	399.674535	50	374.75	22	380.45	5	390.76	1	393.99
bsb_souer	4	17	94.956168	13	84.33	5	86.88	1	89.08	1	89.08
bsb_souer	4	18	301.532494	32	283.76	12	289.34	2	295.2	1	295.81
bsb_souer	4	19	219.011678	22	203.36	10	207.37	2	212.42	1	213.11
bsb_souer	4	20	222.694943	29	207.6	13	210.6	3	215.93	1	217.17
bsb_souer	4	21	291.553719	35	272.02	20	275.96	5	281.93	1	285.74
bsb_souer	4	22	336.719433	41	313.3	29	316.6	2	329.84	1	330.86
bsb_souer	4	23	226.273719	30	210.2	23	211.39	2	219.88	1	220.39
bsb_souer	4	24	201.927596	25	189.17	12	191.65	4	193.83	1	196.08
bsb_souer	4	25	129.672902	18	118.79	8	120.47	2	122.91	1	123.68
bsb_souer	4	26	462.995351	65	428.8	54	430.35	16	444.97	1	457.15
bsb_souer	4	27	183.641882	23	171.27	7	174.05	3	176.07	1	177.64
bsb_souer	4	28	231.028005	31	215.3	15	217.72	5	222.15	1	225.24
bsb_souer	4	29	289.254943	40	269.64	17	273.65	3	281.7	1	283.38
bsb_souer	4	30	129.960249	16	118.54	7	120.85	1	124.45	1	124.45
bsb_souer	4	31	331.756168	54	308.84	29	313.5	3	324.83	1	326.04
bsb_souer	4	32	301.349637	42	282.7	14	288.92	1	295.63	1	295.63
bsb_souer	4	33	317.91127	56	281.95	46	284.3	2	311.39	1	311.97
bsb_souer	4	34	171.939025	29	154.15	17	155.65	2	165.18	1	166.07
bsb_souer	4	35	280.739025	34	262.08	13	267.03	2	273.9	1	274.76
bsb_souer	4	36	124.108821	13	114.19	4	116.18	1	118.18	1	118.18
bsb_souer	5	1	370.756984	46	350.32	23	354.58	6	361.91	1	364.91
bsb_souer	5	2	300.931678	37	284.8	16	288.15	2	294.82	1	295.08
bsb_souer	5	3	244.219841	29	229.43	14	232.31	3	237.15	1	238.41
bsb_souer	5	4	405.447596	49	383.56	22	388.39	5	396.44	1	399.62
bsb_souer	5	5	257.620658	33	240.6	18	244.19	3	249.73	1	251.68
bsb_souer	5	6	191.818209	25	179.67	8	183.04	2	185.82	1	185.93
bsb_souer	5	7	254.041882	26	238.73	12	242.5	2	247.58	1	248.09
bsb_souer	5	8	167.106372	20	154.89	8	157.7	1	161.27	1	161.27
bsb_souer	5	9	282.149637	29	266.1	13	270.67	2	275.61	1	276.19
bsb_souer	5	10	197.983107	22	181.44	10	185.24	2	190.33	1	191.35
bsb_souer	5	11	266.032086	32	250.71	12	254.23	4	258.09	1	260.0
bsb_souer	5	12	294.270454	32	276.51	13	280.72	2	287.02	1	288.0
bsb_souer	5	13	168.072902	18	156.78	7	158.3	2	161.16	1	162.03
bsb_souer	5	14	198.76678	29	185.05	19	186.03	2	192.09	1	192.71
bsb_souer	5	15	196.232902	23	181.33	11	184.56	4	187.77	1	189.75
bsb_souer	5	16	201.509637	22	187.18	14	188.44	5	193.17	1	195.46
bsb_souer	5	17	192.027188	20	179.37	9	182.01	4	183.94	1	185.9
bsb_souer	5	18	176.588821	22	162.86	8	165.82	3	168.72	1	170.48
bsb_souer	5	19	182.23127	21	168.86	9	171.68	2	175.67	1	176.15
bsb_souer	5	20	175.543923	20	162.63	8	165.42	1	169.65	1	169.65
bsb_souer	5	21	193.594535	23	180.63	11	182.55	5	185.09	1	187.72
bsb_souer	5	22	254.590454	30	237.43	18	239.36	2	247.65	1	248.43
bsb_souer	5	23	177.607596	25	161.73	13	163.89	3	169.55	1	171.47
bsb_souer	5	24	189.650045	22	176.06	13	177.52	2	183.03	1	183.59
bsb_souer	5	25	150.623107	19	137.95	11	139.39	4	142.77	1	144.5
bsb_souer	5	26	182.753719	19	171.58	8	173.36	2	175.74	1	176.56
bsb_souer	5	27	213.05576	26	194.99	18	197.92	2	205.95	1	206.86
bsb_souer	5	28	593.21576	68	560.56	39	568.53	2	586.69	1	587.27
bsb_souer	5	29	252.161066	29	236.78	13	239.98	1	245.93	1	245.93
bsb_souer	5	30	180.167596	20	167.39	7	170.79	2	173.39	1	174.23
bsb_souer	5	31	296.961066	30	278.07	18	281.11	5	287.02	1	290.85
bsb_souer	5	32	425.170045	52	400.81	15	410.67	2	417.83	1	419.0
bsb_souer	5	33	261.068821	29	245.52	17	249.53	1	255.1	1	255.1
bsb_souer	5	34	103.054127	12	92.64	5	94.07	1	97.03	1	97.03
bsb_souer	6	1	177.476984	18	163.96	9	166.88	2	170.61	1	171.63
bsb_souer	6	2	224.36678	24	207.46	13	210.94	2	217.84	1	218.61
bsb_souer	6	3	158.616576	17	146.09	8	148.4	1	152.79	1	152.79
bsb_souer	6	4	201.065556	24	186.44	11	188.43	2	194.15	1	195.23
bsb_souer	6	5	158.329229	15	144.97	11	146.62	2	151.63	1	152.43
bsb_souer	6	6	274.965964	27	255.89	13	261.87	1	269.23	1	269.23
bsb_souer	6	7	298.528413	26	278.96	14	283.15	2	291.57	1	292.75
bsb_souer	6	8	348.265556	35	328.7	13	334.51	2	341.58	1	342.58
bsb_souer	6	9	226.639433	27	210.6	12	214.5	1	220.96	1	220.96
bsb_souer	6	10	396.801066	43	372.43	27	375.83	3	389.12	1	391.12
bsb_souer	6	11	213.970045	23	200.06	11	202.11	2	207.56	1	208.3
bsb_souer	6	12	162.038617	24	148.58	21	149.08	2	154.55	1	155.36
bsb_souer	6	13	282.201882	33	265.59	22	267.13	5	273.1	1	276.28
bsb_souer	6	14	147.018209	15	136.25	8	137.78	2	140.46	1	141.16
bsb_souer	6	15	385.490045	63	357.34	25	369.78	3	377.76	1	379.68
bsb_souer	6	16	87.589637	10	79.6	4	81.28	1	81.87	1	81.87
bsb_souer	6	17	196.154535	18	183.72	10	186.25	1	190.24	1	190.24
bsb_souer	6	18	237.37576	28	221.2	14	223.93	2	230.85	1	231.49
bsb_souer	6	19	320.392902	51	304.98	22	308.04	7	311.84	1	314.57
bsb_souer	6	20	93.728413	9	85.79	5	86.38	1	87.93	1	87.93
bsb_souer	6	21	291.893311	45	272.02	31	273.07	1	286.06	1	286.06
bsb_souer	6	22	355.370862	34	336.54	17	340.8	2	348.81	1	349.45
bsb_souer	6	23	150.466372	16	139.87	5	142.26	1	144.54	1	144.54
bsb_souer	6	24	305.320249	33	286.07	17	290.22	3	297.91	1	299.52
bsb_souer	7	1	308.298209	36	286.12	22	290.2	3	301.16	1	302.45
bsb_souer	7	2	205.898209	23	191.77	13	193.65	4	197.99	1	200.14
bsb_souer	7	3	265.039433	31	249.33	17	252.01	4	257.96	1	259.43
bsb_souer	7	4	218.619841	24	204.01	16	205.53	2	212.86	1	212.88
bsb_souer	7	5	254.903923	31	239.35	13	243.98	1	249.07	1	249.07
bsb_souer	7	6	373.708821	40	351.13	28	352.89	4	365.31	1	367.97
bsb_souer	7	7	268.487596	25	254.28	14	256.86	3	261.47	1	262.68
bsb_souer	7	8	292.572494	35	273.17	24	276.33	4	284.99	1	287.0
bsb_souer	7	9	453.068821	57	430.57	34	433.69	5	445.2	1	447.41
bsb_souer	7	10	140.879433	18	128.73	11	129.82	3	133.76	1	135.06
bsb_souer	7	11	344.4778	40	323.45	26	326.52	2	337.71	1	338.35
bsb_souer	7	12	130.952902	15	120.77	9	121.32	2	124.53	1	125.3
bsb_souer	7	13	206.472902	25	193.42	17	194.92	1	200.58	1	200.58
bsb_souer	7	14	196.494127	20	182.51	13	184.34	2	189.9	1	190.73
bsb_souer	7	15	184.634535	20	171.22	17	171.76	1	178.94	1	178.94
bsb_souer	7	16	338.809229	31	320.77	26	322.22	4	331.3	1	332.96
bsb_souer	7	17	112.823923	13	102.07	9	102.99	1	106.71	1	106.71
bsb_souer	7	18	281.261474	31	260.87	23	264.48	2	274.54	1	275.31
bsb_souer	7	19	284.187188	30	265.91	15	271.11	1	278.28	1	278.28
bsb_souer	7	20	391.524331	48	369.26	21	375.85	2	385.4	1	385.84
bsb_souer	7	21	205.924331	25	188.94	14	192.08	1	200.13	1	200.13
bsb_souer	8	1	196.180658	22	184.49	15	186.21	3	189.63	1	190.59
bsb_souer	8	2	230.401066	23	214.64	18	215.87	1	224.87	1	224.87
bsb_souer	8	3	153.888413	18	142.16	11	143.84	1	148.38	1	148.38
bsb_souer	8	4	201.692494	22	188.01	16	189.71	3	194.89	1	196.25
bsb_souer	9	1	234.058209	28	217.84	18	220.2	3	226.66	1	228.09
bsb_souer	9	2	338.312902	36	318.32	24	320.86	3	331.36	1	332.33
bsb_souer	9	3	166.009229	21	156.54	15	156.79	2	159.32	1	160.13
bsb_souer	9	4	212.611678	22	197.67	18	198.59	2	205.98	1	206.68
bsb_souer	9	5	116.559433	12	106.69	9	107.1	1	110.65	1	110.65
bsb_souer	9	6	227.788821	21	212.31	16	213.56	1	221.78	1	221.78
bsb_souer	9	7	170.293311	17	157.31	12	158.38	1	164.26	1	164.26
bsb_souer	9	8	159.556984	22	147.33	12	149.21	3	152.69	1	153.72
bsb_souer	9	9	270.864739	27	251.96	21	253.8	1	264.81	1	264.81
bsb_souer	9	10	244.167596	27	228.17	19	229.72	3	236.32	1	238.29
bsb_souer	9	11	147.122698	15	134.93	13	135.42	2	140.46	1	141.19
bsb_souer	9	12	227.971678	25	211.01	16	213.97	1	221.83	1	221.83
bsb_souer	9	13	211.018209	23	196.74	15	198.92	3	203.61	1	205.01
bsb_souer	9	14	505.888413	52	478.74	35	482.81	4	497.75	1	499.52
bsb_souer	9	15	306.417392	35	287.86	22	290.38	3	299.33	1	300.29
bsb_souer	9	16	213.003515	23	197.36	19	198.54	2	206.06	1	206.95
bsb_souer	9	17	495.282698	58	467.27	35	472.74	3	488.09	1	489.14
bsb_souer	9	18	245.943923	30	227.93	18	230.33	3	238.24	1	239.85
bsb_souer	9	19	217.026372	24	201.31	16	203.54	1	211.06	1	211.06
bsb_souer	9	20	382.825556	42	359.08	22	365.27	3	375.01	1	376.81
bsb_souer	9	21	146.861474	15	133.76	11	134.88	2	140.03	1	140.78
bsb_souer	9	22	226.770045	23	211.83	15	213.51	2	220.01	1	220.6
bsb_souer	9	23	250.959433	29	232.45	20	235.09	2	243.65	1	244.63
bsb_souer	9	24	195.214127	22	181.98	13	184.49	2	188.77	1	189.14
bsb_souer	9	25	402.025556	44	375.54	25	380.82	4	393.36	1	395.78
bsb_souer	9	26	257.463923	25	239.82	14	243.15	3	249.39	1	251.12
bsb_souer	9	27	118.727596	12	107.44	8	109.26	1	112.63	1	112.63
bsb_souer	9	28	225.072086	25	206.51	18	208.88	2	218.09	1	218.79
bsb_souer	9	29	121.470454	11	111.89	7	112.74	1	115.39	1	115.39
bsb_souer	9	30	251.220658	31	233.66	16	236.92	3	244.01	1	245.3
bsb_souer	9	31	111.047596	13	98.29	9	100.15	3	103.46	1	105.08
bsb_souer	10	1	217.261474	27	199.97	17	203.14	2	210.38	1	211.14
bsb_souer	10	2	264.464739	32	246.89	20	250.45	3	257.46	1	258.24
bsb_souer	10	3	340.272086	39	318.7	27	321.7	4	332.48	1	334.26
bsb_souer	10	4	134.192086	12	124.3	6	125.74	2	127.65	1	128.13
bsb_souer	10	5	197.38229	25	182.69	14	184.94	4	189.69	1	191.33
bsb_souer	10	6	200.490862	23	186.81	15	188.26	4	193.32	1	194.47
bsb_souer	10	7	258.952902	29	245.0	12	249.0	2	252.49	1	252.85
bsb_souer	10	8	154.384739	18	142.87	11	144.48	2	148.03	1	148.4
bsb_souer	10	9	124.657392	13	114.79	10	115.79	1	118.66	1	118.66
bsb_souer	10	10	186.881066	19	174.64	12	176.11	2	180.2	1	180.69
bsb_souer	10	11	231.863923	27	216.63	16	219.2	3	224.56	1	225.83
bsb_souer	10	12	283.168413	31	266.03	19	268.99	4	275.39	1	277.05
bsb_souer	10	13	339.436168	39	320.37	30	322.16	3	332.2	1	333.18
bsb_souer	10	14	332.017392	33	315.22	25	317.05	2	325.3	1	325.81
bsb_souer	10	15	330.423923	37	313.09	27	315.06	3	323.48	1	324.27
bsb_souer	10	16	220.892494	23	207.1	17	208.35	3	213.78	1	214.71
bsb_souer	10	17	276.063107	29	262.23	17	264.66	2	269.46	1	269.8
bsb_souer	10	18	323.344739	33	307.93	25	309.8	2	316.75	1	317.08
bsb_souer	10	19	421.251678	43	401.97	31	404.72	6	412.68	1	414.96
bsb_souer	10	20	249.548821	26	235.27	19	236.63	1	243.42	1	243.42
bsb_souer	10	21	227.893311	22	215.06	15	216.42	2	221.25	1	221.73
bsb_souer	10	22	287.400249	51	269.03	16	276.4	1	281.21	1	281.21
bsb_souer	10	23	299.129229	39	283.9	27	286.31	2	292.42	1	292.83
bsb_souer	10	24	248.216576	25	233.43	18	235.83	4	240.77	1	241.95
bsb_souer	11	1	451.03127	53	423.61	29	430.17	6	441.31	1	445.08
bsb_souer	11	2	424.438617	46	400.15	30	403.61	5	415.82	1	418.59
bsb_souer	11	3	243.984739	28	227.18	18	229.81	2	237.24	1	238.21
bsb_souer	11	4	238.916984	34	223.69	23	225.33	4	231.22	1	233.08
bsb_souer	11	5	155.612494	18	144.23	12	145.32	3	148.88	1	149.67
bsb_souer	11	6	287.922698	38	269.7	20	273.56	7	278.53	1	282.19
bsb_souer	11	7	437.865556	51	413.37	33	419.1	7	428.72	1	431.98
bsb_souer	11	8	603.612494	66	577.53	34	582.69	5	595.56	1	597.89
bsb_souer	11	9	243.148821	28	228.93	14	231.56	2	236.34	1	237.32
bsb_souer	11	10	254.407596	29	238.53	14	241.69	2	247.68	1	248.07
bsb_souer	11	11	395.233719	43	372.97	24	378.36	6	386.23	1	388.74
bsb_souer	11	12	301.114535	33	283.02	20	285.95	4	292.51	1	294.9
bsb_souer	11	13	294.688413	34	276.79	22	278.56	2	287.78	1	288.58
bsb_souer	11	14	284.892494	31	269.89	16	273.19	4	277.75	1	278.98
bsb_souer	11	15	287.060658	34	268.37	20	271.24	6	276.91	1	281.2
bsb_souer	11	16	331.416576	34	312.69	20	315.93	5	323.25	1	325.09
bsb_souer	11	17	201.692494	24	186.15	13	188.66	3	193.96	1	195.35
bsb_souer	11	18	427.651678	46	402.16	32	405.39	4	420.14	1	421.61
bsb_souer	11	19	230.505556	21	215.67	18	216.22	3	222.86	1	224.38
bsb_souer	11	20	445.650045	43	422.12	34	423.62	5	437.21	1	439.79
bsb_souer	11	21	262.087596	29	245.12	23	246.54	4	254.22	1	256.03
bsb_souer	11	22	454.97576	53	428.46	42	430.88	5	446.75	1	448.99
bsb_souer	12	1	200.360249	18	188.55	16	189.05	2	193.65	1	194.18
bsb_souer	12	2	264.15127	25	248.4	22	249.05	4	256.37	1	258.17
bsb_souer	12	3	252.892494	27	239.33	17	240.89	1	246.81	1	246.81
bsb_souer	12	4	385.333311	44	362.28	36	363.53	5	376.99	1	379.25
bsb_souer	12	5	288.810862	27	270.66	23	271.83	2	282.05	1	282.75
bsb_souer	12	6	291.945556	33	272.86	28	273.79	3	284.46	1	285.99
bsb_souer	12	7	226.874535	20	212.12	16	213.08	3	219.06	1	220.94
bsb_souer	12	8	283.220658	29	264.77	25	265.69	5	274.99	1	277.34
bsb_souer	12	9	371.801882	37	353.19	27	354.61	3	364.53	1	365.7
bsb_souer	12	10	356.572494	36	339.72	27	340.69	4	349.14	1	350.53
bsb_souer	12	11	207.465556	21	195.61	14	197.12	4	200.29	1	201.44
bsb_souer	12	12	199.367596	21	186.88	12	188.66	2	192.88	1	193.22
bsb_souer	12	13	250.672086	25	237.16	19	237.96	3	243.38	1	244.55
bsb_souer	12	14	270.028821	29	255.33	18	257.47	6	261.39	1	263.96
bsb_souer	12	15	324.938209	38	306.73	28	308.38	7	316.11	1	318.98
bsb_souer	12	16	195.109637	20	183.08	12	184.87	2	188.64	1	188.94
bsb_souer	12	17	366.002698	41	349.05	20	352.32	3	358.89	1	359.87
bsb_souer	12	18	355.736576	37	340.7	20	343.01	3	348.77	1	349.58
bsb_souer	12	19	343.171678	37	329.08	21	331.28	5	336.03	1	337.04
bsb_souer	12	20	199.158617	21	186.24	15	187.17	3	192.66	1	193.28
bsb_souer	12	21	223.426372	26	211.7	12	213.44	3	216.89	1	217.38
bsb_souer	12	22	193.829637	20	182.62	10	184.11	4	186.14	1	187.64
bsb_souer	12	23	404.454943	37	385.53	25	388.18	6	395.67	1	398.26
bsb_souer	12	24	177.633719	20	165.22	12	166.76	4	169.81	1	171.53
bsb_souer	12	25	268.879433	30	253.82	15	257.45	6	260.76	1	262.57
bsb_souer	13	1	288.419025	54	270.01	40	270.19	5	280.59	1	281.75
bsb_souer	13	2	341.108005	55	318.32	39	321.76	1	335.14	1	335.14
bsb_souer	13	3	168.673719	24	153.72	19	153.98	3	160.98	1	162.62
bsb_souer	13	4	310.649229	43	294.33	26	297.16	4	304.47	1	304.69
bsb_souer	13	5	215.145556	26	203.57	15	205.14	3	208.46	1	209.14
bsb_souer	13	6	464.118617	81	438.07	54	440.4	4	456.92	1	458.09
bsb_souer	13	7	305.607596	40	285.39	34	286.39	6	296.07	1	299.61
bsb_souer	13	8	205.192902	40	189.74	24	190.42	2	199.02	1	199.47
bsb_souer	13	9	314.358617	44	295.05	33	297.34	2	308.41	1	308.47
bsb_souer	13	10	109.06229	14	97.31	8	98.9	3	101.53	1	102.88
bsb_souer	13	11	313.548821	47	297.0	36	298.84	3	306.56	1	307.29
bsb_souer	13	12	293.225556	40	275.9	30	277.15	2	286.64	1	287.23
bsb_souer	13	13	115.619025	14	105.03	7	106.44	2	108.73	1	109.63
bsb_souer	13	14	113.268005	17	103.32	7	104.21	2	106.57	1	107.23
bsb_souer	13	15	251.168413	29	235.14	16	238.35	4	242.91	1	244.76
bsb_souer	13	16	293.434535	43	274.33	16	279.01	4	284.43	1	287.29
bsb_souer	13	17	228.755351	27	215.15	11	218.07	2	221.86	1	222.52
bsb_souer	13	18	140.644331	17	129.19	11	130.05	2	134.03	1	134.64
bsb_souer	13	19	184.79127	19	172.27	12	174.0	2	178.1	1	178.77
bsb_souer	13	20	85.578209	8	77.21	7	77.21	2	79.43	1	79.78
bsb_souer	13	21	268.618209	30	251.15	19	253.41	4	260.03	1	262.48
bsb_souer	13	22	180.690045	19	169.09	10	170.84	2	174.08	1	174.56
bsb_souer	13	23	239.72678	32	222.21	22	224.59	5	230.93	1	233.5
bsb_souer	13	24	196.729229	31	183.83	29	184.48	2	190.05	1	190.58
bsb_souer	13	25	200.621474	31	180.95	29	181.53	1	193.85	1	193.85
bsb_souer	13	26	264.281882	32	246.6	17	249.75	2	257.11	1	258.12
bsb_souer	13	27	281.679433	34	264.65	31	265.47	4	273.61	1	275.34
bsb_souer	13	28	227.396984	21	214.36	12	216.79	2	220.66	1	221.35
bsb_souer	13	29	300.461474	30	283.65	15	287.38	4	292.49	1	294.31
bsb_souer	14	1	151.929229	17	139.37	10	141.69	2	145.38	1	145.9
bsb_souer	14	2	186.045147	18	174.04	11	175.38	2	179.24	1	180.08
bsb_souer	14	3	141.689229	17	129.93	8	132.44	4	134.08	1	135.68
bsb_souer	14	4	178.18229	22	165.68	19	167.0	5	170.34	1	172.11
bsb_souer	14	5	140.827188	14	129.68	9	130.73	1	134.51	1	134.51
bsb_souer	14	6	389.512902	42	371.81	20	375.31	2	382.4	1	383.3
bsb_souer	14	7	220.474535	22	207.79	13	208.97	3	213.08	1	214.41
bsb_souer	14	8	156.056576	18	145.19	9	146.76	1	150.14	1	150.14
bsb_souer	14	9	261.068821	31	246.11	14	249.23	3	253.69	1	255.11
bsb_souer	14	10	156.030454	19	144.66	11	146.16	2	149.31	1	150.0
bsb_souer	14	11	168.438617	23	155.72	7	158.9	4	160.84	1	162.39
bsb_souer	14	12	155.612494	16	144.1	9	145.71	2	148.9	1	149.45
bsb_souer	14	13	206.133311	22	193.29	11	195.68	2	199.4	1	199.94
bsb_souer	14	14	144.90229	15	134.35	7	135.97	1	138.71	1	138.71
bsb_souer	14	15	153.940658	19	142.28	5	145.95	2	146.83	1	147.6
bsb_souer	14	16	143.883515	14	131.91	7	133.88	3	136.05	1	137.5
bsb_souer	14	17	153.078617	19	140.89	10	142.84	1	146.71	1	146.71
bsb_souer	14	18	317.336576	34	299.22	30	299.78	3	309.62	1	310.99
bsb_souer	14	19	114.443515	11	104.69	4	106.13	2	107.72	1	108.02
bsb_souer	14	20	350.120249	37	329.1	22	333.08	7	340.32	1	344.05
bsb_souer	14	21	196.389637	20	183.07	13	184.92	4	188.17	1	190.16
bsb_souer	14	22	151.250045	12	139.38	8	140.78	3	143.09	1	144.91
bsb_souer	14	23	223.400249	21	209.71	10	212.61	3	215.92	1	217.0
bsb_souer	14	24	276.716168	27	259.6	16	262.54	4	268.4	1	270.44
bsb_souer	14	25	281.548821	28	263.83	17	266.69	5	272.94	1	275.2
bsb_souer	14	26	232.699841	23	217.11	11	220.47	1	226.23	1	226.23
bsb_souer	14	27	78.838617	9	69.99	4	70.99	1	72.5	1	72.5
bsb_souer	14	28	272.90229	27	256.87	12	260.43	3	265.42	1	266.75
bsb_souer	14	29	355.292494	36	335.15	22	338.71	2	348.44	1	348.86
bsb_souer	14	30	279.929229	27	263.01	13	266.43	2	273.02	1	273.86
bsb_souer	14	31	239.909637	21	224.19	11	227.58	3	232.52	1	233.6
bsb_souer	14	32	353.64678	33	333.03	16	337.77	5	344.04	1	347.29
bsb_souer	14	33	239.387188	25	224.56	11	228.38	3	231.53	1	233.02
bsb_souer	14	34	348.892494	33	331.09	18	333.69	6	339.33	1	342.55
bsb_souer	14	35	287.321882	27	271.33	14	274.65	3	279.82	1	280.99
bsb_souer	14	36	235.965147	23	218.99	16	220.73	6	225.94	1	229.58
bsb_souer	15	1	113.032902	11	104.14	9	104.82	2	106.94	1	107.33
bsb_souer	15	2	373.029637	70	351.11	64	352.15	2	367.03	1	367.43
bsb_souer	15	3	158.825556	13	149.61	9	150.59	2	152.96	1	153.3
bsb_souer	15	4	228.703107	24	216.99	17	217.52	3	222.17	1	223.02
bsb_souer	15	5	170.528413	17	161.95	13	162.19	2	164.47	1	164.86
bsb_souer	15	6	231.080249	22	220.28	16	220.93	4	224.67	1	225.45
bsb_souer	15	7	240.928413	28	231.05	11	233.07	3	234.86	1	235.22
bsb_souer	15	8	304.144739	36	289.62	28	290.81	5	296.88	1	298.61
bsb_souer	15	9	195.240249	15	185.58	9	186.2	2	188.97	1	189.44
bsb_souer	15	10	337.790454	44	320.95	31	322.18	3	331.28	1	332.2
bsb_souer	16	1	114.652494	11	106.56	8	107.01	1	108.93	1	108.93
bsb_souer	16	2	198.636168	20	187.5	15	188.47	2	192.56	1	193.05
bsb_souer	16	3	291.579841	32	278.1	13	281.15	1	285.9	1	285.9
bsb_souer	16	4	193.281066	23	182.48	16	183.14	2	187.37	1	187.64
bsb_souer	16	5	191.556984	19	181.58	13	182.63	2	185.33	1	185.8
bsb_souer	16	6	183.014943	19	171.19	14	172.26	2	176.67	1	177.19
bsb_souer	16	7	423.315351	73	398.85	64	400.33	3	416.82	1	417.57
bsb_souer	16	8	217.078617	18	205.45	13	206.41	2	210.86	1	211.31
bsb_souer	16	9	420.20678	38	406.36	15	411.1	1	414.71	1	414.71
bsb_souer	16	10	235.181474	39	224.38	34	225.08	2	228.78	1	229.24
bsb_souer	16	11	259.109637	36	247.4	16	249.94	2	253.05	1	253.42
bsb_souer	16	12	352.47127	47	336.74	31	339.29	3	345.7	1	346.66
bsb_souer	16	13	303.570045	31	290.43	17	292.34	5	296.13	1	297.7
bsb_souer	17	1	217.156984	22	202.23	13	205.32	3	210.39	1	211.33
bsb_souer	17	2	242.939841	23	226.91	15	229.2	4	235.78	1	237.3
bsb_souer	17	3	165.669637	15	153.96	10	155.11	1	160.17	1	160.17
bsb_souer	17	4	165.721882	17	152.44	10	154.22	1	160.0	1	160.0
bsb_souer	17	5	143.752902	14	131.99	11	132.63	2	137.57	1	138.11
bsb_souer	17	6	142.185556	14	131.46	11	131.94	1	136.63	1	136.63
bsb_souer	17	7	112.432086	10	103.16	8	103.56	2	106.24	1	106.88
bsb_souer	17	8	196.755351	17	183.99	11	186.3	2	190.57	1	191.25
bsb_souer	17	9	297.379025	32	280.55	14	284.54	3	290.22	1	291.79
bsb_souer	17	10	33.777392	3	27.48	2	27.89	1	28.15	1	28.15
bsb_souer	18	1	186.619841	22	176.24	14	176.58	3	179.92	1	180.96
bsb_souer	18	2	117.578209	13	108.13	10	108.7	2	111.51	1	112.1
bsb_souer	18	3	134.740658	26	124.03	4	128.38	1	129.17	1	129.17
bsb_souer	18	4	112.7978	21	102.98	6	105.55	1	107.2	1	107.2
bsb_souer	18	5	138.214943	27	126.29	4	131.31	1	132.47	1	132.47
bsb_souer	18	6	150.910454	30	139.25	8	143.26	1	145.26	1	145.26
bsb_souer	18	7	123.116168	21	111.37	4	115.94	1	117.49	1	117.49
bsb_souer	18	8	110.864739	22	100.88	5	104.61	1	105.44	1	105.44
bsb_souer	18	9	180.690045	35	166.61	6	173.04	1	175.03	1	175.03
bsb_souer	18	10	121.000249	22	110.13	4	114.0	1	115.34	1	115.34
bsb_souer	18	11	104.334127	20	94.82	6	97.33	1	98.7	1	98.7
bsb_souer	18	12	129.333311	25	118.35	5	122.49	1	123.63	1	123.63
bsb_souer	18	13	135.550454	28	122.76	5	128.41	1	129.7	1	129.7
bsb_souer	18	14	129.568413	22	118.57	4	122.39	1	123.71	1	123.71
bsb_souer	18	15	183.354535	35	170.15	7	175.43	1	177.38	1	177.38
bsb_souer	18	16	120.425556	22	111.03	6	113.53	1	114.6	1	114.6
bsb_souer	18	17	85.996168	16	76.2	4	79.48	1	80.22	1	80.22
bsb_souer	18	18	102.244331	21	92.26	5	95.58	1	96.39	1	96.39
bsb_souer	18	19	145.973311	29	134.04	7	138.36	1	140.48	1	140.48
bsb_souer	18	20	151.720249	29	140.32	6	144.77	1	146.17	1	146.17
bsb_souer	18	21	170.894127	34	157.73	7	163.24	1	165.1	1	165.1
bsb_souer	18	22	142.760249	30	131.65	6	135.95	1	137.19	1	137.19
bsb_souer	18	23	84.559433	17	75.68	4	78.03	1	78.88	1	78.88
bsb_souer	18	24	154.254127	25	141.78	6	146.58	1	148.39	1	148.39
bsb_souer	18	25	31.112902	6	24.42	2	24.86	1	25.23	1	25.23
bsb_souer	18	26	70.035351	14	62.29	3	64.17	1	64.51	1	64.51
bsb_souer	18	27	118.701474	23	108.44	4	112.0	2	112.57	1	112.96
bsb_souer	18	28	149.369229	28	137.43	3	142.77	1	143.45	1	143.45
bsb_souer	18	29	126.459841	25	116.48	5	119.29	1	120.52	1	120.52
bsb_souer	18	30	171.651678	31	160.65	5	165.44	2	165.96	1	166.08
bsb_souer	18	31	210.861474	40	200.28	9	202.83	1	205.11	1	205.11
bsb_souer	18	32	126.851678	22	117.04	6	119.59	1	121.03	1	121.03
bsb_souer	18	33	171.155351	33	156.81	6	162.5	1	165.2	1	165.2
bsb_souer	18	34	198.244331	37	183.58	6	190.33	1	192.34	1	192.34
bsb_souer	18	35	83.932494	16	74.19	3	77.38	1	78.08	1	78.08
bsb_souer	18	36	169.22229	33	154.82	7	161.01	1	163.25	1	163.25
bsb_souer	18	37	137.22229	24	124.98	3	130.45	1	131.33	1	131.33
bsb_souer	18	38	196.676984	41	181.68	11	186.7	1	190.95	1	190.95
bsb_souer	18	39	156.370045	30	142.47	6	147.9	1	150.45	1	150.45
bsb_souer	18	40	121.444331	24	108.84	8	112.56	2	114.89	1	115.86
bsb_souer	18	41	162.796168	34	149.43	5	155.83	1	157.14	1	157.14
bsb_souer	18	42	140.931678	17	128.89	7	131.43	3	133.03	1	135.2
bsb_souer	19	1	45.819841	6	37.42	3	38.32	1	39.05	1	39.05
bsb_souer	19	2	67.214127	12	58.7	4	60.88	1	62.11	1	62.11
bsb_souer	19	3	51.540658	8	40.18	2	42.14	1	42.49	1	42.49
bsb_souer	19	4	62.381474	8	48.55	4	51.25	1	52.6	1	52.6
bsb_souer	19	5	92.108821	12	76.89	7	78.12	1	81.23	1	81.23
bsb_souer	19	6	65.568413	10	51.36	4	53.24	1	54.45	1	54.45
bsb_souer	19	7	113.163515	17	95.32	5	99.8	1	101.93	1	101.93
bsb_souer	19	8	58.907188	9	46.92	5	47.4	1	48.93	1	48.93
bsb_souer	19	9	127.687596	20	110.7	7	114.22	1	116.73	1	116.73
bsb_souer	19	10	123.560249	18	112.0	5	116.73	1	118.41	1	118.41
bsb_souer	19	11	52.010862	7	41.86	4	43.05	1	43.84	1	43.84
bsb_souer	19	12	57.026372	8	44.51	3	46.05	1	46.83	1	46.83
bsb_souer	19	13	42.998617	6	32.77	3	33.23	1	34.52	1	34.52
bsb_souer	19	14	58.985556	7	48.25	5	48.78	1	50.72	1	50.72
bsb_souer	19	15	39.080249	5	31.67	2	31.96	1	32.32	1	32.32
bsb_souer	19	16	75.808413	11	64.33	4	67.43	1	68.81	1	68.81
bsb_souer	19	17	105.979841	15	94.76	6	96.68	1	98.94	1	98.94
bsb_souer	19	18	306.992086	50	273.77	15	284.56	1	290.01	1	290.01
bsb_souer	19	19	102.218209	14	89.38	4	92.81	1	93.52	1	93.52
bsb_souer	19	20	61.049229	9	49.13	2	51.72	1	52.39	1	52.39
bsb_souer	19	21	84.925147	13	71.38	6	73.85	1	75.93	1	75.93
bsb_souer	19	22	199.367596	31	175.94	10	182.5	1	187.18	1	187.18
bsb_souer	19	23	44.644331	6	35.87	2	37.19	1	37.96	1	37.96
bsb_souer	19	24	66.456576	10	55.78	2	58.53	1	59.19	1	59.19
bsb_souer	19	25	120.79127	22	107.14	7	111.65	1	113.94	1	113.94
bsb_souer	19	26	64.628005	12	55.14	5	56.24	1	57.91	1	57.91
bsb_souer	19	27	108.226372	14	96.58	5	99.35	1	101.41	1	101.41
bsb_souer	19	28	69.774127	9	60.4	4	61.85	1	63.33	1	63.33
bsb_souer	19	29	67.971678	11	57.7	4	59.57	1	60.7	1	60.7
bsb_souer	19	30	78.211678	12	64.9	5	66.47	1	68.0	1	68.0
bsb_souer	19	31	176.588821	24	157.13	9	163.57	1	167.71	1	167.71
bsb_souer	19	32	89.705556	11	74.58	3	80.35	1	81.56	1	81.56
bsb_souer	19	33	116.768413	22	103.81	7	108.19	1	111.42	1	111.42
bsb_souer	19	34	123.638617	22	103.22	7	108.7	1	111.92	1	111.92
bsb_souer	19	35	187.220658	28	169.29	8	176.79	1	180.19	1	180.19
bsb_souer	19	36	84.193719	12	69.97	3	73.23	1	74.25	1	74.25
bsb_souer	19	37	222.250862	40	201.33	21	206.42	1	215.43	1	215.43
bsb_souer	19	38	117.970045	22	101.51	6	107.51	1	109.69	1	109.69
bsb_souer	19	39	107.6778	13	91.73	3	96.93	1	97.57	1	97.57
bsb_souer	19	40	137.43127	17	121.88	7	125.41	1	128.56	1	128.56
bsb_souer	19	41	83.174943	13	69.17	4	72.75	1	74.3	1	74.3
bsb_souer	19	42	95.713719	11	81.83	5	83.85	1	86.17	1	86.17
bsb_souer	19	43	46.734127	5	39.68	3	40.5	1	41.45	1	41.45
bsb_souer	19	44	152.138209	26	133.02	6	140.1	1	142.65	1	142.65
bsb_souer	19	45	121.418209	17	101.88	6	106.04	1	108.19	1	108.19
bsb_souer	19	46	83.619025	11	67.18	3	70.14	1	71.69	1	71.69
bsb_souer	19	47	62.355351	9	48.68	3	51.45	1	52.38	1	52.38
bsb_souer	19	48	90.123515	14	74.87	4	79.02	1	80.47	1	80.47
bsb_souer	19	49	123.299025	20	105.91	4	111.9	1	113.45	1	113.45
bsb_souer	19	50	136.516984	23	121.97	3	128.35	1	129.03	1	129.03
bsb_souer	19	51	126.799433	19	107.59	5	111.75	1	113.39	1	113.39
bsb_souer	19	52	76.748821	9	58.6	2	61.49	1	61.74	1	61.74
bsb_souer	19	53	61.989637	6	49.15	5	49.4	1	50.98	1	50.98
bsb_souer	19	54	52.272086	7	34.84	1	36.64	1	36.64	1	36.64
bsb_souer	19	55	147.018209	23	131.25	7	134.26	1	136.72	1	136.72
bsb_souer	19	56	88.190454	13	70.06	6	71.11	1	72.91	1	72.91
bsb_souer	19	57	89.888413	11	73.12	4	75.02	1	75.71	1	75.71
bsb_souer	19	58	75.103107	11	61.12	4	62.26	1	63.52	1	63.52
bsb_souer	19	59	128.236168	17	107.65	4	112.43	1	113.06	1	113.06
bsb_souer	19	60	87.876984	12	64.44	4	66.81	1	67.96	1	67.96
bsb_souer	19	61	57.104739	8	44.49	2	46.01	1	46.36	1	46.36
bsb_souer	19	62	94.851678	12	79.78	3	83.09	1	83.83	1	83.83
bsb_souer	19	63	72.438617	11	60.46	4	62.15	1	62.8	1	62.8
bsb_souer	19	64	66.221474	10	56.08	4	56.5	1	57.41	1	57.41
bsb_souer	19	65	92.709637	13	78.96	3	81.58	1	82.31	1	82.31
bsb_souer	19	66	123.508005	20	107.36	4	112.67	1	113.54	1	113.54
bsb_souer	19	67	50.0778	7	36.11	3	37.84	1	38.26	1	38.26
bsb_souer	19	68	246.518617	35	224.66	9	233.01	1	236.25	1	236.25
bsb_souer	19	69	213.970045	36	195.17	7	201.62	1	203.27	1	203.27
bsb_souer	19	70	43.939025	5	32.55	3	32.91	1	33.6	1	33.6
bsb_souer	19	71	166.427188	24	153.83	8	158.45	1	161.01	1	161.01
bsb_souer	19	72	134.792902	20	122.7	7	126.24	1	127.9	1	127.9
bsb_souer	19	73	151.119433	28	135.55	8	140.91	1	143.64	1	143.64
bsb_souer	19	74	142.864739	23	127.77	6	132.99	1	134.92	1	134.92
bsb_souer	19	75	70.505556	10	54.58	5	55.58	1	57.09	1	57.09
bsb_souer	19	76	78.159433	12	61.74	3	65.27	1	65.87	1	65.87
bsb_souer	19	77	128.1578	20	110.35	4	115.81	1	117.04	1	117.04
bsb_souer	19	78	392.961066	72	368.58	19	378.95	1	385.02	1	385.02
bsb_souer	19	79	94.068005	13	82.77	4	85.61	1	86.59	1	86.59
bsb_souer	19	80	118.753719	19	101.69	5	105.38	1	106.74	1	106.74
bsb_souer	19	81	102.401066	16	87.87	3	90.96	1	91.85	1	91.85
bsb_souer	19	82	51.383923	8	41.31	3	42.98	1	43.56	1	43.56
bsb_souer	19	83	99.292494	18	86.87	4	89.35	1	90.51	1	90.51
bsb_souer	19	84	92.291678	12	76.03	4	79.42	1	80.77	1	80.77
bsb_souer	19	85	80.196984	13	66.64	4	69.35	1	70.37	1	70.37
bsb_souer	19	86	107.730045	17	95.73	6	98.39	1	100.35	1	100.35
bsb_souer	19	87	53.290862	7	41.36	3	43.18	1	43.92	1	43.92
bsb_souer	19	88	117.499841	18	95.91	5	100.73	1	101.86	1	101.86
bsb_souer	19	89	301.819841	52	279.42	12	289.09	1	293.15	1	293.15
bsb_souer	19	90	106.920249	17	94.47	6	96.64	1	98.69	1	98.69
bsb_souer	19	91	91.586372	16	82.58	4	85.28	1	86.28	1	86.28
bsb_souer	19	92	86.466372	15	74.26	5	76.04	1	77.57	1	77.57
bsb_souer	19	93	43.651678	5	37.13	3	37.6	1	38.34	1	38.34
bsb_souer	19	94	124.239433	23	113.54	6	117.28	1	119.02	1	119.02
bsb_souer	19	95	67.344739	11	59.9	4	61.11	1	61.97	1	61.97
bsb_souer	19	96	86.152902	13	77.41	5	79.26	1	80.82	1	80.82
bsb_souer	19	97	74.241066	12	65.17	4	67.73	1	68.94	1	68.94
bsb_souer	19	98	61.70229	9	52.55	3	53.7	1	54.66	1	54.66
bsb_souer	19	99	62.538209	9	54.83	4	56.31	1	57.23	1	57.23
bsb_souer	19	100	36.755351	5	28.04	3	28.6	1	28.92	1	28.92
bsb_souer	19	101	64.784739	8	53.66	4	55.65	1	57.22	1	57.22
bsb_souer	19	102	162.796168	28	141.38	7	147.57	1	151.04	1	151.04
bsb_souer	19	103	126.930045	22	112.81	5	117.65	1	119.66	1	119.66
bsb_souer	19	104	197.460658	35	179.11	10	187.47	1	191.86	1	191.86
bsb_souer	19	105	219.403515	45	198.9	8	210.31	1	213.63	1	213.63
bsb_souer	19	106	262.479433	48	238.65	15	248.87	1	256.73	1	256.73
bsb_souer	19	107	234.60678	43	212.17	9	224.48	1	228.98	1	228.98
bsb_souer	19	108	82.39127	13	69.47	3	72.43	1	73.7	1	73.7
bsb_souer	19	109	183.459025	31	161.57	5	171.4	1	173.99	1	173.99
bsb_souer	19	110	50.626372	7	41.45	4	41.68	1	43.07	1	43.07
bsb_souer	19	111	66.900658	10	57.42	4	59.67	1	61.14	1	61.14
bsb_souer	19	112	67.945556	10	58.02	4	60.63	1	62.3	1	62.3
bsb_souer	19	113	47.073719	9	39.05	4	40.41	1	41.16	1	41.16
bsb_souer	19	114	41.927596	8	34.71	3	35.28	1	36.11	1	36.11
bsb_souer	19	115	95.792086	18	84.73	8	87.03	1	89.24	1	89.24
bsb_souer	19	116	96.941474	19	85.52	8	88.53	1	91.01	1	91.01
bsb_souer	19	117	17.372494	2	11.15	2	11.15	1	11.28	1	11.28
bsb_souer	19	118	159.792086	29	143.18	7	150.87	1	154.0	1	154.0
bsb_souer	19	119	870.819025	176	777.78	22	839.75	22	839.75	1	865.04
bsb_souer	19	120	40.464739	7	30.31	3	31.54	1	32.53	1	32.53
bsb_souer	19	121	45.37576	8	34.25	4	35.85	1	37.32	1	37.32
bsb_souer	19	122	52.95127	9	40.97	3	42.83	1	43.71	1	43.71
bsb_souer	19	123	35.893311	4	26.54	2	27.15	1	27.73	1	27.73
bsb_souer	19	124	45.532494	8	34.68	2	35.51	1	36.21	1	36.21
bsb_souer	19	125	42.894127	5	32.44	3	33.59	1	34.68	1	34.68
bsb_souer	19	126	43.076984	6	33.25	2	34.3	1	34.86	1	34.86
bsb_souer	19	127	45.219025	5	33.48	2	34.83	1	35.56	1	35.56
bsb_souer	19	128	42.084331	6	32.11	2	33.5	1	33.96	1	33.96
bsb_souer	19	129	49.398617	8	38.52	2	40.58	1	41.2	1	41.2
bsb_souer	19	130	50.39127	8	39.52	4	41.16	1	42.54	1	42.54
bsb_souer	19	131	31.583107	3	21.64	2	21.97	1	22.51	1	22.51
bsb_souer	19	132	103.654943	18	89.35	4	93.34	1	95.43	1	95.43
bsb_souer	19	133	30.668821	3	20.93	1	21.65	1	21.65	1	21.65
bsb_souer	19	134	22.309637	3	13.35	2	13.93	1	14.31	1	14.31
bsb_souer	19	135	122.802698	21	110.28	7	114.22	1	116.71	1	116.71
bsb_souer	19	136	148.559433	26	134.02	1	142.54	1	142.54	1	142.54
bsb_souer	19	137	61.284331	9	52.86	4	53.64	1	55.47	1	55.47
bsb_souer	19	138	66.169229	8	55.1	3	57.72	1	58.67	1	58.67
bsb_souer	19	139	147.828005	24	128.77	6	134.71	1	138.27	1	138.27
bsb_souer	19	140	93.232086	13	77.37	2	83.62	1	83.99	1	83.99
bsb_souer	19	141	80.458209	10	68.71	4	71.1	1	72.68	1	72.68
bsb_souer	19	142	57.522698	7	44.83	4	45.95	1	47.26	1	47.26
bsb_souer	19	143	94.041882	12	80.8	4	84.99	1	86.21	1	86.21
bsb_souer	19	144	109.480249	15	95.92	6	99.09	1	102.03	1	102.03
bsb_souer	19	145	124.239433	21	108.28	5	112.98	1	115.16	1	115.16
bsb_souer	19	146	66.221474	10	57.44	5	58.57	1	60.2	1	60.2
bsb_souer	19	147	108.435351	20	97.13	7	100.3	1	102.58	1	102.58
bsb_souer	19	148	77.506372	14	69.47	3	70.83	1	71.61	1	71.61
bsb_souer	19	149	54.048413	9	46.43	3	47.45	1	48.07	1	48.07
bsb_souer	19	150	34.456576	6	27.79	3	28.34	1	28.75	1	28.75
bsb_souer	20	1	185.078617	33	170.65	7	176.14	3	178.11	1	179.35
bsb_souer	20	2	106.737392	22	96.16	5	98.77	1	101.06	1	101.06
bsb_souer	20	3	177.999433	35	159.67	9	167.85	2	171.51	1	172.3
bsb_souer	20	4	146.49576	27	131.32	3	139.8	1	140.89	1	140.89
bsb_souer	20	5	125.023107	23	111.38	3	118.03	1	119.26	1	119.26
bsb_souer	20	6	186.645964	35	170.47	10	177.15	2	180.41	1	181.03
bsb_souer	20	7	134.505556	27	122.14	6	126.28	1	128.86	1	128.86
bsb_souer	20	8	189.70229	36	173.58	8	181.21	1	184.22	1	184.22
bsb_souer	20	9	97.228821	18	85.48	4	89.78	2	90.86	1	91.57
bsb_souer	20	10	185.418209	32	164.26	32	164.26	1	179.76	1	179.76
bsb_souer	20	11	187.978209	31	165.52	31	165.52	1	182.18	1	182.18
bsb_souer	20	12	165.904739	28	145.25	28	145.25	1	160.16	1	160.16
bsb_souer	20	13	157.676168	25	137.14	25	137.14	1	151.75	1	151.75
bsb_souer	20	14	209.294127	35	183.16	35	183.16	1	203.49	1	203.49
bsb_souer	20	15	195.109637	33	169.02	33	169.02	1	189.36	1	189.36
bsb_souer	20	16	199.681066	33	173.84	33	173.84	1	193.93	1	193.93
bsb_souer	20	17	169.823107	28	147.8	28	147.8	1	164.05	1	164.05
bsb_souer	20	18	143.282698	24	122.17	24	122.17	1	137.5	1	137.5
bsb_souer	20	19	176.719433	29	152.9	29	152.9	1	170.96	1	170.96
bsb_souer	20	20	177.712086	30	153.12	30	153.12	1	172.16	1	172.16
bsb_souer	20	21	186.776576	31	162.8	30	162.97	1	180.98	1	180.98
bsb_souer	20	22	182.100658	29	149.36	22	150.46	7	160.25	1	176.25
bsb_souer	20	23	221.414943	35	171.93	13	179.07	13	179.07	1	213.68
bsb_souer	20	24	220.866372	34	173.73	16	178.43	12	181.12	1	212.97
bsb_souer	20	25	173.793719	28	152.64	22	154.02	1	167.94	1	167.94
bsb_souer	20	26	163.9978	28	142.64	5	155.42	1	158.08	1	158.08
bsb_souer	20	27	164.20678	27	143.51	22	145.11	1	158.29	1	158.29
bsb_souer	20	28	185.183107	28	161.04	28	161.04	1	179.46	1	179.46
bsb_souer	20	29	162.534943	27	140.64	27	140.64	1	156.64	1	156.64
bsb_souer	20	30	220.657392	33	200.95	22	204.85	1	215.03	1	215.03
bsb_souer	20	31	162.639433	31	145.79	10	152.49	2	155.88	1	156.88
bsb_souer	21	1	132.833719	18	118.82	10	121.55	2	125.93	1	126.66
bsb_souer	21	2	226.743923	26	210.39	14	213.92	3	219.24	1	220.59
bsb_souer	21	3	159.556984	22	145.76	6	149.59	3	151.6	1	153.34
bsb_souer	21	4	125.414943	16	112.23	7	115.71	2	118.53	1	119.33
bsb_souer	21	5	170.685147	20	155.25	10	158.14	2	163.44	1	164.52
bsb_souer	21	6	103.890045	12	92.2	5	94.94	1	97.74	1	97.74
bsb_souer	21	7	204.174127	29	184.01	14	189.22	2	197.17	1	197.99
bsb_souer	21	8	154.959433	17	141.55	9	144.43	3	147.69	1	148.94
bsb_souer	21	9	167.106372	18	153.86	10	155.74	3	159.79	1	161.08
bsb_souer	21	10	129.829637	20	116.09	8	120.83	1	123.66	1	123.66
bsb_souer	21	11	85.578209	10	75.01	5	76.64	2	78.71	1	79.39
bsb_souer	21	12	119.798617	14	108.36	6	109.91	2	112.35	1	113.81
bsb_souer	22	1	136.595351	17	110.43	12	111.6	10	112.31	1	130.34
bsb_souer	22	2	134.897392	17	112.39	10	115.36	6	117.4	1	127.58
bsb_souer	22	3	91.821474	11	81.97	6	83.18	2	84.9	1	85.6
bsb_souer	22	4	147.331678	16	130.82	5	135.79	2	137.62	1	139.83
bsb_souer	22	5	146.939841	16	129.26	6	132.39	4	133.58	1	139.48
bsb_souer	22	6	114.783107	13	92.84	7	94.76	6	95.09	1	107.34
bsb_souer	22	7	106.058209	13	95.44	6	97.33	2	99.81	1	99.81
bsb_souer	22	8	132.729229	14	112.38	8	114.24	6	115.14	1	126.6
bsb_souer	23	1	277.081882	31	258.07	18	261.78	3	269.5	1	271.2
bsb_souer	23	2	176.066372	22	162.57	11	165.4	2	169.82	1	170.33
bsb_souer	23	3	183.276168	26	169.38	13	171.48	2	176.83	1	177.61
bsb_souer	23	4	61.493311	6	53.74	3	54.44	1	55.75	1	55.75
bsb_souer	23	5	275.619025	30	258.68	18	262.57	2	269.17	1	269.93
bsb_souer	23	6	127.609229	13	116.44	8	118.14	1	121.86	1	121.86
bsb_souer	23	7	209.633719	25	195.81	11	198.77	3	202.48	1	203.8
bsb_souer	23	8	183.328413	22	169.2	12	172.27	3	176.36	1	177.75
bsb_souer	23	9	204.722698	21	189.23	10	193.72	4	196.75	1	199.03
bsb_souer	23	10	286.564331	34	269.94	15	274.01	3	279.6	1	280.72
bsb_souer	23	11	153.548821	16	142.63	6	145.63	1	147.62	1	147.62
bsb_souer	23	12	50.574127	6	43.31	4	43.49	1	44.76	1	44.76
bsb_souer	23	13	183.824739	22	169.69	7	175.21	1	177.95	1	177.95
bsb_souer	23	14	273.241882	32	256.96	14	261.73	4	265.3	1	267.41
bsb_souer	23	15	87.537392	9	79.07	5	80.63	1	81.76	1	81.76
bsb_souer	23	16	136.595351	14	127.34	5	129.18	1	130.74	1	130.74
bsb_souer	23	17	125.963515	14	115.57	5	118.71	1	120.0	1	120.0
bsb_souer	23	18	78.316168	7	70.67	5	70.95	1	72.4	1	72.4
bsb_souer	23	19	219.090045	25	204.14	11	208.96	2	212.8	1	213.43
bsb_souer	23	20	59.664739	6	52.69	3	53.16	1	53.98	1	53.98
bsb_souer	23	21	149.003515	17	136.7	13	137.41	3	141.42	1	143.05
bsb_souer	23	22	200.386372	25	186.35	12	189.66	2	193.88	1	194.43
bsb_souer	23	23	153.731678	18	139.14	8	143.56	1	147.85	1	147.85
bsb_souer	23	24	184.294943	23	170.69	7	175.03	1	178.36	1	178.36
bsb_souer	23	25	119.668005	12	109.56	5	111.25	1	113.47	1	113.47
bsb_souer	23	26	177.607596	21	163.48	8	168.52	1	171.56	1	171.56
bsb_souer	23	27	124.474535	13	114.71	6	116.7	1	118.47	1	118.47
bsb_souer	23	28	270.263923	29	252.23	11	258.58	3	262.44	1	264.44
bsb_souer	23	29	217.339841	24	203.54	10	207.73	2	211.1	1	211.4
bsb_souer	23	30	316.3178	33	299.52	17	303.92	2	310.53	1	310.74
bsb_souer	23	31	107.599433	9	99.45	5	100.31	1	101.81	1	101.81
bsb_souer	23	32	153.183107	20	140.81	8	144.55	2	146.66	1	147.26
bsb_souer	23	33	211.383923	24	195.82	10	200.91	1	205.52	1	205.52
bsb_souer	23	34	167.785556	17	155.82	6	159.3	2	161.25	1	161.91
bsb_souer	23	35	92.030454	10	83.49	4	85.17	1	86.04	1	86.04
bsb_souer	23	36	211.645147	22	198.78	12	200.85	1	205.74	1	205.74
bsb_souer	23	37	347.925964	38	328.52	21	332.33	5	338.66	1	342.09
bsb_souer	23	38	191.400249	22	176.45	8	180.9	2	184.66	1	185.57
bsb_souer	23	39	86.884331	8	77.94	5	78.95	1	81.06	1	81.06
bsb_souer	23	40	265.274535	31	246.12	10	253.1	3	257.96	1	259.35
bsb_souer	23	41	256.57576	29	241.24	8	246.97	2	250.13	1	250.72
bsb_souer	23	42	222.773311	25	208.48	8	213.43	3	215.91	1	216.9
bsb_souer	23	43	234.241066	28	218.73	12	222.54	3	226.86	1	228.14
bsb_souer	23	44	301.010045	28	282.99	9	289.73	2	293.68	1	295.19
bsb_souer	23	45	257.4378	25	243.02	14	246.51	1	251.43	1	251.43
bsb_souer	23	46	118.623107	13	108.57	5	111.09	1	112.69	1	112.69
bsb_souer	23	47	155.716984	15	144.65	5	148.15	1	149.71	1	149.71
bsb_souer	23	48	204.983923	22	191.65	10	195.27	2	198.57	1	199.18
bsb_souer	23	49	262.897392	26	248.61	14	251.14	1	256.97	1	256.97
bsb_souer	23	50	122.802698	11	112.79	4	115.31	2	116.1	1	117.16
bsb_souer	23	51	242.156168	23	229.04	9	232.53	2	235.43	1	236.15
bsb_souer	23	52	146.28678	15	136.34	7	138.25	2	139.88	1	140.37
bsb_souer	23	53	134.923515	12	122.22	5	126.28	2	128.1	1	128.9
bsb_souer	23	54	165.904739	17	152.35	6	157.02	1	159.91	1	159.91
bsb_souer	23	55	124.996984	13	114.15	5	116.75	1	118.87	1	118.87
bsb_souer	23	56	118.492494	12	108.17	8	109.38	2	111.79	1	112.54
bsb_souer	23	57	186.123515	21	172.49	11	174.68	3	178.43	1	180.11
bsb_souer	23	58	161.254943	14	150.92	7	152.63	1	155.51	1	155.51
bsb_souer	23	59	204.200249	21	191.75	9	195.1	2	197.7	1	198.31
bsb_souer	23	60	209.450862	22	196.22	9	200.4	1	203.73	1	203.73
bsb_souer	23	61	126.956168	11	118.73	4	120.16	1	121.01	1	121.01
bsb_souer	23	62	119.093311	12	109.29	6	110.91	1	113.06	1	113.06
bsb_souer	23	63	176.144739	19	163.82	9	166.39	3	168.61	1	170.03
bsb_souer	23	64	106.946372	12	96.86	4	99.49	1	101.0	1	101.0
bsb_souer	23	65	245.160249	25	232.3	12	234.92	2	238.6	1	239.14
bsb_souer	23	66	257.881882	24	244.45	17	246.07	3	250.74	1	251.81
bsb_souer	24	1	162.952902	19	150.98	15	151.75	1	157.12	1	157.12
bsb_souer	24	2	346.593719	37	330.59	16	335.34	3	339.64	1	340.65
bsb_souer	24	3	256.784739	25	242.47	12	245.8	3	249.67	1	251.0
bsb_souer	24	4	290.561066	31	272.12	16	276.97	3	283.34	1	284.77
bsb_souer	24	5	277.578209	31	262.89	16	266.33	2	270.98	1	271.6
bsb_souer	24	6	279.093311	30	260.68	13	266.86	2	272.62	1	273.31
bsb_souer	24	7	288.340658	34	275.58	12	278.46	3	281.34	1	282.46
bsb_souer	24	8	234.345556	22	216.51	12	221.13	3	226.29	1	228.41
bsb_souer	24	9	255.321882	26	239.13	15	243.14	1	249.16	1	249.16
bsb_souer	24	10	214.805964	25	201.82	14	204.2	2	208.57	1	209.02
bsb_souer	24	11	221.153719	23	208.99	10	211.56	2	214.78	1	215.32
bsb_souer	24	12	165.669637	17	155.95	8	158.23	3	158.95	1	159.72
bsb_souer	24	13	223.974943	27	209.7	14	212.47	3	216.62	1	217.98
bsb_souer	24	14	221.232086	22	208.08	13	210.5	2	214.76	1	215.38
bsb_souer	24	15	208.301474	21	196.73	12	198.85	3	201.63	1	202.42
bsb_souer	24	16	205.532494	21	192.1	12	194.02	2	198.98	1	199.65
bsb_souer	24	17	264.752086	27	251.39	11	255.49	3	257.62	1	258.68
bsb_souer	24	18	198.401066	23	185.96	13	188.08	2	191.73	1	192.29
bsb_souer	24	19	164.232902	15	155.35	7	156.04	1	158.32	1	158.32
bsb_souer	24	20	179.932494	18	168.64	7	171.06	2	173.35	1	174.04
bsb_souer	24	21	147.044331	14	138.17	6	139.44	2	140.88	1	140.98
bsb_souer	24	22	273.633719	30	258.85	16	261.26	5	265.61	1	267.55
bsb_souer	24	23	369.059025	40	349.93	25	353.4	3	362.0	1	363.0
bsb_souer	24	24	101.408413	10	93.63	4	94.42	1	95.4	1	95.4
bsb_souer	24	25	350.068005	38	334.61	17	337.97	3	343.47	1	343.93
bsb_souer	24	26	226.561066	24	215.27	13	215.81	4	218.69	1	220.27
bsb_souer	24	27	217.522698	22	205.97	10	208.17	1	211.48	1	211.48
bsb_souer	24	28	164.023923	17	153.75	8	155.87	1	158.04	1	158.04
bsb_souer	24	29	303.988005	32	292.01	11	294.33	2	297.42	1	297.88
bsb_souer	24	30	217.365964	24	206.03	11	208.66	1	211.57	1	211.57
bsb_souer	24	31	384.758617	40	367.91	26	371.38	2	378.2	1	378.81
bsb_souer	24	32	421.408413	44	404.23	19	408.54	4	414.06	1	415.38
bsb_souer	24	33	250.306372	26	238.67	11	240.72	2	243.88	1	244.3
bsb_souer	24	34	233.065556	22	222.91	9	223.95	2	226.58	1	227.11
bsb_souer	24	35	199.916168	19	189.23	11	190.45	2	193.6	1	193.97
bsb_souer	24	36	308.089229	32	293.65	21	295.9	4	300.71	1	302.15
bsb_souer	24	37	184.68678	21	173.24	12	174.89	2	178.21	1	178.6
bsb_souer	24	38	281.156984	28	266.09	16	269.03	1	275.32	1	275.32
bsb_souer	24	39	163.553719	18	153.34	9	154.55	2	157.29	1	157.7
bsb_souer	24	40	195.762698	16	185.95	10	186.59	3	189.11	1	190.08
bsb_souer	24	41	178.678617	18	167.69	9	169.75	2	172.34	1	172.75
bsb_souer	24	42	195.370862	22	184.41	10	186.16	1	189.48	1	189.48
bsb_souer	24	43	130.874535	13	122.41	6	123.4	1	124.94	1	124.94
bsb_souer	24	44	348.42229	30	334.31	16	336.33	3	341.25	1	342.24
bsb_souer	24	45	48.7978	5	42.11	3	42.11	1	42.87	1	42.87
bsb_souer	24	46	268.644331	28	252.41	15	255.81	1	262.5	1	262.5
bsb_souer	24	47	72.569229	7	64.74	5	65.24	1	66.46	1	66.46
bsb_souer	24	48	405.787188	47	383.13	18	391.94	1	399.46	1	399.46
bsb_souer	24	49	387.057392	39	368.45	19	373.81	5	378.49	1	381.0
bsb_souer	24	50	468.872902	46	447.37	25	452.97	5	460.31	1	463.12
bsb_souer	24	51	592.118617	64	564.13	29	574.54	4	584.48	1	586.15
bsb_souer	24	52	301.506372	34	284.33	19	287.63	4	293.15	1	295.17
bsb_souer	25	1	275.77576	22	257.48	22	257.48	1	269.76	1	269.76
bsb_souer	25	2	285.336576	22	268.19	22	268.19	1	279.27	1	279.27
bsb_souer	25	3	282.201882	66	260.49	22	266.89	3	275.16	1	276.27
bsb_souer	25	4	195.214127	22	181.17	22	181.17	1	189.39	1	189.39
bsb_souer	25	5	107.599433	22	96.27	5	99.98	1	101.59	1	101.59
bsb_souer	26	1	257.281066	28	243.22	15	246.38	4	249.74	1	251.52
bsb_souer	26	2	86.414127	10	77.27	6	78.13	1	80.52	1	80.52
bsb_souer	26	3	242.939841	27	226.06	16	229.28	2	236.93	1	237.72
bsb_souer	26	4	157.832902	17	145.45	10	146.8	2	151.16	1	152.04
bsb_souer	26	5	187.978209	17	175.32	10	177.2	2	181.58	1	182.14
bsb_souer	26	6	145.529229	14	134.95	7	136.77	2	139.2	1	139.72
bsb_souer	26	7	252.370045	27	240.5	12	243.67	2	246.18	1	246.58
bsb_souer	26	8	185.339841	18	174.96	15	175.55	1	179.59	1	179.59
bsb_souer	26	9	120.739025	11	112.35	8	112.68	1	114.9	1	114.9
bsb_souer	26	10	186.541474	22	173.34	9	176.83	1	180.78	1	180.78
bsb_souer	26	11	218.802698	25	204.91	12	206.92	3	211.29	1	212.94
bsb_souer	26	12	241.189637	28	227.09	14	229.29	2	234.52	1	235.3
bsb_souer	26	13	233.692494	23	220.83	10	222.66	2	226.99	1	227.81
bsb_souer	26	14	235.390454	23	222.43	10	224.48	2	228.49	1	229.4
bsb_souer	26	15	65.672902	8	58.03	4	58.45	1	59.75	1	59.75
bsb_souer	26	16	555.599433	63	530.64	24	539.04	3	548.64	1	549.6
bsb_souer	26	17	235.834535	24	221.37	13	224.14	2	228.93	1	229.48
bsb_souer	26	18	293.721882	32	277.33	19	279.79	1	287.73	1	287.73
bsb_souer	26	19	117.630454	14	107.12	7	108.81	1	111.75	1	111.75
bsb_souer	26	20	471.876984	49	450.22	24	454.26	5	463.44	1	466.27
bsb_souer	26	21	284.187188	32	270.5	18	272.43	1	278.32	1	278.32
bsb_souer	26	22	258.352086	31	244.11	16	245.94	3	251.17	1	252.34
bsb_souer	26	23	411.429637	49	393.59	18	397.84	3	403.84	1	405.42
bsb_souer	26	24	225.307188	27	211.71	12	214.75	2	218.87	1	219.36
bsb_souer	26	25	159.713719	17	148.82	5	150.76	4	151.23	1	153.59
bsb_souer	26	26	199.628821	21	189.28	8	191.6	1	193.63	1	193.63
bsb_souer	26	27	260.520249	36	246.02	19	248.77	1	254.58	1	254.58
bsb_souer	26	28	233.614127	26	220.85	15	222.15	4	224.96	1	227.76
bsb_souer	26	29	201.170045	21	190.42	11	191.86	3	193.91	1	195.23
bsb_souer	26	30	229.930862	26	217.3	16	219.51	2	224.07	1	224.31
bsb_souer	26	31	195.9978	18	184.7	10	186.38	1	190.1	1	190.1
bsb_souer	26	32	326.296576	32	307.25	16	313.03	2	319.33	1	320.37
bsb_souer	26	33	322.639433	33	304.68	18	307.69	3	315.14	1	316.73
bsb_souer	26	34	269.845964	31	255.4	13	258.67	3	262.27	1	263.85
bsb_souer	26	35	128.47127	15	117.95	7	119.45	1	122.45	1	122.45
bsb_souer	26	36	361.379025	38	344.04	16	348.84	2	354.97	1	355.42
bsb_souer	26	37	279.459025	28	263.99	13	266.67	2	272.51	1	273.41
bsb_souer	26	38	238.34229	23	225.65	8	228.75	1	232.49	1	232.49
bsb_souer	26	39	270.786372	29	255.49	9	260.54	2	263.87	1	264.67
bsb_souer	26	40	439.694127	49	416.07	25	420.72	9	429.36	1	433.95
bsb_souer	26	41	265.953719	26	250.94	11	254.64	3	258.78	1	260.02
bsb_souer	26	42	175.883515	20	162.99	11	165.72	2	169.12	1	170.03
bsb_souer	26	43	273.842698	27	258.69	11	262.82	2	267.31	1	267.83
bsb_souer	26	44	312.712902	31	295.71	14	300.61	3	305.72	1	306.73
bsb_souer	26	45	274.965964	25	260.73	14	263.41	4	267.68	1	268.93
bsb_souer	26	46	260.154535	24	245.66	11	248.72	2	253.32	1	254.2
bsb_souer	26	47	223.060658	23	209.57	17	211.08	2	216.56	1	217.04
bsb_souer	26	48	318.642698	35	302.19	29	303.24	6	310.3	1	312.83
bsb_souer	27	1	186.854943	21	174.11	11	176.23	3	179.96	1	181.18
bsb_souer	27	2	467.645147	49	445.26	26	450.28	4	460.45	1	461.8
bsb_souer	27	3	314.097392	30	299.57	16	301.85	3	306.95	1	308.46
bsb_souer	27	4	400.771678	37	383.9	22	386.51	5	392.74	1	395.02
bsb_souer	27	5	313.914535	31	299.58	18	301.53	3	306.98	1	308.07
bsb_souer	27	6	279.041066	28	262.57	18	264.89	3	272.53	1	273.39
bsb_souer	27	7	304.196984	28	287.92	16	290.56	4	296.81	1	298.34
bsb_souer	27	8	260.650862	27	246.31	15	248.86	2	254.44	1	255.1
bsb_souer	27	9	300.435351	27	285.72	14	288.55	2	294.05	1	294.78
bsb_souer	27	10	189.989637	21	177.23	10	179.57	1	184.24	1	184.24
bsb_souer	27	11	421.147188	45	401.59	24	406.06	2	415.14	1	415.57
bsb_souer	27	12	125.310454	13	115.66	9	116.63	1	119.56	1	119.56
bsb_souer	28	1	112.771678	11	103.21	7	104.09	1	106.98	1	106.98
bsb_souer	28	2	210.103923	23	196.89	7	201.64	2	203.85	1	204.31
bsb_souer	28	3	50.783107	5	43.58	3	44.23	1	45.09	1	45.09
bsb_souer	28	4	163.632086	19	153.03	6	155.82	1	157.78	1	157.78
bsb_souer	28	5	129.019841	15	118.19	4	122.16	1	123.22	1	123.22
bsb_souer	28	6	89.261474	11	79.84	5	81.64	1	83.6	1	83.6
bsb_souer	28	7	133.38229	16	122.65	5	125.66	1	127.61	1	127.61
bsb_souer	28	8	115.906372	14	105.66	4	108.86	1	110.39	1	110.39
bsb_souer	28	9	162.587188	17	151.38	5	155.38	1	156.94	1	156.94
bsb_souer	28	10	150.466372	15	140.65	6	143.07	1	144.68	1	144.68
bsb_souer	28	11	104.25576	12	95.08	3	97.85	2	98.2	1	98.56
bsb_souer	28	12	111.700658	14	101.81	6	103.79	1	105.5	1	105.5
bsb_souer	28	13	142.263923	16	131.41	9	133.18	3	135.29	1	136.29
bsb_souer	28	14	82.861474	9	74.67	4	75.69	2	76.51	1	76.92
bsb_souer	29	1	170.60678	20	159.34	7	163.08	3	164.02	1	165.14
bsb_souer	29	2	294.244331	32	279.3	13	283.51	4	287.03	1	288.68
bsb_souer	29	3	178.260658	21	168.22	9	170.41	2	172.23	1	172.79
bsb_souer	30	1	146.887596	15	137.82	10	138.52	1	141.3	1	141.3
bsb_souer	30	2	134.819025	16	124.53	6	127.21	1	129.26	1	129.26
bsb_souer	30	3	121.130862	15	111.74	9	113.14	1	115.68	1	115.68
bsb_souer	30	4	131.240249	13	121.42	3	125.06	1	125.72	1	125.72
bsb_souer	30	5	206.55127	27	193.96	14	196.67	3	199.87	1	200.89
bsb_souer	30	6	119.537392	14	110.53	7	111.38	2	113.33	1	113.99
bsb_souer	30	7	146.365147	17	135.73	11	136.64	2	139.94	1	140.83
bsb_souer	30	8	134.035351	14	124.34	8	125.72	1	128.35	1	128.35
bsb_souer	30	9	165.748005	15	155.73	5	158.25	2	159.5	1	160.01
bsb_souer	31	1	209.581474	21	197.88	4	203.39	2	204.13	1	204.66
bsb_souer	32	1	154.489229	17	141.71	15	142.12	3	147.64	1	148.93
bsb_souer	32	2	71.994535	10	64.38	5	65.34	1	66.29	1	66.29
bsb_souer	32	3	85.552086	10	77.41	8	77.46	1	79.99	1	79.99
bsb_souer	32	4	99.710454	11	90.46	7	91.55	1	94.12	1	94.12
bsb_souer	33	1	152.660658	16	141.31	7	143.99	2	146.51	1	147.06
bsb_souer	33	2	126.146372	13	116.44	8	118.17	3	119.69	1	120.44
bsb_souer	33	3	112.771678	12	103.38	7	104.72	1	107.19	1	107.19
bsb_souer	33	4	141.088413	13	132.47	6	134.11	2	135.47	1	135.54
bsb_souer	33	5	131.318617	15	121.34	4	123.98	2	125.12	1	125.6
bsb_souer	33	6	150.205147	16	139.69	7	142.29	2	144.25	1	144.38
bsb_souer	33	7	193.594535	20	182.63	8	185.41	3	187.61	1	187.86
bsb_souer	34	1	140.722698	15	129.58	8	131.98	1	134.79	1	134.79
bsb_souer	34	2	124.579025	13	115.13	6	117.54	1	118.76	1	118.76
bsb_souer	34	3	169.770862	19	158.79	7	161.73	1	164.01	1	164.01
bsb_souer	35	1	156.996984	17	144.9	4	149.43	3	149.68	1	151.08
bsb_souer	35	2	189.937392	20	178.0	10	181.01	2	183.58	1	184.05
bsb_souer	35	3	167.8378	19	155.65	6	159.55	2	161.33	1	161.93
bsb_souer	36	1	174.263923	18	163.97	7	166.29	2	168.12	1	168.5
bsb_souer	36	2	154.489229	15	143.96	7	145.92	4	147.04	1	148.33
bsb_souer	36	3	195.109637	20	184.23	5	188.07	4	188.24	1	189.26
bsb_souer	37	1	141.088413	15	131.53	11	132.33	2	134.94	1	135.41
bsb_souer	37	2	205.37576	23	194.05	10	196.13	3	198.06	1	199.62
bsb_souer	38	1	188.892494	21	177.79	17	177.95	3	181.91	1	182.86
bsb_souer	38	2	96.314535	13	88.03	6	88.83	2	90.02	1	90.52
bsb_souer	38	3	98.900658	10	90.54	6	91.14	1	93.14	1	93.14
bsb_souer	38	4	101.669637	14	92.61	10	93.19	1	95.92	1	95.92
bsb_souer	38	5	93.362698	11	84.17	10	84.4	2	86.68	1	87.48
bsb_souer	38	6	126.851678	15	115.89	8	117.46	2	120.14	1	120.81
bsb_souer	38	7	116.925147	14	107.82	5	109.29	1	110.86	1	110.86
bsb_souer	38	8	208.588821	23	196.26	11	198.21	1	202.64	1	202.64
bsb_souer	38	9	170.188821	17	160.12	5	162.61	3	163.34	1	164.24
bsb_souer	38	10	118.544739	12	110.24	4	112.22	1	112.66	1	112.66
bsb_souer	38	11	156.108821	17	146.18	11	146.82	2	149.69	1	149.99
bsb_souer	38	12	135.759433	14	120.81	10	121.24	3	124.0	1	124.98
bsb_souer	38	13	95.29576	9	86.97	4	88.08	2	88.74	1	89.25
bsb_souer	38	14	204.252494	21	192.15	9	195.63	2	197.76	1	198.32
bsb_souer	39	1	159.870454	14	150.62	12	150.94	2	153.61	1	154.1
bsb_souer	39	2	174.107188	17	163.02	13	163.85	2	167.76	1	168.3
bsb_souer	39	3	172.330862	18	162.25	13	163.19	3	165.29	1	166.38
bsb_souer	39	4	56.79127	6	49.78	4	50.0	1	51.1	1	51.1
bsb_souer	40	1	217.000249	25	197.08	19	198.82	2	208.99	1	210.11
bsb_souer	40	2	203.285964	23	185.04	13	187.96	4	193.94	1	196.95
bsb_souer	40	3	150.257392	17	135.32	8	137.98	2	142.03	1	143.48
bsb_souer	40	4	196.546372	25	175.61	16	179.04	4	186.21	1	189.99
bsb_souer	40	5	354.482698	48	324.88	16	335.41	9	340.37	1	347.69
bsb_souer	40	6	263.707188	34	243.05	15	248.79	6	253.72	1	257.02
bsb_souer	40	7	204.853311	29	186.49	13	190.76	6	194.65	1	198.16
bsb_souer	40	8	249.731678	34	226.14	23	229.73	6	238.17	1	243.07
bsb_souer	40	9	287.165147	38	261.51	23	266.28	7	275.26	1	280.64
bsb_souer	40	10	308.376576	42	285.26	17	292.03	7	297.01	1	301.62
bsb_souer	40	11	226.587188	30	208.46	15	212.08	4	217.12	1	219.68
bsb_souer	40	12	372.611678	50	344.99	22	351.71	9	358.7	1	365.86
bsb_souer	40	13	435.540658	58	403.44	35	408.96	11	418.66	1	428.48
bsb_souer	40	14	229.669637	36	209.44	22	211.86	4	220.39	1	222.83
bsb_souer	40	15	257.568413	39	237.18	22	240.46	4	247.97	1	250.78
bsb_souer	40	16	225.045964	28	205.28	17	208.01	5	214.52	1	218.16
bsb_souer	40	17	214.100658	26	193.8	17	196.99	5	203.38	1	207.29
bsb_souer	40	18	260.389637	34	237.53	21	242.16	6	249.67	1	253.53
bsb_souer	40	19	248.451678	30	224.87	20	228.57	3	239.64	1	241.43
bsb_souer	40	20	242.913719	34	223.15	21	226.01	4	233.68	1	236.25
bsb_souer	40	21	368.249229	46	341.31	33	344.38	6	356.98	1	361.25
bsb_souer	40	22	272.693311	46	250.07	24	255.31	5	262.45	1	265.87
bsb_souer	40	23	283.0378	38	264.54	12	270.26	2	275.37	1	276.13
bsb_souer	40	24	358.740658	51	330.6	18	340.74	6	348.07	1	352.13
bsb_souer	40	25	333.663107	46	306.11	24	312.78	3	324.8	1	326.66
bsb_souer	40	26	535.563515	75	495.37	47	502.54	10	520.4	1	528.57
bsb_souer	40	27	449.620658	66	412.66	37	420.18	10	434.95	1	442.72
bsb_souer	40	28	140.409229	20	125.05	8	128.59	3	131.76	1	133.61
bsb_souer	41	1	320.784739	45	293.44	21	300.03	7	308.85	1	314.51
bsb_souer	41	2	227.005147	28	210.09	17	212.65	5	218.94	1	222.04
bsb_souer	41	3	226.012494	35	207.19	15	212.31	6	217.4	1	220.92
bsb_souer	41	4	287.29576	41	265.92	25	268.82	7	277.39	1	282.44
bsb_souer	41	5	294.270454	43	271.23	21	277.76	2	288.1	1	288.93
bsb_souer	41	6	403.279433	56	377.12	25	384.68	6	394.71	1	398.35
bsb_souer	41	7	273.059025	36	253.87	18	258.4	4	265.9	1	268.01
bsb_souer	41	8	287.530862	38	264.97	24	268.83	7	277.06	1	282.68
bsb_souer	41	9	356.572494	48	330.6	29	335.54	6	346.6	1	351.41
bsb_souer	41	10	380.73576	52	354.51	34	357.88	6	371.87	1	375.8
bsb_souer	41	11	233.53576	32	216.71	17	220.44	5	225.86	1	228.68
bsb_souer	41	12	329.43127	44	307.91	25	312.57	7	319.53	1	324.19
bsb_souer	41	13	265.196168	37	243.45	15	249.64	6	254.8	1	258.84
bsb_souer	41	14	517.539025	72	481.3	43	486.93	10	503.79	1	511.14
bsb_souer	41	15	311.850862	46	286.19	30	289.71	7	300.44	1	305.12
bsb_souer	41	16	147.044331	20	132.97	10	135.58	5	137.79	1	140.77
bsb_souer	42	1	495.256576	80	457.77	28	470.37	7	483.06	1	488.52
bsb_souer	42	2	338.939841	52	311.84	26	318.29	7	327.81	1	332.5
bsb_souer	42	3	287.400249	38	268.67	14	272.64	3	278.44	1	280.9
bsb_souer	42	4	321.594535	44	297.25	25	300.47	6	310.08	1	314.88
bsb_souer	42	5	314.854943	39	288.79	22	293.66	6	303.62	1	308.38
bsb_souer	42	6	384.967596	49	354.67	22	363.13	10	369.67	1	378.46
bsb_souer	42	7	390.636168	50	359.21	25	367.2	5	380.15	1	384.09
bsb_souer	42	8	475.978209	56	439.77	37	447.22	7	464.78	1	469.46
bsb_souer	42	9	486.792902	62	445.69	38	454.99	12	470.21	1	480.17
bsb_souer	42	10	342.100658	42	313.34	27	318.06	6	330.13	1	335.26
bsb_souer	42	11	441.418209	54	408.56	28	415.83	8	428.64	1	434.72
bsb_souer	42	12	461.114535	59	426.69	25	437.95	10	446.98	1	454.4
bsb_souer	42	13	280.79127	35	259.27	17	264.98	7	269.6	1	274.08
bsb_souer	42	14	265.744739	35	242.59	20	247.62	5	255.53	1	258.81
bsb_souer	42	15	248.79127	32	228.03	15	233.02	3	240.68	1	241.96
bsb_souer	42	16	266.946372	31	247.56	19	250.06	3	258.29	1	259.96
bsb_souer	42	17	259.266372	36	236.62	16	243.33	4	250.0	1	252.39
bsb_souer	42	18	311.641882	43	283.88	25	290.1	6	300.55	1	304.75
bsb_souer	42	19	334.943107	48	308.45	28	313.85	5	325.03	1	328.15
bsb_souer	42	20	342.388005	47	314.25	26	320.55	6	331.04	1	335.38
bsb_souer	42	21	273.973311	38	250.59	14	258.29	7	262.07	1	266.91
bsb_souer	42	22	479.060658	71	440.05	41	447.77	11	463.54	1	472.22
bsb_souer	42	23	388.494127	55	355.73	31	362.58	6	377.41	1	381.51
bsb_souer	42	24	346.07127	53	317.95	23	326.63	4	335.37	1	338.9
bsb_souer	43	1	364.487596	51	330.44	27	338.68	7	352.25	1	357.43
bsb_souer	43	2	180.74229	25	162.86	15	165.46	2	173.0	1	174.0
bsb_souer	43	3	272.196984	36	249.99	15	256.37	2	264.17	1	265.37
bsb_souer	43	4	386.743923	54	353.67	33	360.42	4	376.57	1	379.8
bsb_souer	43	5	347.24678	46	319.2	26	324.63	4	337.43	1	340.19
bsb_souer	43	6	502.832086	71	462.01	36	473.29	5	491.96	1	496.04
bsb_souer	43	7	352.810862	53	323.53	26	330.67	5	341.95	1	345.91
bsb_souer	43	8	424.830454	59	397.53	33	403.03	4	415.9	1	418.06
bsb_souer	43	9	272.118617	41	253.43	28	255.59	3	263.98	1	265.46
bsb_souer	43	10	271.648413	42	251.33	16	256.9	3	263.46	1	265.08
bsb_souer	43	11	386.038617	57	354.22	32	360.92	4	376.79	1	379.23
bsb_souer	43	12	380.52678	50	349.18	26	356.77	5	369.22	1	373.37
bsb_souer	43	13	288.131678	38	261.71	19	268.95	4	278.2	1	281.36
bsb_souer	43	14	248.112086	31	228.51	13	233.62	4	239.12	1	240.99
bsb_souer	43	15	210.156168	27	192.33	9	198.9	3	202.5	1	203.91
bsb_souer	43	16	260.494127	33	241.85	11	248.16	4	252.09	1	254.0
bsb_souer	43	17	207.387188	26	190.15	11	194.46	3	199.16	1	200.58
bsb_souer	43	18	315.090045	40	290.0	33	292.34	5	305.08	1	308.59
bsb_souer	43	19	351.609229	42	326.56	24	332.09	5	342.8	1	346.46
bsb_souer	43	20	251.925964	31	231.37	18	234.39	5	241.5	1	245.35
bsb_souer	43	21	238.916984	25	220.49	16	223.67	3	230.6	1	232.02
bsb_souer	44	1	212.167596	26	198.06	12	201.12	3	205.23	1	206.97
bsb_souer	44	2	342.492494	47	320.17	19	327.62	4	334.8	1	337.47
bsb_souer	44	3	198.009229	26	185.45	10	188.94	2	192.55	1	193.14
bsb_souer	44	4	267.494943	37	250.84	16	254.54	4	260.35	1	262.58
bsb_souer	44	5	328.804331	42	307.61	19	314.27	5	320.72	1	323.63
bsb_souer	44	6	129.490045	15	119.75	8	120.82	2	123.13	1	124.17
bsb_souer	44	7	447.243515	60	423.29	26	430.31	9	436.83	1	442.0
bsb_souer	44	8	268.487596	39	249.05	20	253.77	4	260.6	1	262.84
bsb_souer	44	9	341.264739	43	315.7	23	321.84	7	331.74	1	334.92
bsb_souer	44	10	343.850862	48	321.61	23	327.79	6	334.88	1	337.07
bsb_souer	44	11	207.256576	30	192.12	12	196.02	2	200.44	1	201.01
bsb_souer	44	12	210.574127	25	195.85	14	199.28	3	203.48	1	204.03
bsb_souer	44	13	410.410862	52	386.1	24	392.61	4	401.8	1	403.68
bsb_souer	44	14	219.873719	28	201.89	11	206.86	3	212.02	1	213.94
bsb_souer	44	15	297.614127	40	280.02	15	284.87	5	289.23	1	292.34
bsb_souer	44	16	312.530045	40	291.3	19	296.87	6	302.67	1	305.24
bsb_souer	44	17	293.356168	34	276.32	14	280.91	4	285.67	1	287.97
bsb_souer	44	18	226.456576	28	211.16	13	213.94	4	219.72	1	221.26
bsb_souer	44	19	322.352086	41	302.62	18	307.45	4	313.85	1	316.39
bsb_souer	44	20	274.992086	38	256.43	15	261.15	4	266.37	1	268.74
bsb_souer	44	21	339.984739	40	314.63	20	321.32	5	330.9	1	333.85
bsb_souer	44	22	246.596984	30	227.95	20	230.12	2	239.83	1	240.69
bsb_souer	44	23	286.773311	35	264.61	21	268.66	3	278.56	1	280.77
bsb_souer	44	24	204.200249	26	190.18	10	194.13	3	198.18	1	199.33
bsb_souer	44	25	228.598617	27	213.51	14	216.18	4	221.12	1	222.86
bsb_souer	44	26	262.165964	32	244.86	16	248.16	2	254.71	1	255.29
bsb_souer	44	27	333.558617	44	311.14	16	318.09	3	324.89	1	326.96
bsb_souer	44	28	248.085964	30	230.02	14	234.85	3	239.52	1	241.45
bsb_souer	45	1	274.809229	32	257.89	12	262.77	3	267.19	1	269.04
bsb_souer	45	2	227.710454	29	212.81	8	217.38	2	221.06	1	221.47
bsb_souer	45	3	217.653311	31	205.25	12	208.26	3	211.3	1	212.23
bsb_souer	45	4	211.044331	25	196.61	9	200.45	2	203.92	1	204.68
bsb_souer	45	5	202.136576	21	188.57	8	192.1	3	194.36	1	195.88
bsb_souer	45	6	182.283515	23	170.5	7	173.56	2	175.51	1	176.2
bsb_souer	45	7	214.205147	25	199.9	10	203.16	3	206.46	1	207.84
bsb_souer	45	8	302.054943	39	285.88	13	290.36	5	293.84	1	296.07
bsb_souer	45	9	243.253311	33	229.38	15	232.12	3	235.52	1	237.25
bsb_souer	45	10	164.990454	21	154.49	10	156.06	1	158.88	1	158.88
bsb_souer	45	11	279.485147	36	264.6	17	267.22	4	271.34	1	273.1
bsb_souer	45	12	152.347188	21	140.63	12	142.39	3	145.73	1	146.47
bsb_souer	45	13	134.610045	14	124.97	5	126.91	3	127.77	1	128.59
bsb_souer	45	14	180.167596	23	167.25	11	170.46	2	173.61	1	174.0
bsb_souer	45	15	240.040249	33	225.73	18	228.06	4	231.83	1	233.71
bsb_souer	45	16	178.992086	26	165.84	21	166.17	4	170.74	1	172.97
bsb_souer	46	1	231.158617	31	217.15	14	220.39	5	223.35	1	224.94
bsb_souer	46	2	128.941474	16	118.29	6	121.03	2	122.23	1	122.79
bsb_souer	46	3	164.41576	23	152.24	7	155.16	3	157.06	1	158.17
bsb_souer	46	4	179.958617	21	166.8	8	170.48	2	173.21	1	173.9
bsb_souer	46	5	114.678617	13	104.54	5	106.27	2	108.04	1	108.42
bsb_souer	46	6	166.5578	20	154.72	7	157.38	3	159.93	1	161.07
bsb_souer	46	7	326.923515	40	308.28	17	312.61	3	319.38	1	320.73
bsb_souer	46	8	112.588821	13	101.47	5	104.17	1	105.88	1	105.88
bsb_souer	46	9	233.770862	27	218.45	10	222.83	3	226.42	1	227.56
bsb_souer	46	10	234.580658	33	217.76	9	223.09	3	226.38	1	227.97
bsb_souer	46	11	244.454943	34	227.35	12	233.21	2	237.65	1	237.93
bsb_souer	46	12	218.280249	31	204.6	9	208.81	3	210.9	1	212.14
bsb_souer	46	13	107.076984	13	96.82	5	99.11	1	100.65	1	100.65
bsb_souer	46	14	297.875351	40	279.68	17	284.24	2	290.82	1	291.54
bsb_souer	46	15	401.189637	58	379.73	20	387.56	5	393.25	1	394.92
bsb_souer	46	16	148.428821	24	136.08	13	137.45	5	139.87	1	142.07
bsb_souer	47	1	205.06229	24	189.96	10	193.71	3	196.84	1	198.46
bsb_souer	47	2	123.35127	17	112.33	6	114.88	2	116.59	1	117.13
bsb_souer	47	3	134.636168	18	120.87	6	124.88	2	127.3	1	128.15
bsb_souer	47	4	146.548005	18	133.67	6	136.74	2	139.19	1	140.03
bsb_souer	47	5	161.829637	21	148.51	7	152.18	2	154.93	1	155.36
bsb_souer	47	6	136.543107	18	126.69	9	127.94	2	129.68	1	130.13
bsb_souer	47	7	161.333311	16	149.36	6	152.35	1	154.99	1	154.99
bsb_souer	47	8	183.668005	24	168.41	9	172.74	2	176.41	1	177.35
bsb_souer	47	9	131.423107	15	120.61	6	123.26	1	124.95	1	124.95
bsb_souer	47	10	146.156168	18	134.6	7	137.51	1	139.89	1	139.89
bsb_souer	47	11	245.029637	33	229.81	10	235.05	2	238.05	1	238.43
bsb_souer	47	12	191.112902	21	178.64	8	181.85	3	183.79	1	184.83
bsb_souer	47	13	109.16678	14	98.72	9	99.79	2	102.3	1	103.03
bsb_souer	48	1	166.740658	24	153.49	9	156.73	3	159.46	1	160.97
bsb_souer	48	2	199.863923	21	186.32	9	189.73	2	193.08	1	193.76
bsb_souer	48	3	231.628821	29	214.7	11	220.13	4	224.08	1	225.82
bsb_souer	48	4	219.638617	31	204.76	11	209.24	3	212.85	1	213.83
bsb_souer	48	5	172.931678	26	160.07	10	163.58	2	166.75	1	167.2
bsb_souer	48	6	125.205964	18	113.53	11	115.07	2	118.79	1	119.38
bsb_souer	49	1	157.545556	23	147.54	9	148.16	3	150.54	1	151.65
bsb_souer	49	2	160.1578	22	150.46	7	152.13	3	153.76	1	154.82
bsb_souer	49	3	141.114535	21	131.53	6	133.13	2	134.82	1	135.43
bsb_souer	49	4	203.494943	32	190.12	14	192.09	2	196.86	1	197.58
bsb_souer	49	5	190.668821	33	178.31	12	180.88	3	184.11	1	184.9
bsb_souer	49	6	157.676168	24	146.25	10	147.75	4	150.12	1	151.82
bsb_souer	50	1	222.538209	30	209.25	11	212.05	5	214.63	1	216.5
bsb_souer	50	2	198.819025	30	184.04	11	188.27	4	191.23	1	193.12
bsb_souer	50	3	167.184739	21	155.77	9	157.55	3	160.58	1	161.51
bsb_souer	50	4	161.620658	23	147.96	12	150.87	3	154.76	1	155.77
bsb_souer	51	1	220.396168	29	206.53	11	209.47	4	212.6	1	214.61
bsb_souer	51	2	185.810045	23	172.59	8	175.93	2	179.51	1	180.08
bsb_souer	51	3	168.15127	25	153.54	11	157.93	3	161.21	1	162.37
bsb_souer	51	4	129.124331	18	116.11	11	117.82	3	121.88	1	123.15
bsb_souer	52	1	85.525964	10	76.03	4	77.05	1	78.59	1	78.59
bsb_souer	52	2	169.039433	20	155.82	7	158.79	2	161.26	1	162.44
bsb_souer	52	3	103.341474	13	93.14	4	95.09	2	96.24	1	96.69
bsb_souer	52	4	136.203515	18	124.77	6	128.1	2	129.99	1	131.08
bsb_souer	52	5	146.913719	28	131.43	13	134.65	3	139.2	1	140.45
bsb_souer	53	1	100.050045	12	89.64	5	91.3	2	93.06	1	93.97
bsb_souer	53	2	132.10229	17	120.28	5	122.89	2	124.86	1	125.78
bsb_souer	53	3	119.250045	18	106.78	7	110.06	3	111.71	1	112.86
bsb_souer	54	1	164.676984	20	151.04	8	153.81	3	157.28	1	158.99
bsb_souer	54	2	99.684331	15	89.72	5	91.54	2	93.25	1	94.05
bsb_souer	54	3	124.343923	16	112.26	7	114.43	3	116.31	1	118.11
bsb_souer	54	4	116.507188	16	105.38	7	107.62	2	109.96	1	110.23
bsb_souer	54	5	179.67127	25	164.64	15	166.7	4	171.91	1	173.91
bsb_souer	54	6	177.163515	21	164.31	9	166.93	6	167.63	1	171.29
bsb_souer	55	1	138.267188	18	126.23	11	127.76	3	131.01	1	132.3
bsb_souer	55	2	181.787188	26	168.95	12	170.92	2	175.27	1	175.86
bsb_souer	55	3	124.265556	17	114.86	5	116.26	2	117.64	1	118.07
bsb_souer	55	4	153.705556	22	140.58	10	143.25	4	145.45	1	147.37
bsb_souer	56	1	137.796984	16	126.15	7	127.96	3	130.35	1	132.0
bsb_souer	56	2	107.259841	15	97.98	8	98.79	2	101.07	1	101.5
bsb_souer	56	3	116.010862	15	106.07	7	107.65	3	109.63	1	110.47
bsb_souer	57	1	153.783923	25	142.51	13	144.72	4	147.84	1	149.52
bsb_souer	58	1	117.970045	14	108.14	11	108.86	1	112.37	1	112.37
bsb_souer	58	2	150.962698	18	140.44	10	141.95	2	144.9	1	145.47
bsb_souer	58	3	127.243515	19	115.93	9	118.11	3	120.42	1	121.75
bsb_souer	58	4	144.771678	16	134.14	7	136.38	2	138.45	1	139.09
bsb_souer	58	5	102.610045	14	92.9	7	94.29	2	96.19	1	96.95
bsb_souer	58	6	148.74229	20	136.61	8	139.23	2	142.54	1	143.29
bsb_souer	58	7	200.987188	28	186.79	13	190.07	2	194.95	1	195.41
bsb_souer	58	8	116.611678	13	106.99	5	109.0	2	110.5	1	110.96
bsb_souer	58	9	239.439433	28	224.98	12	228.05	2	232.97	1	233.6
bsb_souer	58	10	259.684331	39	241.86	17	246.54	2	253.51	1	254.12
bsb_souer	58	11	305.999433	40	287.47	24	291.35	6	297.62	1	300.35
bsb_souer	58	12	224.001066	29	209.36	11	213.24	4	216.33	1	218.28
bsb_souer	58	13	170.894127	25	156.1	15	158.57	4	163.23	1	164.95
bsb_souer	59	1	195.658209	27	180.56	10	184.25	4	187.69	1	189.69
bsb_souer	59	2	183.223923	26	168.41	10	173.07	2	176.94	1	177.55
bsb_souer	59	3	137.744739	18	125.74	7	129.12	2	131.59	1	132.2
bsb_souer	59	4	132.885964	17	120.79	7	123.41	3	125.43	1	127.25
bsb_souer	59	5	152.242698	20	140.07	9	142.36	4	144.46	1	146.64
bsb_souer	60	1	203.756168	25	189.4	12	191.75	4	195.49	1	196.98
bsb_souer	60	2	198.636168	25	184.01	13	186.37	3	190.31	1	191.97
bsb_souer	60	3	173.297392	22	162.35	9	164.12	3	166.19	1	167.5
bsb_souer	60	4	150.649229	19	137.53	8	140.62	2	143.3	1	143.89
bsb_souer	60	5	104.987188	14	95.03	8	96.05	3	98.35	1	99.47
bsb_souer	61	1	173.16678	21	160.28	8	163.15	3	166.17	1	167.09
bsb_souer	61	2	209.085147	22	197.49	8	200.51	1	203.2	1	203.2
bsb_souer	61	3	157.963515	18	145.9	10	147.52	3	151.08	1	152.22
bsb_souer	62	1	81.398617	10	71.62	4	74.21	2	75.35	1	75.78
bsb_souer	62	2	237.088413	29	220.34	14	224.23	5	228.83	1	231.48
bsb_souer	62	3	189.80678	24	175.38	9	179.63	2	183.28	1	184.06
bsb_souer	62	4	165.956984	21	153.8	8	157.4	2	159.81	1	160.23
bsb_souer	62	5	162.430454	21	149.42	8	152.79	4	154.84	1	156.79
bsb_souer	63	1	96.419025	13	87.41	8	88.53	4	89.47	1	91.48
bsb_souer	64	1	106.371678	14	96.8	7	98.26	4	99.63	1	101.52
bsb_souer	65	1	220.944739	25	207.8	13	210.56	4	214.42	1	216.09
bsb_souer	66	1	191.556984	20	178.45	11	180.53	3	184.27	1	185.75
bsb_souer	66	2	259.083515	29	241.09	19	243.75	4	250.66	1	253.41
bsb_souer	66	3	206.263923	22	191.45	13	194.61	3	199.15	1	200.28
bsb_souer	66	4	118.727596	11	108.86	5	111.07	2	112.91	1	113.29
bsb_souer	66	5	147.697392	14	136.03	9	137.86	2	141.17	1	141.91
bsb_souer	66	6	171.78229	17	157.9	12	159.29	6	161.42	1	166.02
bsb_souer	66	7	165.042698	17	154.56	12	155.49	2	158.88	1	159.26
bsb_souer	66	8	127.19127	13	116.82	9	117.74	2	121.19	1	121.7
bsb_souer	66	9	177.476984	21	165.41	8	168.98	2	170.83	1	171.64
bsb_souer	66	10	113.973311	11	104.66	7	105.56	1	107.84	1	107.84
bsb_souer	66	11	194.012494	19	179.51	10	182.44	3	186.4	1	188.01
bsb_souer	66	12	161.411678	17	149.16	9	151.44	3	153.6	1	155.27
bsb_souer	66	13	167.367596	18	155.46	10	157.41	3	160.57	1	161.68
bsb_souer	66	14	202.214943	20	188.61	11	191.56	3	195.03	1	196.2
bsb_souer	66	15	81.685964	8	73.49	5	74.42	2	75.55	1	76.06
bsb_souer	66	16	176.170862	21	162.11	15	163.44	2	169.62	1	170.28
bsb_souer	66	17	179.410045	18	166.33	9	168.96	3	172.26	1	173.35
bsb_souer	66	18	263.472086	24	249.17	13	252.05	3	256.34	1	257.84
bsb_souer	66	19	213.05576	21	201.21	12	202.47	4	205.35	1	207.18
bsb_souer	66	20	153.7578	15	143.88	8	144.87	3	146.67	1	148.01
bsb_souer	66	21	247.041066	27	230.21	12	235.19	2	240.48	1	241.23
bsb_souer	66	22	187.534127	21	173.07	13	174.63	3	180.07	1	181.49
kozlov_uk	1	1	437.185306	31	368.45	10	384.51	5	389.78	1	396.19
kozlov_uk	1	2	287.843265	25	249.94	6	264.42	6	262.82	1	270.13
kozlov_uk	1	3	333.609796	24	293.19	4	313.02	4	313.53	1	317.24
kozlov_uk	1	4	327.053061	26	282.41	8	299.04	4	301.01	1	307.23
kozlov_uk	1	5	271.15102	32	229.98	11	240.24	1	254.86	1	254.86
kozlov_uk	1	6	263.653878	22	227.98	6	239.34	4	241.92	1	245.33
kozlov_uk	1	7	247.484082	24	209.64	6	223.57	2	228.01	1	230.04
kozlov_uk	1	8	253.257143	22	218.22	7	229.17	3	232.92	1	235.83
kozlov_uk	1	9	314.122449	29	272.98	8	288.36	3	293.6	1	297.08
kozlov_uk	1	10	299.833469	32	261.07	9	277.35	1	284.82	1	284.82
kozlov_uk	1	11	316.395102	32	273.89	12	287.73	3	295.79	1	298.85
kozlov_uk	1	12	250.958367	20	217.15	7	228.55	3	229.13	1	233.55
kozlov_uk	1	13	209.397551	18	175.78	7	182.54	2	188.99	1	191.16
kozlov_uk	1	14	318.850612	24	275.66	6	291.25	4	292.54	1	298.61
kozlov_uk	1	15	236.669388	21	200.56	8	210.31	2	217.97	1	219.19
kozlov_uk	1	16	236.408163	16	203.19	7	210.81	2	216.13	1	218.35
kozlov_uk	1	17	336.796735	27	295.6	7	311.82	4	315.17	1	319.72
kozlov_uk	1	18	407.431837	33	365.73	14	377.07	4	386.07	1	389.75
kozlov_uk	1	19	482.324898	38	433.08	16	446.3	3	461.32	1	464.29
kozlov_uk	1	20	254.798367	18	218.54	9	224.49	1	235.29	1	235.29
kozlov_uk	1	21	362.370612	34	314.27	11	330.28	4	338.97	1	343.6
kozlov_uk	1	22	309.185306	24	271.98	9	278.5	5	285.22	1	291.83
kozlov_uk	1	23	260.127347	20	221.97	10	229.4	3	238.76	1	241.27
kozlov_uk	1	24	817.475918	67	747.89	17	781.09	5	791.67	1	797.99
kozlov_uk	1	25	389.537959	34	335.02	10	356.67	5	361.44	1	369.13
kozlov_uk	1	26	450.925714	35	394.65	12	415.47	6	420.59	1	429.53
kozlov_uk	1	27	625.972245	46	566.75	13	590.93	6	597.8	1	607.18
kozlov_uk	1	28	304.300408	22	264.61	3	279.51	3	279.51	1	283.19
kozlov_uk	1	29	417.985306	35	359.63	10	382.65	7	384.89	1	396.48
kozlov_uk	1	30	533.472653	43	476.53	14	499.62	6	507.8	1	515.73
kozlov_uk	1	31	679.57551	54	618.49	16	642.36	7	651.42	1	661.75
kozlov_uk	1	32	420.075102	33	375.68	11	388.79	5	393.74	1	400.72
kozlov_uk	1	33	260.963265	20	227.52	6	235.72	2	239.19	1	240.75
kozlov_uk	1	34	404.062041	31	352.74	8	374.13	5	374.85	1	383.86
kozlov_uk	1	35	344.006531	29	298.31	10	312.8	4	317.72	1	323.49
kozlov_uk	1	36	483.683265	43	431.53	33	433.12	6	454.07	1	463.83
kozlov_uk	1	37	441.077551	36	398.47	14	409.79	4	417.12	1	421.17
kozlov_uk	1	38	362.109388	30	323.62	9	334.43	5	336.85	1	342.46
kozlov_uk	1	39	282.122449	23	249.37	5	259.11	4	260.43	1	263.87
kozlov_uk	1	40	259.056327	23	225.36	6	233.54	5	234.86	1	240.47
kozlov_uk	1	41	645.01551	57	579.95	13	605.78	6	614.34	1	622.4
kozlov_uk	1	42	457.116735	38	414.17	14	428.15	3	437.61	1	440.16
kozlov_uk	1	43	441.6	34	398.51	13	411.41	4	419.05	1	423.04
kozlov_uk	1	44	402.729796	34	359.15	13	372.0	2	380.9	1	382.76
kozlov_uk	1	45	345.965714	28	309.29	6	320.07	3	322.7	1	325.95
kozlov_uk	1	46	408.058776	34	358.69	22	367.19	4	384.68	1	389.88
kozlov_uk	1	47	441.70449	31	392.13	14	405.06	4	416.55	1	421.15
kozlov_uk	1	48	323.239184	22	286.77	7	299.0	2	302.68	1	304.16
kozlov_uk	1	49	384.835918	33	336.93	28	342.22	3	360.37	1	364.37
kozlov_uk	1	50	327.262041	26	283.19	7	298.67	2	303.42	1	305.04
kozlov_uk	2	1	255.738776	22	211.05	6	227.02	3	230.22	1	233.78
kozlov_uk	2	2	326.739592	25	282.93	7	301.72	3	300.73	1	306.9
kozlov_uk	2	3	373.786122	22	331.46	8	342.52	2	351.93	1	353.18
kozlov_uk	2	4	429.766531	31	372.46	9	395.31	3	401.69	1	407.36
kozlov_uk	2	5	321.593469	23	274.52	6	292.84	3	297.4	1	302.7
kozlov_uk	2	6	369.502041	30	322.32	3	346.85	4	345.74	1	350.78
kozlov_uk	2	7	351.817143	29	306.7	3	329.2	4	326.9	1	332.94
kozlov_uk	2	8	383.608163	28	332.86	7	355.23	3	358.45	1	362.35
kozlov_uk	2	9	417.48898	35	361.54	9	386.39	3	393.44	1	397.44
kozlov_uk	2	10	412.760816	29	365.58	11	379.98	2	391.06	1	394.02
kozlov_uk	2	11	155.663673	10	127.11	5	130.5	1	136.26	1	136.26
kozlov_uk	2	12	617.613061	51	552.55	10	585.72	5	591.87	1	597.67
kozlov_uk	2	13	293.799184	22	253.13	9	266.39	2	270.19	1	273.56
kozlov_uk	2	14	402.076735	31	359.48	8	372.84	5	376.82	1	382.37
kozlov_uk	2	15	311.719184	27	272.9	21	278.36	3	287.14	1	290.53
kozlov_uk	2	16	464.248163	36	409.54	14	427.88	3	440.32	1	443.1
kozlov_uk	2	17	215.980408	16	181.73	5	191.06	2	193.02	1	195.43
kozlov_uk	2	18	317.074286	27	273.66	9	285.0	2	293.7	1	295.8
kozlov_uk	2	19	323.056327	25	283.65	9	293.29	2	300.55	1	302.33
kozlov_uk	2	20	286.876735	26	245.21	14	254.07	3	262.23	1	267.0
kozlov_uk	2	21	407.797551	37	356.05	11	377.08	3	383.96	1	387.87
kozlov_uk	2	22	356.257959	30	309.5	14	322.45	3	332.31	1	335.28
kozlov_uk	2	23	389.093878	33	346.98	12	361.44	5	366.25	1	371.98
kozlov_uk	2	24	210.912653	18	178.26	6	185.98	3	189.51	1	192.08
kozlov_uk	2	25	407.222857	40	359.73	3	385.23	4	380.94	1	386.52
kozlov_uk	2	26	399.098776	37	358.34	5	375.88	3	377.25	1	379.92
kozlov_uk	2	27	270.393469	21	234.26	2	249.15	3	246.33	1	250.0
kozlov_uk	2	28	518.112653	43	469.99	11	490.46	6	493.64	1	499.15
kozlov_uk	2	29	530.207347	46	478.45	16	494.32	5	502.52	1	508.4
kozlov_uk	2	30	415.817143	38	367.44	6	391.49	5	388.17	1	396.53
kozlov_uk	2	31	209.658776	18	176.53	2	187.13	2	185.7	1	188.99
kozlov_uk	2	32	457.874286	35	405.5	14	419.03	4	432.77	1	437.34
kozlov_uk	2	33	320.261224	23	278.69	9	288.82	3	295.61	1	299.61
kozlov_uk	2	34	471.353469	35	420.01	12	440.1	3	448.75	1	451.84
kozlov_uk	2	35	393.508571	35	346.85	6	365.62	3	369.71	1	372.65
kozlov_uk	2	36	428.173061	38	387.43	5	404.71	4	405.8	1	409.37
kozlov_uk	2	37	320.757551	29	280.79	3	299.07	4	294.94	1	300.14
kozlov_uk	2	38	365.923265	31	324.88	6	341.51	3	341.85	1	345.23
kozlov_uk	2	39	480.20898	43	436.0	5	454.74	3	457.3	1	460.33
kozlov_uk	2	40	339.435102	38	297.31	9	312.92	2	316.11	1	317.22
kozlov_uk	3	1	219.559184	17	187.24	1	197.75	4	193.88	1	197.75
kozlov_uk	3	2	215.849796	16	187.0	3	196.3	2	196.89	1	197.93
kozlov_uk	3	3	199.392653	17	174.58	2	180.48	3	179.53	1	181.79
kozlov_uk	3	4	413.988571	35	374.21	4	390.59	4	389.38	1	394.46
kozlov_uk	3	5	378.723265	26	339.55	4	356.06	5	350.99	1	360.06
kozlov_uk	3	6	302.654694	23	265.71	1	285.12	4	279.42	1	285.12
kozlov_uk	3	7	448.235102	38	395.83	3	427.7	5	420.72	1	429.12
kozlov_uk	3	8	433.789388	36	382.53	4	407.86	5	408.66	1	413.46
kozlov_uk	3	9	284.891429	24	248.2	2	265.05	4	262.04	1	266.98
kozlov_uk	3	10	322.66449	20	278.89	1	302.46	5	293.54	1	302.46
kozlov_uk	3	11	506.122449	47	455.62	1	487.52	1	487.52	1	487.52
kozlov_uk	3	12	125.779592	8	100.3	2	105.92	1	106.67	1	106.67
kozlov_uk	3	13	754.886531	59	690.53	1	735.84	1	735.84	1	735.84
kozlov_uk	3	14	622.942041	57	563.01	7	597.38	5	596.34	1	602.94
kozlov_uk	3	15	385.306122	33	343.33	4	364.63	5	361.14	1	367.03
kozlov_uk	3	16	466.834286	34	419.59	5	443.22	6	437.84	1	446.87
kozlov_uk	3	17	229.381224	16	197.52	3	208.17	3	206.07	1	209.69
kozlov_uk	3	18	329.874286	30	284.31	2	310.7	3	309.61	1	311.44
kozlov_uk	3	19	427.885714	37	374.3	1	408.52	4	402.68	1	408.52
kozlov_uk	3	20	374.465306	27	330.14	2	354.4	3	351.66	1	355.22
kozlov_uk	3	21	300.016327	24	258.17	3	274.94	5	269.46	1	277.74
kozlov_uk	3	22	404.27102	33	354.93	6	376.69	4	378.83	1	384.24
kozlov_uk	3	23	553.560816	44	481.96	5	524.55	7	515.04	1	531.62
kozlov_uk	3	24	265.743673	23	223.96	5	238.54	4	239.31	1	244.27
kozlov_uk	3	25	670.641633	55	604.61	6	644.24	9	634.21	1	651.67
kozlov_uk	3	26	562.390204	46	509.43	8	533.4	3	539.39	1	541.28
kozlov_uk	3	27	405.028571	34	351.89	2	380.66	1	381.32	1	381.32
kozlov_uk	4	1	646.269388	54	564.84	19	579.95	1	622.51	1	622.51
kozlov_uk	4	2	374.099592	34	327.26	14	344.7	1	355.18	1	355.18
kozlov_uk	4	3	592.013061	51	513.26	11	555.72	2	568.6	1	570.41
kozlov_uk	4	4	597.995102	49	534.28	11	563.83	2	576.93	1	578.77
kozlov_uk	4	5	391.732245	31	346.53	4	370.08	3	366.89	1	371.58
kozlov_uk	4	6	344.764082	27	300.04	8	316.27	2	322.54	1	324.44
kozlov_uk	4	7	886.778776	89	825.32	14	851.03	1	867.69	1	867.69
kozlov_uk	4	8	317.466122	26	271.71	4	291.25	2	295.15	1	296.67
kozlov_uk	4	9	319.634286	23	280.8	6	296.24	3	297.18	1	302.02
kozlov_uk	4	10	392.542041	36	341.5	7	366.35	2	369.76	1	371.85
kozlov_uk	4	11	485.825306	35	435.37	5	461.28	3	463.77	1	466.7
kozlov_uk	4	12	201.560816	16	169.22	5	175.06	2	178.22	1	179.77
kozlov_uk	4	13	350.693878	33	307.78	3	327.32	2	326.75	1	329.77
kozlov_uk	4	14	532.532245	45	474.29	9	495.26	3	507.18	1	511.07
kozlov_uk	4	15	464.404898	41	415.8	4	442.18	3	443.02	1	446.81
kozlov_uk	4	16	430.915918	35	377.94	7	401.07	1	410.7	1	410.7
kozlov_uk	4	17	346.357551	28	298.97	7	318.5	3	321.2	1	326.03
kozlov_uk	4	18	488.045714	32	437.92	6	464.93	1	468.53	1	468.53
kozlov_uk	4	19	315.820408	22	276.11	5	294.17	2	294.63	1	297.16
kozlov_uk	4	20	374.177959	29	327.06	7	345.82	4	350.32	1	354.79
kozlov_uk	4	21	449.38449	35	400.64	10	423.96	5	422.7	1	429.24
kozlov_uk	4	22	542.798367	41	483.31	8	512.84	2	521.05	1	521.98
kozlov_uk	4	23	368.274286	30	319.17	14	338.7	1	348.1	1	348.1
kozlov_uk	4	24	328.202449	25	284.73	14	297.96	1	305.94	1	305.94
kozlov_uk	4	25	223.216327	18	183.05	4	196.14	4	198.13	1	202.41
kozlov_uk	4	26	673.985306	65	600.58	5	646.86	3	647.68	1	653.22
kozlov_uk	4	27	286.040816	23	244.68	5	257.56	2	263.01	1	265.63
kozlov_uk	4	28	353.985306	31	306.67	3	330.62	1	332.52	1	332.52
kozlov_uk	4	29	397.400816	39	356.9	10	367.2	3	373.64	1	377.36
kozlov_uk	4	30	252.186122	17	221.69	4	230.53	1	234.24	1	234.24
kozlov_uk	4	31	572.813061	54	508.32	11	537.73	3	547.73	1	552.44
kozlov_uk	4	32	487.392653	42	435.31	6	458.89	4	460.74	1	466.06
kozlov_uk	4	33	489.639184	56	428.31	6	463.95	5	462.77	1	468.23
kozlov_uk	4	34	289.149388	29	241.7	2	266.01	2	266.05	1	269.1
kozlov_uk	4	35	415.608163	34	368.06	9	386.3	5	387.41	1	396.25
kozlov_uk	4	36	222.249796	13	186.56	2	195.2	1	197.87	1	197.87
kozlov_uk	5	1	598.961633	46	538.77	1	575.79	5	566.77	1	575.79
kozlov_uk	5	2	485.198367	37	432.95	4	458.58	4	458.22	1	463.25
kozlov_uk	5	3	429.113469	29	378.37	1	407.3	3	403.21	1	407.3
kozlov_uk	5	4	686.001633	49	623.09	1	664.71	5	654.84	1	664.71
kozlov_uk	5	5	425.508571	33	376.76	1	402.88	1	402.88	1	402.88
kozlov_uk	5	6	311.719184	25	271.5	1	288.39	1	288.39	1	288.39
kozlov_uk	5	7	403.696327	26	363.48	1	380.93	3	377.69	1	380.93
kozlov_uk	5	8	284.081633	20	251.33	1	264.61	1	264.61	1	264.61
kozlov_uk	5	9	440.241633	29	392.46	2	416.39	1	418.34	1	418.34
kozlov_uk	5	10	290.795102	22	250.24	1	268.98	4	263.5	1	268.98
kozlov_uk	5	11	413.466122	32	367.88	1	394.44	3	389.74	1	394.44
kozlov_uk	5	12	486.164898	31	439.45	1	465.47	4	458.77	1	465.47
kozlov_uk	5	13	300.120816	19	264.81	1	280.7	3	276.47	1	280.7
kozlov_uk	5	14	320.705306	29	285.55	1	301.16	3	297.64	1	301.16
kozlov_uk	5	15	337.81551	23	300.22	1	316.67	4	311.15	1	316.67
kozlov_uk	5	16	347.794286	22	303.4	1	328.57	6	317.5	1	328.57
kozlov_uk	5	17	341.211429	20	298.73	1	319.85	4	312.37	1	319.85
kozlov_uk	5	18	290.977959	22	244.39	3	264.75	2	268.92	1	269.13
kozlov_uk	5	19	303.333878	21	259.1	2	279.21	2	279.21	1	281.76
kozlov_uk	5	20	293.172245	20	250.97	2	270.47	3	267.3	1	273.05
kozlov_uk	5	21	338.311837	23	286.37	2	309.24	4	302.59	1	312.58
kozlov_uk	5	22	405.812245	29	350.07	8	369.01	3	379.32	1	385.45
kozlov_uk	5	23	326.29551	26	276.68	3	303.65	3	299.73	1	305.84
kozlov_uk	5	24	317.413878	22	270.96	8	280.51	6	284.2	1	295.86
kozlov_uk	5	25	266.788571	19	223.69	4	238.11	3	242.3	1	245.42
kozlov_uk	5	26	313.417143	19	276.6	1	292.91	3	287.53	1	292.91
kozlov_uk	5	27	292.336327	26	249.88	2	268.35	2	268.35	1	272.1
kozlov_uk	5	28	911.882449	69	826.54	3	885.49	2	885.32	1	888.91
kozlov_uk	5	29	380.917551	28	331.98	1	358.7	2	356.69	1	358.7
kozlov_uk	5	30	316.656327	20	279.07	2	292.12	3	291.59	1	294.03
kozlov_uk	5	31	460.747755	30	411.75	1	440.68	4	434.07	1	440.68
kozlov_uk	5	32	587.911837	52	524.75	39	541.29	1	568.14	1	568.14
kozlov_uk	5	33	395.389388	29	343.01	17	359.88	1	373.58	1	373.58
kozlov_uk	5	34	168.724898	12	132.48	2	141.02	1	142.14	1	142.14
kozlov_uk	6	1	278.204082	18	236.56	3	249.48	2	251.12	1	253.55
kozlov_uk	6	2	348.786939	24	305.29	3	323.39	3	323.39	1	327.43
kozlov_uk	6	3	249.835102	17	213.51	5	221.7	1	228.93	1	228.93
kozlov_uk	6	4	307.043265	24	263.44	6	276.65	3	280.27	1	284.93
kozlov_uk	6	5	258.481633	15	216.05	2	231.85	4	225.85	1	234.85
kozlov_uk	6	6	408.737959	27	360.84	6	379.22	3	383.16	1	388.12
kozlov_uk	6	7	440.737959	26	390.68	7	406.95	3	414.39	1	420.31
kozlov_uk	6	8	514.612245	35	459.33	6	485.37	2	491.09	1	493.33
kozlov_uk	6	9	379.350204	27	331.54	4	351.06	2	355.43	1	356.9
kozlov_uk	6	10	645.067755	43	576.35	10	610.78	5	616.85	1	624.75
kozlov_uk	6	11	346.98449	23	302.56	5	320.94	4	320.3	1	328.4
kozlov_uk	6	12	272.300408	24	234.82	5	243.26	1	251.95	1	251.95
kozlov_uk	6	13	411.977143	33	361.81	5	386.45	2	390.01	1	390.01
kozlov_uk	6	14	241.084082	15	202.93	2	216.39	2	216.39	1	218.44
kozlov_uk	6	15	526.053878	63	465.91	17	479.64	3	499.4	1	504.51
kozlov_uk	6	16	137.404082	10	109.72	3	115.05	2	115.4	1	116.93
kozlov_uk	6	17	319.89551	18	278.84	4	291.78	3	293.26	1	298.42
kozlov_uk	6	18	364.173061	28	321.93	4	337.98	3	339.81	1	342.87
kozlov_uk	6	19	487.105306	51	427.59	2	465.38	6	454.73	1	466.23
kozlov_uk	6	20	155.115102	9	126.42	2	131.54	1	133.56	1	133.56
kozlov_uk	6	21	491.755102	45	429.39	8	462.61	1	470.36	1	470.36
kozlov_uk	6	22	595.617959	34	538.51	6	562.88	3	569.16	1	573.98
kozlov_uk	6	23	266.710204	16	231.0	3	241.31	1	243.19	1	243.19
kozlov_uk	6	24	505.678367	33	447.08	9	470.02	3	475.9	1	479.9
kozlov_uk	7	1	458.318367	36	398.29	13	422.29	3	429.66	1	433.31
kozlov_uk	7	2	330.187755	23	285.98	4	305.88	4	306.12	1	310.16
kozlov_uk	7	3	398.445714	31	349.14	7	370.49	3	373.44	1	377.75
kozlov_uk	7	4	350.92898	24	313.08	6	324.97	2	329.99	1	330.98
kozlov_uk	7	5	385.828571	31	341.26	30	342.66	1	366.0	1	366.0
kozlov_uk	7	6	588.564898	40	527.43	6	563.26	5	561.44	1	569.5
kozlov_uk	7	7	435.957551	25	388.25	2	411.98	3	410.63	1	413.89
kozlov_uk	7	8	464.692245	35	412.33	4	441.47	3	441.58	1	444.66
kozlov_uk	7	9	736.235102	57	676.36	13	705.52	7	708.88	1	718.07
kozlov_uk	7	10	223.764898	18	190.29	3	201.94	2	201.66	1	203.46
kozlov_uk	7	11	543.921633	40	494.57	4	520.01	3	520.07	1	523.15
kozlov_uk	7	12	207.934694	15	176.07	3	186.34	2	187.5	1	188.21
kozlov_uk	7	13	364.564898	25	324.81	6	337.47	1	345.54	1	345.54
kozlov_uk	7	14	325.12	20	289.6	4	299.46	2	302.05	1	303.8
kozlov_uk	7	15	307.853061	20	272.11	3	284.67	2	285.87	1	286.79
kozlov_uk	7	16	531.617959	31	479.94	7	502.17	3	506.05	1	509.05
kozlov_uk	7	17	195.578776	13	161.16	1	174.14	2	172.92	1	174.14
kozlov_uk	7	18	461.00898	31	413.29	5	433.98	4	434.25	1	439.14
kozlov_uk	7	19	465.893878	30	416.55	4	438.49	3	438.79	1	442.61
kozlov_uk	7	20	644.205714	48	579.13	7	616.36	4	620.16	1	623.53
kozlov_uk	7	21	346.070204	25	299.87	5	314.51	2	319.12	1	320.92
kozlov_uk	8	1	330.292245	22	291.07	3	305.21	3	304.53	1	307.58
kozlov_uk	8	2	368.561633	23	329.16	4	343.63	1	347.93	1	347.93
kozlov_uk	8	3	248.633469	18	213.89	4	223.38	3	223.87	1	226.77
kozlov_uk	8	4	331.807347	22	291.0	5	306.39	2	305.1	1	307.01
kozlov_uk	9	1	395.206531	28	347.44	8	360.44	2	370.41	1	372.35
kozlov_uk	9	2	509.466122	36	467.02	16	478.96	2	486.54	1	488.34
kozlov_uk	9	3	264.124082	21	233.71	6	240.81	1	245.4	1	245.4
kozlov_uk	9	4	337.893878	22	302.61	10	309.91	2	316.15	1	317.87
kozlov_uk	9	5	194.899592	12	165.34	4	174.06	1	177.4	1	177.4
kozlov_uk	9	6	339.330612	21	303.81	7	312.66	1	318.88	1	318.88
kozlov_uk	9	7	257.645714	17	220.18	6	230.17	1	235.12	1	235.12
kozlov_uk	9	8	271.229388	22	229.74	6	240.63	1	249.51	1	249.51
kozlov_uk	9	9	437.002449	27	389.59	11	404.28	2	415.51	1	417.17
kozlov_uk	9	10	405.524898	27	360.67	9	375.82	3	381.07	1	384.54
kozlov_uk	9	11	235.284898	15	200.03	7	206.16	1	214.93	1	214.93
kozlov_uk	9	12	360.097959	25	316.54	8	331.02	1	339.47	1	339.47
kozlov_uk	9	13	351.268571	22	312.4	8	323.16	1	332.42	1	332.42
kozlov_uk	9	14	785.658776	52	714.04	20	741.9	5	757.08	1	763.85
kozlov_uk	9	15	507.533061	35	446.44	13	470.57	3	482.07	1	486.78
kozlov_uk	9	16	339.069388	23	294.74	8	309.47	2	314.74	1	317.89
kozlov_uk	9	17	794.514286	58	714.79	20	743.86	1	773.69	1	773.69
kozlov_uk	9	18	402.390204	30	355.55	12	368.15	2	379.38	1	382.33
kozlov_uk	9	19	349.910204	24	306.81	10	317.32	2	326.97	1	328.13
kozlov_uk	9	20	580.937143	42	521.53	11	545.63	1	559.78	1	559.78
kozlov_uk	9	21	254.589388	16	215.5	4	230.92	2	232.31	1	233.59
kozlov_uk	9	22	348.943673	23	306.2	8	317.58	3	324.01	1	327.03
kozlov_uk	9	23	390.739592	28	343.16	10	359.31	3	366.61	1	370.05
kozlov_uk	9	24	314.462041	23	276.66	5	286.68	1	292.33	1	292.33
kozlov_uk	9	25	650.657959	44	584.79	14	606.87	4	623.87	1	629.62
kozlov_uk	9	26	404.558367	25	358.92	7	373.61	1	382.3	1	382.3
kozlov_uk	9	27	200.228571	12	169.04	4	176.29	1	181.04	1	181.04
kozlov_uk	9	28	383.973878	25	338.7	8	351.8	1	362.12	1	362.12
kozlov_uk	9	29	206.811429	11	173.13	5	179.05	1	184.38	1	184.38
kozlov_uk	9	30	414.92898	31	368.05	10	381.12	2	392.44	1	394.49
kozlov_uk	9	31	174.445714	13	142.09	5	147.56	1	151.38	1	151.38
kozlov_uk	10	1	339.800816	27	295.89	12	308.15	2	315.36	1	316.95
kozlov_uk	10	2	431.908571	32	378.69	8	403.93	2	407.24	1	410.39
kozlov_uk	10	3	550.4	39	488.03	14	511.01	3	526.92	1	530.19
kozlov_uk	10	4	208.796735	12	177.26	6	180.24	1	188.16	1	188.16
kozlov_uk	10	5	321.253878	25	275.38	7	291.75	4	293.41	1	299.42
kozlov_uk	10	6	315.167347	23	269.03	5	288.73	2	291.5	1	293.33
kozlov_uk	10	7	390.870204	29	354.16	2	371.71	2	371.96	1	372.52
kozlov_uk	10	8	240.875102	18	210.33	3	218.61	2	217.66	1	219.86
kozlov_uk	10	9	210.912653	13	179.84	7	185.19	1	189.77	1	189.77
kozlov_uk	10	10	283.611429	19	242.89	8	250.73	2	258.37	1	261.22
kozlov_uk	10	11	423.78449	27	377.13	9	389.39	1	401.85	1	401.85
kozlov_uk	10	12	456.907755	31	408.45	11	419.17	4	427.39	1	437.16
kozlov_uk	10	13	589.453061	39	528.15	17	549.15	3	563.1	1	568.33
kozlov_uk	10	14	515.552653	33	470.54	12	482.53	2	494.68	1	496.06
kozlov_uk	10	15	531.957551	37	474.93	13	496.62	2	508.92	1	511.45
kozlov_uk	10	16	357.511837	23	308.49	7	327.37	3	331.66	1	336.23
kozlov_uk	10	17	449.48898	29	398.32	11	410.96	2	426.24	1	427.97
kozlov_uk	10	18	508.604082	32	461.81	15	475.33	1	489.55	1	489.55
kozlov_uk	10	19	682.866939	44	619.85	14	644.35	4	655.12	1	662.65
kozlov_uk	10	20	414.249796	26	369.07	12	378.68	4	387.64	1	395.06
kozlov_uk	10	21	373.133061	22	327.88	7	343.35	2	348.02	1	350.4
kozlov_uk	10	22	414.458776	51	374.05	49	374.89	1	392.39	1	392.39
kozlov_uk	10	23	431.490612	39	387.77	12	397.98	2	405.29	1	409.25
kozlov_uk	10	24	395.572245	25	344.7	11	356.85	3	367.37	1	370.51
kozlov_uk	11	1	746.370612	53	666.43	9	704.81	5	713.21	1	722.97
kozlov_uk	11	2	698.749388	46	623.01	12	656.11	6	664.53	1	676.48
kozlov_uk	11	3	400.43102	28	350.89	3	376.79	3	376.08	1	379.11
kozlov_uk	11	4	216.816327	20	183.7	17	185.83	1	197.46	1	197.46
kozlov_uk	11	5	460.852245	32	407.96	6	428.41	4	433.55	1	440.12
kozlov_uk	11	6	482.899592	38	422.73	7	451.71	1	461.94	1	461.94
kozlov_uk	11	7	703.503673	51	628.7	7	673.42	2	680.84	1	682.95
kozlov_uk	11	8	959.190204	66	886.06	13	923.99	5	929.51	1	939.69
kozlov_uk	11	9	385.593469	28	334.39	5	354.96	4	355.4	1	363.69
kozlov_uk	11	10	398.837551	29	356.02	5	375.02	2	375.03	1	378.24
kozlov_uk	11	11	618.396735	43	552.8	5	590.41	5	590.1	1	599.18
kozlov_uk	11	12	498.599184	33	441.2	6	470.79	4	469.2	1	475.87
kozlov_uk	11	13	494.811429	34	443.08	4	469.67	4	468.86	1	475.44
kozlov_uk	11	14	444.760816	31	394.7	7	415.86	3	419.96	1	424.43
kozlov_uk	11	15	471.118367	34	413.79	5	448.74	4	446.92	1	453.62
kozlov_uk	11	16	487.57551	34	429.01	7	455.28	5	459.11	1	466.63
kozlov_uk	11	17	311.222857	24	266.83	3	287.74	2	290.87	1	291.44
kozlov_uk	11	18	670.066939	46	611.4	6	643.22	4	644.62	1	649.16
kozlov_uk	11	19	351.346939	21	313.88	4	327.02	2	328.9	1	330.23
kozlov_uk	11	20	729.077551	43	664.54	6	701.39	5	701.06	1	707.62
kozlov_uk	11	21	439.013878	29	388.61	8	405.26	3	412.99	1	416.81
kozlov_uk	11	22	762.044082	54	687.32	8	738.4	6	738.84	1	748.45
kozlov_uk	12	1	324.675918	18	285.33	9	296.51	1	303.13	1	303.13
kozlov_uk	12	2	409.913469	25	364.99	8	382.54	2	386.82	1	388.98
kozlov_uk	12	3	415.399184	27	374.2	5	393.16	2	395.19	1	396.71
kozlov_uk	12	4	669.100408	44	605.08	6	643.94	4	641.24	1	648.39
kozlov_uk	12	5	498.233469	27	451.4	6	474.43	2	478.08	1	480.12
kozlov_uk	12	6	502.543673	33	452.71	5	482.34	3	478.2	1	483.85
kozlov_uk	12	7	366.08	20	328.59	5	344.54	1	348.84	1	348.84
kozlov_uk	12	8	462.158367	29	416.21	5	441.62	4	436.51	1	444.29
kozlov_uk	12	9	564.506122	37	513.99	8	540.19	4	540.15	1	545.46
kozlov_uk	12	10	575.764898	36	526.32	9	548.75	2	554.44	1	556.3
kozlov_uk	12	11	308.845714	20	270.71	5	284.84	2	286.85	1	289.82
kozlov_uk	12	12	332.382041	22	290.74	7	307.96	4	307.09	1	313.16
kozlov_uk	12	13	383.582041	25	339.44	6	358.19	2	361.46	1	362.83
kozlov_uk	12	14	424.280816	29	373.93	6	400.7	2	402.85	1	405.85
kozlov_uk	12	15	511.843265	38	452.11	8	486.5	4	489.11	1	493.99
kozlov_uk	12	16	308.401633	20	268.33	6	282.64	1	288.28	1	288.28
kozlov_uk	12	17	583.47102	41	522.3	6	558.81	3	559.85	1	564.61
kozlov_uk	12	18	570.017959	37	516.6	7	543.34	2	548.58	1	550.9
kozlov_uk	12	19	519.47102	37	466.2	16	490.31	2	499.42	1	499.99
kozlov_uk	12	20	322.011429	21	280.65	5	297.84	2	300.57	1	302.44
kozlov_uk	12	21	359.993469	26	314.27	6	332.43	2	337.06	1	339.1
kozlov_uk	12	22	323.918367	20	289.41	5	301.28	3	301.61	1	303.02
kozlov_uk	12	23	649.978776	37	595.3	9	624.82	2	628.45	1	630.67
kozlov_uk	12	24	290.194286	20	251.51	4	269.03	4	265.56	1	270.55
kozlov_uk	12	25	439.327347	30	387.07	4	411.6	4	409.26	1	415.55
kozlov_uk	13	1	506.827755	54	440.83	27	456.87	6	472.17	1	480.81
kozlov_uk	13	2	530.207347	55	474.47	28	493.37	2	510.75	1	512.34
kozlov_uk	13	3	261.773061	24	226.53	19	231.21	1	244.02	1	244.02
kozlov_uk	13	4	478.589388	43	430.17	13	449.5	2	455.83	1	457.79
kozlov_uk	13	5	462.524082	41	416.57	13	435.16	5	436.57	1	444.61
kozlov_uk	13	6	603.820408	66	546.1	28	571.89	5	575.23	1	584.17
kozlov_uk	13	7	479.869388	40	434.67	14	453.25	5	455.72	1	460.61
kozlov_uk	13	8	314.200816	40	275.35	17	282.54	2	293.93	1	296.07
kozlov_uk	13	9	480.339592	44	432.42	16	450.83	2	460.44	1	462.26
kozlov_uk	13	10	186.723265	14	158.34	3	165.85	2	167.14	1	168.69
kozlov_uk	13	11	490.997551	47	443.02	5	464.13	5	463.4	1	471.99
kozlov_uk	13	12	480.626939	41	433.91	19	448.6	2	461.4	1	462.4
kozlov_uk	13	13	182.021224	14	152.45	3	160.37	1	162.7	1	162.7
kozlov_uk	13	14	185.469388	17	155.39	5	160.85	3	161.69	1	165.33
kozlov_uk	13	15	348.26449	29	309.15	11	321.02	3	326.86	1	330.37
kozlov_uk	13	16	429.97551	43	388.31	2	409.87	4	405.96	1	411.41
kozlov_uk	13	17	361.795918	27	324.35	3	339.84	3	339.94	1	341.43
kozlov_uk	13	18	226.925714	17	193.42	5	202.91	2	205.25	1	206.91
kozlov_uk	13	19	292.519184	19	256.6	4	269.56	2	271.67	1	273.67
kozlov_uk	13	20	140.90449	8	117.93	4	120.84	2	120.74	1	122.34
kozlov_uk	13	21	436.636735	30	387.31	6	410.76	3	414.02	1	417.36
kozlov_uk	13	22	283.350204	19	250.45	5	258.4	1	262.9	1	262.9
kozlov_uk	13	23	337.92	32	293.95	12	309.75	2	317.41	1	319.18
kozlov_uk	13	24	311.222857	31	272.02	11	281.75	2	287.54	1	290.39
kozlov_uk	13	25	343.04	31	291.88	29	294.15	1	322.25	1	322.25
kozlov_uk	13	26	376.372245	32	326.19	14	339.24	3	350.4	1	356.15
kozlov_uk	13	27	410.253061	34	362.38	30	365.65	5	381.64	1	388.53
kozlov_uk	13	28	372.819592	21	337.23	8	344.6	4	348.45	1	353.27
kozlov_uk	13	29	479.582041	30	428.84	4	450.87	5	448.29	1	456.07
kozlov_uk	14	1	280.137143	18	235.94	6	250.05	3	255.79	1	258.57
kozlov_uk	14	2	302.471837	17	267.89	5	276.79	1	282.83	1	282.83
kozlov_uk	14	3	228.597551	17	196.5	4	206.6	1	209.91	1	209.91
kozlov_uk	14	4	274.02449	22	240.28	4	254.16	1	256.21	1	256.21
kozlov_uk	14	5	210.729796	14	180.85	3	190.78	2	191.2	1	192.47
kozlov_uk	14	6	651.049796	42	603.07	11	618.06	2	629.94	1	632.85
kozlov_uk	14	7	345.417143	22	303.97	3	321.94	3	319.96	1	324.2
kozlov_uk	14	8	251.663673	18	214.61	6	223.45	3	228.19	1	231.66
kozlov_uk	14	9	432.53551	31	389.98	5	409.95	3	411.61	1	414.19
kozlov_uk	14	10	275.356735	19	240.71	4	252.69	1	256.44	1	256.44
kozlov_uk	14	11	265.769796	23	228.84	4	241.72	4	241.71	1	245.07
kozlov_uk	14	12	240.901224	16	208.82	5	217.66	2	221.76	1	223.07
kozlov_uk	14	13	336.64	23	294.81	5	309.18	1	314.27	1	314.27
kozlov_uk	14	14	222.249796	14	185.31	4	197.69	3	198.38	1	203.13
kozlov_uk	14	15	248.790204	19	211.54	4	222.48	1	227.34	1	227.34
kozlov_uk	14	16	225.933061	14	189.07	2	203.57	2	203.99	1	205.81
kozlov_uk	14	17	239.908571	19	202.48	7	211.43	2	218.37	1	219.45
kozlov_uk	14	18	523.467755	34	467.91	4	498.81	3	500.14	1	503.44
kozlov_uk	14	19	196.780408	11	168.06	2	176.33	2	176.16	1	177.99
kozlov_uk	14	20	560.692245	37	496.33	9	525.46	2	536.29	1	539.04
kozlov_uk	14	21	309.524898	20	269.28	6	281.12	1	287.49	1	287.49
kozlov_uk	14	22	233.560816	12	203.42	2	212.39	2	212.27	1	213.03
kozlov_uk	14	23	355.422041	21	313.23	4	328.59	1	334.64	1	334.64
kozlov_uk	14	24	436.950204	27	389.97	8	406.52	3	413.91	1	417.01
kozlov_uk	14	25	456.228571	28	406.79	8	422.64	5	426.56	1	434.55
kozlov_uk	14	26	344.21551	23	302.79	7	317.08	2	321.74	1	323.62
kozlov_uk	14	27	121.208163	9	94.49	4	98.15	1	100.7	1	100.7
kozlov_uk	14	28	415.111837	27	369.77	6	386.62	4	388.69	1	394.26
kozlov_uk	14	29	530.050612	36	474.99	10	496.45	2	506.1	1	508.19
kozlov_uk	14	30	429.00898	27	385.52	5	404.41	1	410.45	1	410.45
kozlov_uk	14	31	363.702857	21	319.74	5	335.56	2	339.29	1	341.82
kozlov_uk	14	32	510.249796	33	454.77	8	479.56	4	482.59	1	489.05
kozlov_uk	14	33	367.699592	25	321.31	5	341.15	2	345.53	1	347.15
kozlov_uk	14	34	539.271837	33	483.73	6	511.28	4	512.93	1	519.16
kozlov_uk	14	35	437.394286	27	389.76	3	412.26	2	411.64	1	415.17
kozlov_uk	14	36	361.038367	23	316.66	2	337.04	5	330.95	1	337.98
kozlov_uk	15	1	180.976327	11	152.18	4	157.72	2	158.9	1	160.4
kozlov_uk	15	2	488.437551	70	437.91	49	444.34	2	466.15	1	469.12
kozlov_uk	15	3	255.007347	13	223.18	1	237.43	1	237.43	1	237.43
kozlov_uk	15	4	371.905306	24	325.47	5	342.58	1	351.68	1	351.68
kozlov_uk	15	5	264.698776	17	234.63	4	243.4	1	247.52	1	247.52
kozlov_uk	15	6	372.37551	22	332.56	4	350.35	3	349.48	1	354.06
kozlov_uk	15	7	396.094694	28	355.07	5	371.52	1	375.68	1	375.68
kozlov_uk	15	8	469.577143	36	425.76	19	438.7	1	450.92	1	450.92
kozlov_uk	15	9	292.466939	15	259.48	6	264.96	1	271.55	1	271.55
kozlov_uk	15	10	502.204082	44	450.69	24	460.09	1	481.45	1	481.45
kozlov_uk	16	1	210.259592	11	180.7	3	184.73	1	187.08	1	187.08
kozlov_uk	16	2	356.179592	20	315.36	2	335.91	1	335.92	1	335.92
kozlov_uk	16	3	529.371429	38	484.26	13	499.13	1	511.22	1	511.22
kozlov_uk	16	4	249.39102	17	210.85	7	221.05	1	229.1	1	229.1
kozlov_uk	16	5	321.332245	19	289.85	7	298.75	1	301.97	1	301.97
kozlov_uk	16	6	302.210612	19	264.85	9	275.32	1	284.39	1	284.39
kozlov_uk	16	7	555.72898	73	507.73	48	517.61	2	534.81	1	536.44
kozlov_uk	16	8	331.363265	18	296.59	7	304.88	2	311.64	1	312.21
kozlov_uk	16	9	641.697959	37	595.71	11	616.75	1	623.39	1	623.39
kozlov_uk	16	10	392.254694	40	354.83	30	367.44	1	373.49	1	373.49
kozlov_uk	16	11	394.004898	36	356.15	12	363.5	1	373.86	1	373.86
kozlov_uk	16	12	517.955918	47	471.83	10	487.73	3	494.65	1	498.05
kozlov_uk	16	13	471.640816	31	423.21	12	433.0	1	449.75	1	449.75
kozlov_uk	17	1	380.26449	22	333.73	5	353.06	2	356.55	1	358.19
kozlov_uk	17	2	408.999184	23	363.99	7	378.52	5	382.01	1	389.59
kozlov_uk	17	3	298.213878	15	263.89	1	280.07	2	278.14	1	280.07
kozlov_uk	17	4	274.207347	17	236.33	8	248.46	2	253.86	1	254.88
kozlov_uk	17	5	248.006531	14	215.03	4	225.45	2	225.72	1	228.47
kozlov_uk	17	6	255.190204	14	222.59	6	233.68	1	236.84	1	236.84
kozlov_uk	17	7	197.590204	10	169.82	5	174.29	1	177.53	1	177.53
kozlov_uk	17	8	328.202449	17	286.55	10	299.83	3	303.75	1	308.3
kozlov_uk	17	9	466.076735	32	423.48	13	436.37	3	442.27	1	446.54
kozlov_uk	17	10	66.011429	3	43.46	2	44.01	1	44.48	1	44.48
kozlov_uk	18	1	344.685714	22	297.55	8	312.71	3	316.86	1	322.39
kozlov_uk	18	2	214.256327	13	183.63	4	191.13	2	195.12	1	195.12
kozlov_uk	18	3	239.46449	26	201.27	22	205.6	1	218.29	1	218.29
kozlov_uk	18	4	204.721633	21	166.61	19	170.59	1	183.36	1	183.36
kozlov_uk	18	5	234.292245	27	202.44	26	202.92	1	215.67	1	215.67
kozlov_uk	18	6	271.229388	30	230.1	23	237.66	1	252.43	1	252.43
kozlov_uk	18	7	212.819592	21	180.31	19	181.49	1	192.77	1	192.77
kozlov_uk	18	8	190.72	22	157.24	21	159.18	1	169.44	1	169.44
kozlov_uk	18	9	302.576327	35	258.26	31	262.71	1	281.68	1	281.68
kozlov_uk	18	10	213.838367	22	178.42	19	180.8	1	191.21	1	191.21
kozlov_uk	18	11	191.373061	20	159.01	19	160.3	1	172.47	1	172.47
kozlov_uk	18	12	215.457959	25	175.96	23	178.67	1	194.11	1	194.11
kozlov_uk	18	13	237.348571	28	199.89	28	199.89	1	217.32	1	217.32
kozlov_uk	18	14	207.542857	22	175.52	19	177.27	1	185.72	1	185.72
kozlov_uk	18	15	294.112653	35	254.11	34	256.51	1	272.84	1	272.84
kozlov_uk	18	16	208.248163	22	172.13	19	174.69	1	188.98	1	188.98
kozlov_uk	18	17	141.374694	16	112.34	15	112.89	1	121.0	1	121.0
kozlov_uk	18	18	183.484082	21	149.81	20	151.62	1	162.7	1	162.7
kozlov_uk	18	19	251.480816	29	213.55	25	217.85	1	229.46	1	229.46
kozlov_uk	18	20	264.202449	29	229.45	28	231.15	1	243.52	1	243.52
kozlov_uk	18	21	289.436735	34	248.27	29	251.71	1	267.71	1	267.71
kozlov_uk	18	22	251.297959	30	216.15	29	217.48	1	232.45	1	232.45
kozlov_uk	18	23	143.673469	17	117.17	15	119.35	1	124.5	1	124.5
kozlov_uk	18	24	239.542857	25	206.43	25	206.43	1	219.43	1	219.43
kozlov_uk	18	25	66.533878	6	41.33	5	43.26	1	45.0	1	45.0
kozlov_uk	18	26	133.22449	14	105.96	12	107.96	1	114.39	1	114.39
kozlov_uk	18	27	216.137143	23	179.63	21	182.61	1	194.26	1	194.26
kozlov_uk	18	28	222.693878	28	191.78	26	193.01	1	202.48	1	202.48
kozlov_uk	18	29	223.399184	25	189.99	21	193.26	1	202.75	1	202.75
kozlov_uk	18	30	276.976327	31	240.14	28	242.2	1	257.88	1	257.88
kozlov_uk	18	31	347.533061	40	309.13	38	310.78	1	329.29	1	329.29
kozlov_uk	18	32	220.608	22	185.76	16	189.24	1	197.22	1	197.22
kozlov_uk	18	33	280.32	33	244.11	30	246.45	1	259.61	1	259.61
kozlov_uk	18	34	323.657143	37	282.24	33	285.52	1	302.36	1	302.36
kozlov_uk	18	35	155.663673	16	123.27	15	124.91	1	132.95	1	132.95
kozlov_uk	18	36	275.069388	33	236.38	31	239.07	1	253.87	1	253.87
kozlov_uk	18	37	223.555918	24	191.45	24	191.45	1	202.56	1	202.56
kozlov_uk	18	38	339.226122	41	292.84	39	297.16	1	317.85	1	317.85
kozlov_uk	18	39	247.431837	30	213.19	30	213.19	1	227.77	1	227.77
kozlov_uk	18	40	256.862041	32	211.5	28	219.11	1	236.46	1	236.46
kozlov_uk	18	41	210.207347	26	174.36	26	174.36	1	186.91	1	186.91
kozlov_uk	18	42	238.994286	17	195.64	9	204.78	1	215.64	1	215.64
kozlov_uk	19	1	89.025306	6	63.18	6	63.18	2	65.86	1	66.68
kozlov_uk	19	2	118.465306	12	97.46	12	97.46	2	103.86	1	105.36
kozlov_uk	19	3	79.229388	8	61.78	8	61.78	3	64.52	1	65.66
kozlov_uk	19	4	101.799184	8	81.91	8	81.91	3	84.74	1	87.1
kozlov_uk	19	5	148.793469	12	127.0	12	127.0	5	131.93	1	134.96
kozlov_uk	19	6	100.153469	10	81.46	10	81.46	2	84.64	1	85.29
kozlov_uk	19	7	180.166531	17	156.18	17	156.18	3	163.39	1	164.84
kozlov_uk	19	8	93.022041	9	74.18	9	74.18	2	77.04	1	77.62
kozlov_uk	19	9	197.302857	20	173.23	20	173.23	4	181.12	1	182.36
kozlov_uk	19	10	199.47102	18	173.98	18	173.98	2	184.72	1	186.43
kozlov_uk	19	11	89.80898	7	69.36	7	69.36	2	73.26	1	75.03
kozlov_uk	19	12	90.174694	8	70.11	8	70.11	2	73.8	1	74.97
kozlov_uk	19	13	67.500408	5	50.89	5	50.89	1	52.88	1	52.88
kozlov_uk	19	14	90.462041	7	72.48	7	72.48	1	75.88	1	75.88
kozlov_uk	19	15	71.444898	5	54.08	5	54.08	1	56.52	1	56.52
kozlov_uk	19	16	119.484082	11	97.39	11	97.39	2	103.15	1	104.07
kozlov_uk	19	17	168.254694	15	146.82	15	146.82	2	153.82	1	154.77
kozlov_uk	19	18	449.48898	50	404.17	50	404.17	1	433.17	1	433.17
kozlov_uk	19	19	168.176327	14	138.23	14	138.23	2	148.14	1	149.84
kozlov_uk	19	20	103.314286	9	79.55	9	79.55	2	86.0	1	87.94
kozlov_uk	19	21	134.321633	13	112.47	13	112.47	2	119.3	1	120.2
kozlov_uk	19	22	322.194286	31	280.99	31	280.99	1	303.38	1	303.38
kozlov_uk	19	23	80.953469	6	62.13	6	62.13	1	66.54	1	66.54
kozlov_uk	19	24	111.124898	10	88.35	10	88.35	3	94.04	1	95.24
kozlov_uk	19	25	202.840816	22	172.26	22	172.26	1	187.17	1	187.17
kozlov_uk	19	26	106.736327	12	85.33	12	85.33	1	90.87	1	90.87
kozlov_uk	19	27	191.373061	14	162.9	14	162.9	2	173.17	1	173.92
kozlov_uk	19	28	123.506939	9	101.66	9	101.66	3	105.12	1	108.48
kozlov_uk	19	29	105.221224	11	83.2	11	83.2	1	89.54	1	89.54
kozlov_uk	19	30	130.716735	12	107.99	12	107.99	1	115.17	1	115.17
kozlov_uk	19	31	274.207347	24	242.63	24	242.63	2	256.19	1	257.88
kozlov_uk	19	32	128.052245	11	103.74	11	103.74	1	113.64	1	113.64
kozlov_uk	19	33	176.822857	22	149.7	22	149.7	1	161.03	1	161.03
kozlov_uk	19	34	187.585306	22	156.16	22	156.16	3	168.49	1	170.25
kozlov_uk	19	35	291.369796	28	253.45	28	253.45	3	278.25	1	279.15
kozlov_uk	19	36	125.779592	12	102.54	12	102.54	3	108.11	1	109.71
kozlov_uk	19	37	348.551837	40	305.98	40	305.98	1	333.18	1	333.18
kozlov_uk	19	38	203.075918	22	176.51	22	176.51	4	187.24	1	188.91
kozlov_uk	19	39	150.334694	13	126.45	13	126.45	1	134.79	1	134.79
kozlov_uk	19	40	218.357551	17	194.06	16	194.16	2	202.59	1	203.16
kozlov_uk	19	41	145.763265	13	118.96	13	118.96	3	128.31	1	130.14
kozlov_uk	19	42	146.050612	11	121.13	11	121.13	2	129.42	1	130.66
kozlov_uk	19	43	77.139592	5	59.83	5	59.83	1	61.64	1	61.64
kozlov_uk	19	44	231.079184	26	198.23	26	198.23	3	211.91	1	213.29
kozlov_uk	19	45	178.886531	17	154.28	17	154.28	3	161.62	1	162.84
kozlov_uk	19	46	111.412245	11	88.73	11	88.73	2	93.26	1	95.05
kozlov_uk	19	47	85.86449	9	67.08	9	67.08	2	70.25	1	70.5
kozlov_uk	19	48	121.417143	14	98.75	14	98.75	2	104.57	1	105.35
kozlov_uk	19	49	190.223673	20	164.19	20	164.19	3	173.58	1	174.91
kozlov_uk	19	50	214.517551	23	187.21	23	187.21	3	197.37	1	200.35
kozlov_uk	19	51	182.439184	19	157.03	19	157.03	5	164.86	1	167.56
kozlov_uk	19	52	98.246531	9	76.76	9	76.76	2	81.34	1	81.63
kozlov_uk	19	53	86.93551	6	69.88	6	69.88	1	73.41	1	73.41
kozlov_uk	19	54	74.370612	8	55.29	8	55.29	1	58.66	1	58.66
kozlov_uk	19	55	222.406531	23	194.98	23	194.98	3	206.52	1	208.46
kozlov_uk	19	56	129.959184	13	108.28	13	108.28	2	113.33	1	115.19
kozlov_uk	19	57	121.025306	11	98.67	11	98.67	2	105.34	1	106.01
kozlov_uk	19	58	116.062041	11	94.3	11	94.3	2	99.34	1	99.89
kozlov_uk	19	59	180.401633	17	156.27	17	156.27	1	164.13	1	164.13
kozlov_uk	19	60	122.462041	13	104.69	13	104.69	4	108.24	1	111.38
kozlov_uk	19	61	83.539592	8	64.25	8	64.25	2	67.37	1	67.57
kozlov_uk	19	62	138.814694	12	112.31	12	112.31	2	121.55	1	123.0
kozlov_uk	19	63	116.845714	11	93.64	11	93.64	1	100.52	1	100.52
kozlov_uk	19	64	101.041633	10	80.11	10	80.11	2	83.45	1	84.93
kozlov_uk	19	65	147.121633	13	122.79	13	122.79	3	128.82	1	130.57
kozlov_uk	19	66	179.278367	20	155.29	20	155.29	3	162.05	1	163.66
kozlov_uk	19	67	77.139592	7	56.15	7	56.15	1	59.49	1	59.49
kozlov_uk	19	68	338.181224	35	301.31	35	301.31	1	323.24	1	323.24
kozlov_uk	19	69	327.314286	36	292.73	35	292.73	5	306.4	1	311.01
kozlov_uk	19	70	75.154286	5	55.79	5	55.79	1	59.19	1	59.19
kozlov_uk	19	71	232.986122	24	205.68	24	205.68	1	216.8	1	216.8
kozlov_uk	19	72	186.148571	20	158.41	20	158.41	5	166.0	1	169.29
kozlov_uk	19	73	227.94449	27	197.91	27	197.91	4	211.87	1	212.73
kozlov_uk	19	74	206.524082	23	180.21	23	180.21	3	188.75	1	189.86
kozlov_uk	19	75	101.537959	10	79.51	10	79.51	1	84.9	1	84.9
kozlov_uk	19	76	108.277551	12	84.01	12	84.01	1	88.99	1	88.99
kozlov_uk	19	77	175.777959	20	149.56	20	149.56	1	159.63	1	159.63
kozlov_uk	19	78	609.17551	72	553.97	72	553.97	1	594.39	1	594.39
kozlov_uk	19	79	150.439184	13	126.74	13	126.74	1	133.4	1	133.4
kozlov_uk	19	80	173.792653	19	145.61	19	145.61	1	157.32	1	157.32
kozlov_uk	19	81	151.693061	16	126.0	16	126.0	2	134.66	1	136.46
kozlov_uk	19	82	73.978776	8	53.43	8	53.43	1	58.32	1	58.32
kozlov_uk	19	83	154.827755	17	129.23	17	129.23	1	138.68	1	138.68
kozlov_uk	19	84	133.041633	12	109.71	12	109.71	1	115.5	1	115.5
kozlov_uk	19	85	122.618776	13	98.88	13	98.88	3	105.05	1	106.13
kozlov_uk	19	86	178.02449	17	154.11	17	154.11	1	163.75	1	163.75
kozlov_uk	19	87	65.802449	7	46.55	7	46.55	1	50.43	1	50.43
kozlov_uk	19	88	164.336327	18	139.39	17	139.62	2	148.64	1	148.96
kozlov_uk	19	89	426.736327	51	384.35	51	384.35	5	408.07	1	411.35
kozlov_uk	19	90	165.22449	17	139.9	17	139.9	3	149.66	1	151.01
kozlov_uk	19	91	152.084898	16	122.62	16	122.62	1	135.01	1	135.01
kozlov_uk	19	92	136.437551	15	111.94	15	111.94	3	117.92	1	120.37
kozlov_uk	19	93	65.410612	5	45.7	5	45.7	1	48.99	1	48.99
kozlov_uk	19	94	202.605714	23	167.35	23	167.35	3	182.68	1	185.27
kozlov_uk	19	95	108.277551	11	89.6	11	89.6	1	93.01	1	93.01
kozlov_uk	19	96	132.04898	13	112.27	13	112.27	1	116.39	1	116.39
kozlov_uk	19	97	125.204898	12	100.74	12	100.74	1	109.09	1	109.09
kozlov_uk	19	98	92.656327	9	73.25	9	73.25	2	76.24	1	76.99
kozlov_uk	19	99	110.524082	9	89.17	9	89.17	1	95.18	1	95.18
kozlov_uk	19	100	57.80898	5	41.82	5	41.82	1	43.06	1	43.06
kozlov_uk	19	101	105.586939	8	85.01	8	85.01	1	89.61	1	89.61
kozlov_uk	19	102	235.337143	28	207.48	28	207.48	1	219.88	1	219.88
kozlov_uk	19	103	197.355102	22	173.2	22	173.2	1	183.98	1	183.98
kozlov_uk	19	104	303.124898	35	271.4	35	271.4	1	287.19	1	287.19
kozlov_uk	19	105	347.533061	45	307.96	45	307.96	2	332.07	1	332.71
kozlov_uk	19	106	404.27102	48	362.34	48	362.34	3	387.32	1	388.82
kozlov_uk	19	107	348.26449	43	306.1	43	306.1	1	333.21	1	333.21
kozlov_uk	19	108	128.835918	13	105.43	13	105.43	2	113.49	1	113.98
kozlov_uk	19	109	289.097143	31	250.62	31	250.62	3	270.99	1	272.55
kozlov_uk	19	110	85.028571	7	60.61	7	60.61	2	64.87	1	67.04
kozlov_uk	19	111	100.858776	10	79.6	10	79.6	1	84.55	1	84.55
kozlov_uk	19	112	106.34449	10	85.11	10	85.11	1	90.79	1	90.79
kozlov_uk	19	113	74.788571	9	54.92	9	54.92	3	58.23	1	58.94
kozlov_uk	19	114	79.621224	8	60.65	8	60.65	1	65.27	1	65.27
kozlov_uk	19	115	160.914286	18	132.93	17	133.89	3	143.05	1	145.54
kozlov_uk	19	116	153.234286	19	127.7	17	129.14	2	137.35	1	138.37
kozlov_uk	19	117	30.484898	2	14.48	2	14.48	1	14.94	1	14.94
kozlov_uk	19	118	226.76898	29	193.84	26	195.36	3	207.25	1	209.92
kozlov_uk	19	119	1344.261224	176	1214.17	162	1221.01	1	1329.29	1	1329.29
kozlov_uk	19	120	66.951837	7	46.69	7	46.69	1	51.59	1	51.59
kozlov_uk	19	121	74.657959	8	54.38	8	54.38	1	58.58	1	58.58
kozlov_uk	19	122	83.905306	9	62.95	9	62.95	1	68.95	1	68.95
kozlov_uk	19	123	54.413061	4	37.12	4	37.12	1	38.98	1	38.98
kozlov_uk	19	124	69.32898	8	52.87	8	52.87	2	56.04	1	57.4
kozlov_uk	19	125	65.697959	5	47.29	5	47.29	1	49.62	1	49.62
kozlov_uk	19	126	70.086531	6	50.14	6	50.14	2	52.34	1	53.1
kozlov_uk	19	127	69.12	5	49.89	5	49.89	1	52.59	1	52.59
kozlov_uk	19	128	70.060408	6	49.47	6	49.47	1	53.1	1	53.1
kozlov_uk	19	129	79.203265	8	57.53	8	57.53	1	62.12	1	62.12
kozlov_uk	19	130	71.131429	8	51.29	8	51.29	1	56.56	1	56.56
kozlov_uk	19	131	50.494694	3	32.52	3	32.52	1	33.97	1	33.97
kozlov_uk	19	132	160.078367	18	133.7	18	133.7	3	140.42	1	143.17
kozlov_uk	19	133	45.897143	3	29.85	3	29.85	1	30.77	1	30.77
kozlov_uk	19	134	41.325714	3	24.67	3	24.67	1	25.94	1	25.94
kozlov_uk	19	135	182.047347	21	156.06	21	156.06	1	165.95	1	165.95
kozlov_uk	19	136	191.111837	26	165.32	26	165.32	1	176.42	1	176.42
kozlov_uk	19	137	109.609796	9	85.02	8	85.53	1	91.61	1	91.61
kozlov_uk	19	138	109.322449	8	86.71	8	86.71	1	92.82	1	92.82
kozlov_uk	19	139	221.596735	24	191.79	22	193.15	1	205.49	1	205.49
kozlov_uk	19	140	136.045714	13	113.86	13	113.86	1	121.14	1	121.14
kozlov_uk	19	141	124.734694	10	101.49	10	101.49	1	109.69	1	109.69
kozlov_uk	19	142	94.563265	7	72.87	7	72.87	1	77.91	1	77.91
kozlov_uk	19	143	141.426939	12	120.64	12	120.64	1	127.6	1	127.6
kozlov_uk	19	144	172.512653	15	149.51	15	149.51	1	156.63	1	156.63
kozlov_uk	19	145	193.462857	21	166.1	21	166.1	1	177.68	1	177.68
kozlov_uk	19	146	106.840816	10	87.55	10	87.55	1	91.09	1	91.09
kozlov_uk	19	147	167.288163	20	143.41	20	143.41	1	152.36	1	152.36
kozlov_uk	19	148	122.644898	14	104.22	14	104.22	1	109.57	1	109.57
kozlov_uk	19	149	87.797551	9	70.89	9	70.89	1	73.33	1	73.33
kozlov_uk	19	150	62.746122	6	45.0	6	45.0	1	45.69	1	45.69
kozlov_uk	20	1	325.250612	33	274.07	30	281.7	2	299.41	1	301.86
kozlov_uk	20	2	193.671837	22	160.71	22	160.71	1	175.07	1	175.07
kozlov_uk	20	3	298.213878	35	250.95	33	252.59	4	275.56	1	277.03
kozlov_uk	20	4	252.917551	27	214.46	27	214.46	1	232.6	1	232.6
kozlov_uk	20	5	211.461224	23	178.5	23	178.5	4	186.72	1	191.3
kozlov_uk	20	6	317.33551	35	270.23	35	270.23	5	287.56	1	295.71
kozlov_uk	20	7	234.13551	27	195.99	27	195.99	2	212.43	1	214.98
kozlov_uk	20	8	314.462041	36	271.04	36	271.04	3	290.97	1	292.95
kozlov_uk	20	9	170.370612	18	134.12	18	134.12	3	145.76	1	149.87
kozlov_uk	20	10	318.955102	32	250.75	32	250.75	1	297.92	1	297.92
kozlov_uk	20	11	359.627755	31	284.83	31	284.83	1	340.17	1	340.17
kozlov_uk	20	12	310.021224	28	237.14	28	237.14	1	292.37	1	292.37
kozlov_uk	20	13	277.159184	25	220.7	25	220.7	1	256.69	1	256.69
kozlov_uk	20	14	362.945306	35	291.03	35	291.03	1	342.98	1	342.98
kozlov_uk	20	15	337.266939	33	273.23	33	273.23	1	319.28	1	319.28
kozlov_uk	20	16	341.812245	33	269.33	33	269.33	1	322.58	1	322.58
kozlov_uk	20	17	302.210612	28	244.49	28	244.49	1	284.2	1	284.2
kozlov_uk	20	18	239.333878	24	187.88	24	187.88	1	221.23	1	221.23
kozlov_uk	20	19	329.038367	29	263.95	29	263.95	1	311.47	1	311.47
kozlov_uk	20	20	331.885714	30	258.82	30	258.82	1	314.41	1	314.41
kozlov_uk	20	21	324.832653	31	257.92	31	257.92	1	305.5	1	305.5
kozlov_uk	20	22	292.519184	29	234.71	28	236.98	3	272.19	1	275.14
kozlov_uk	20	23	309.420408	35	268.51	34	268.93	2	290.6	1	290.97
kozlov_uk	20	24	332.277551	34	260.82	33	262.66	2	311.79	1	313.63
kozlov_uk	20	25	308.453878	28	241.84	28	241.84	2	285.18	1	288.89
kozlov_uk	20	26	278.491429	28	217.19	28	217.19	2	256.57	1	258.38
kozlov_uk	20	27	308.114286	27	231.51	27	231.51	2	286.25	1	288.77
kozlov_uk	20	28	326.870204	28	263.12	28	263.12	2	305.9	1	307.7
kozlov_uk	20	29	294.19102	27	225.64	27	225.64	2	272.52	1	274.37
kozlov_uk	20	30	358.582857	33	300.82	33	300.82	1	338.52	1	338.52
kozlov_uk	20	31	277.524898	31	231.18	31	231.18	2	253.04	1	254.62
kozlov_uk	21	1	247.849796	18	202.54	14	209.99	2	220.29	1	223.28
kozlov_uk	21	2	398.08	26	356.73	21	366.49	1	379.27	1	379.27
kozlov_uk	21	3	272.300408	22	231.66	18	239.46	2	249.43	1	252.45
kozlov_uk	21	4	230.922449	17	189.58	13	198.27	4	201.89	1	209.18
kozlov_uk	21	5	272.561633	19	228.69	15	238.02	5	242.91	1	251.91
kozlov_uk	21	6	174.18449	12	143.65	11	144.32	2	152.38	1	154.2
kozlov_uk	21	7	340.192653	29	286.97	21	301.55	5	313.0	1	320.0
kozlov_uk	21	8	257.671837	17	221.6	14	226.65	2	236.0	1	238.6
kozlov_uk	21	9	292.780408	18	254.9	13	263.15	4	267.44	1	272.27
kozlov_uk	21	10	214.83102	20	175.32	16	183.26	4	188.23	1	194.68
kozlov_uk	21	11	148.192653	10	118.82	8	122.07	2	125.28	1	127.59
kozlov_uk	21	12	210.99102	14	172.13	11	178.08	2	183.64	1	184.9
kozlov_uk	22	1	237.165714	14	147.69	8	169.93	4	155.65	1	174.86
kozlov_uk	22	2	225.097143	17	173.62	8	192.95	5	181.66	1	201.89
kozlov_uk	22	3	158.563265	11	126.12	9	133.83	2	131.07	1	137.9
kozlov_uk	22	4	230.4	16	196.63	13	198.42	1	206.0	1	206.0
kozlov_uk	22	5	259.84	16	207.27	11	230.12	4	216.09	1	235.53
kozlov_uk	22	6	173.165714	12	131.18	1	148.22	3	137.0	1	148.22
kozlov_uk	22	7	203.023673	14	157.44	11	168.87	3	162.59	1	177.56
kozlov_uk	22	8	235.075918	14	186.51	6	201.32	5	192.8	1	208.53
kozlov_uk	23	1	444.081633	31	387.78	29	391.88	4	410.45	1	417.27
kozlov_uk	23	2	282.462041	22	240.66	20	245.48	2	258.99	1	261.46
kozlov_uk	23	3	300.773878	26	261.59	18	266.07	2	278.81	1	280.6
kozlov_uk	23	4	115.121633	6	88.01	5	89.55	2	91.02	1	91.69
kozlov_uk	23	5	471.170612	30	420.37	29	421.83	3	445.89	1	448.88
kozlov_uk	23	6	211.382857	13	173.65	6	185.01	1	189.46	1	189.46
kozlov_uk	23	7	334.759184	25	297.4	5	312.74	4	310.98	1	315.36
kozlov_uk	23	8	307.252245	23	265.51	9	280.32	4	283.98	1	287.78
kozlov_uk	23	9	270.602449	20	234.58	19	236.05	3	247.44	1	249.49
kozlov_uk	23	10	449.018776	34	401.11	25	410.53	4	425.32	1	429.0
kozlov_uk	23	11	249.547755	16	212.4	13	214.74	2	226.54	1	227.03
kozlov_uk	23	12	91.820408	6	66.12	6	66.12	1	69.58	1	69.58
kozlov_uk	23	13	286.275918	22	248.26	22	248.26	1	265.03	1	265.03
kozlov_uk	23	14	428.173061	32	375.34	27	383.1	5	398.26	1	406.84
kozlov_uk	23	15	139.389388	9	110.88	9	110.88	1	115.88	1	115.88
kozlov_uk	23	16	218.801633	14	181.49	12	183.97	2	192.6	1	194.77
kozlov_uk	23	17	215.092245	14	182.13	14	182.13	1	193.39	1	193.39
kozlov_uk	23	18	138.840816	7	112.52	7	112.52	1	116.35	1	116.35
kozlov_uk	23	19	362.004898	25	315.75	17	323.51	2	338.29	1	339.35
kozlov_uk	23	20	116.558367	6	92.72	1	94.92	1	94.92	1	94.92
kozlov_uk	23	21	244.506122	17	209.5	13	216.2	3	218.04	1	222.65
kozlov_uk	23	22	332.382041	25	289.86	18	296.77	2	309.93	1	310.99
kozlov_uk	23	23	245.472653	18	208.09	13	213.37	1	222.63	1	222.63
kozlov_uk	23	24	288.783673	23	245.83	22	247.16	3	264.05	1	265.99
kozlov_uk	23	25	191.869388	12	159.37	12	159.37	2	168.37	1	169.43
kozlov_uk	23	26	264.881633	21	229.25	20	231.13	1	242.59	1	242.59
kozlov_uk	23	27	211.173878	13	180.37	11	181.54	1	188.51	1	188.51
kozlov_uk	23	28	427.937959	29	385.3	28	386.57	2	406.26	1	407.17
kozlov_uk	23	29	369.240816	24	330.57	19	336.6	3	346.02	1	349.25
kozlov_uk	23	30	507.533061	33	460.69	32	462.42	1	489.13	1	489.13
kozlov_uk	23	31	175.830204	9	143.9	5	149.29	1	153.39	1	153.39
kozlov_uk	23	32	228.989388	20	194.94	19	195.8	2	206.87	1	207.73
kozlov_uk	23	33	326.376	24	286.61	24	286.61	1	305.09	1	305.09
kozlov_uk	23	34	267.284898	17	232.2	17	232.2	1	247.05	1	247.05
kozlov_uk	23	35	156.656327	10	127.29	10	127.29	1	133.9	1	133.9
kozlov_uk	23	36	387.468	22	340.46	5	356.61	1	364.96	1	364.96
kozlov_uk	23	37	582.870204	38	521.19	15	543.89	3	556.53	1	558.54
kozlov_uk	23	38	319.608	22	270.22	13	282.85	2	291.78	1	295.27
kozlov_uk	23	39	155.297959	8	127.08	1	134.85	1	134.85	1	134.85
kozlov_uk	23	40	403.513469	31	353.32	30	355.45	3	379.68	1	382.97
kozlov_uk	23	41	425.012245	29	374.26	27	376.32	4	397.93	1	401.64
kozlov_uk	23	42	348.029388	25	303.55	23	306.75	4	322.71	1	327.16
kozlov_uk	23	43	354.852	28	311.53	25	315.67	4	327.74	1	331.66
kozlov_uk	23	44	459.363265	28	410.31	26	413.05	3	434.88	1	438.53
kozlov_uk	23	45	397.764	25	348.69	23	351.99	2	374.63	1	375.82
kozlov_uk	23	46	193.018776	13	159.9	13	159.9	1	171.51	1	171.51
kozlov_uk	23	47	253.466122	15	215.05	15	215.05	1	231.22	1	231.22
kozlov_uk	23	48	313.887347	22	273.77	22	273.77	1	293.96	1	293.96
kozlov_uk	23	49	436.244898	26	390.13	25	391.34	2	413.97	1	415.72
kozlov_uk	23	50	210.207347	11	175.41	10	177.69	2	186.28	1	188.56
kozlov_uk	23	51	387.648	23	343.33	22	344.46	1	365.54	1	365.54
kozlov_uk	23	52	219.663673	15	186.62	14	188.06	3	196.21	1	199.34
kozlov_uk	23	53	221.472	12	182.5	12	182.5	1	198.93	1	198.93
kozlov_uk	23	54	274.860408	17	230.95	17	230.95	2	249.59	1	250.48
kozlov_uk	23	55	216.450612	13	180.07	13	180.07	1	191.62	1	191.62
kozlov_uk	23	56	203.572245	12	166.92	11	169.26	2	178.83	1	181.17
kozlov_uk	23	57	312.502857	21	269.65	21	269.65	1	290.81	1	290.81
kozlov_uk	23	58	270.28898	14	233.95	14	233.95	2	247.02	1	248.58
kozlov_uk	23	59	329.247347	21	285.74	18	288.81	1	308.51	1	308.51
kozlov_uk	23	60	343.902041	22	299.4	22	299.4	1	321.65	1	321.65
kozlov_uk	23	61	211.565714	11	177.91	11	177.91	1	189.4	1	189.4
kozlov_uk	23	62	205.00898	12	168.31	12	168.31	1	183.01	1	183.01
kozlov_uk	23	63	306.076735	19	266.18	18	267.64	3	279.95	1	282.35
kozlov_uk	23	64	166.635102	11	137.7	11	137.7	1	145.99	1	145.99
kozlov_uk	23	65	409.49551	25	362.29	25	362.29	1	385.9	1	385.9
kozlov_uk	23	66	440.346122	24	388.12	16	398.42	2	412.49	1	413.83
kozlov_uk	24	1	293.433469	19	251.92	3	267.45	1	269.9	1	269.9
kozlov_uk	24	2	585.534694	37	524.05	31	531.58	1	563.09	1	563.09
kozlov_uk	24	3	429.662041	25	380.63	12	395.51	1	409.27	1	409.27
kozlov_uk	24	4	469.028571	31	409.57	27	413.29	2	446.52	1	447.58
kozlov_uk	24	5	461.296327	31	403.73	25	414.88	1	439.12	1	439.12
kozlov_uk	24	6	431.595102	30	380.25	23	388.94	1	411.23	1	411.23
kozlov_uk	24	7	502.125714	34	443.72	6	470.77	1	480.65	1	480.65
kozlov_uk	24	8	390.452245	23	342.09	16	353.53	1	369.44	1	369.44
kozlov_uk	24	9	395.52	25	346.09	13	361.62	1	374.73	1	374.73
kozlov_uk	24	10	355.448163	25	306.99	21	313.75	1	334.52	1	334.52
kozlov_uk	24	11	391.706122	23	343.42	8	358.76	1	369.25	1	369.25
kozlov_uk	24	12	299.232653	17	260.44	12	267.4	1	277.83	1	277.83
kozlov_uk	24	13	413.701224	27	363.57	13	379.35	1	392.15	1	392.15
kozlov_uk	24	14	391.235918	22	342.86	13	355.86	1	368.08	1	368.08
kozlov_uk	24	15	358.164898	21	313.85	13	325.63	3	332.33	1	337.39
kozlov_uk	24	16	358.687347	21	309.31	7	326.14	1	335.76	1	335.76
kozlov_uk	24	17	436.192653	27	387.53	16	401.76	3	409.92	1	414.64
kozlov_uk	24	18	356.884898	23	309.95	12	324.77	2	331.13	1	333.88
kozlov_uk	24	19	291.474286	15	254.9	3	265.29	1	271.1	1	271.1
kozlov_uk	24	20	336.091429	18	289.78	12	301.17	2	310.09	1	313.29
kozlov_uk	24	21	272.796735	14	235.67	5	245.81	2	248.95	1	250.59
kozlov_uk	24	22	492.408163	30	436.88	12	458.6	1	469.2	1	469.2
kozlov_uk	24	23	670.014694	40	598.33	19	624.7	1	646.21	1	646.21
kozlov_uk	24	24	200.045714	10	165.53	3	173.85	1	177.89	1	177.89
kozlov_uk	24	25	548.440816	38	486.23	14	505.28	3	520.54	1	524.94
kozlov_uk	24	26	405.289796	24	352.33	7	368.4	1	381.67	1	381.67
kozlov_uk	24	27	385.410612	22	333.92	3	352.36	1	358.39	1	358.39
kozlov_uk	24	28	288.470204	17	243.52	5	257.25	1	267.16	1	267.16
kozlov_uk	24	29	520.594286	32	463.19	7	489.09	2	496.7	1	499.92
kozlov_uk	24	30	346.566531	24	301.29	18	311.06	1	324.45	1	324.45
kozlov_uk	24	31	641.436735	40	569.64	26	589.33	4	612.13	1	619.18
kozlov_uk	24	32	709.485714	44	637.52	5	677.27	1	685.11	1	685.11
kozlov_uk	24	33	417.227755	26	364.53	5	387.29	1	394.99	1	394.99
kozlov_uk	24	34	413.492245	22	366.79	2	388.29	2	388.56	1	390.63
kozlov_uk	24	35	349.701224	19	305.39	3	321.53	1	326.6	1	326.6
kozlov_uk	24	36	534.125714	32	471.16	5	503.52	1	510.09	1	510.09
kozlov_uk	24	37	315.141224	21	272.54	2	293.23	1	293.76	1	293.76
kozlov_uk	24	38	462.158367	28	408.1	3	436.14	2	438.71	1	440.12
kozlov_uk	24	39	296.594286	18	256.36	2	273.71	1	275.06	1	275.06
kozlov_uk	24	40	331.598367	16	291.4	1	308.79	2	306.13	1	308.79
kozlov_uk	24	41	313.155918	18	276.35	3	289.66	1	292.79	1	292.79
kozlov_uk	24	42	359.88898	22	319.43	4	334.38	1	339.19	1	339.19
kozlov_uk	24	43	224.705306	13	192.35	1	203.18	2	200.86	1	203.18
kozlov_uk	24	44	634.200816	30	570.18	6	598.32	1	611.45	1	611.45
kozlov_uk	24	45	103.88898	5	73.76	2	77.09	1	78.62	1	78.62
kozlov_uk	24	46	444.813061	28	385.45	21	397.4	2	417.49	1	420.41
kozlov_uk	24	47	129.697959	7	98.37	7	98.37	1	105.18	1	105.18
kozlov_uk	24	48	609.462857	47	536.22	41	543.35	1	587.14	1	587.14
kozlov_uk	24	49	665.6	39	582.68	31	603.08	5	627.37	1	642.26
kozlov_uk	24	50	758.648163	46	667.36	45	670.03	1	734.98	1	734.98
kozlov_uk	24	51	935.209796	64	838.59	58	844.18	1	913.55	1	913.55
kozlov_uk	24	52	515.578776	34	453.93	5	480.21	1	490.36	1	490.36
kozlov_uk	25	1	447.660408	22	398.83	1	422.2	1	422.2	1	422.2
kozlov_uk	25	2	423.340408	22	372.93	1	400.21	1	400.21	1	400.21
kozlov_uk	25	3	467.513469	66	389.59	45	413.26	1	445.7	1	445.7
kozlov_uk	25	4	330.501224	22	274.73	1	305.61	1	305.61	1	305.61
kozlov_uk	25	5	190.981224	22	147.32	22	147.32	1	164.5	1	164.5
kozlov_uk	26	1	403.40898	28	354.13	7	368.94	2	375.12	1	378.0
kozlov_uk	26	2	165.459592	10	133.51	3	139.73	1	143.76	1	143.76
kozlov_uk	26	3	413.152653	27	357.73	8	379.78	3	384.04	1	390.55
kozlov_uk	26	4	270.18449	17	229.45	7	238.92	2	245.84	1	246.91
kozlov_uk	26	5	302.001633	17	265.24	6	274.82	2	279.6	1	281.72
kozlov_uk	26	6	255.085714	14	217.49	3	227.91	2	230.17	1	232.46
kozlov_uk	26	7	408.241633	27	359.24	5	379.53	1	385.47	1	385.47
kozlov_uk	26	8	326.896327	18	284.94	9	295.38	1	304.64	1	304.64
kozlov_uk	26	9	215.562449	11	180.3	6	183.83	1	192.57	1	192.57
kozlov_uk	26	10	309.733878	22	267.25	7	280.36	1	286.45	1	286.45
kozlov_uk	26	11	363.41551	25	314.08	9	326.24	1	339.53	1	339.53
kozlov_uk	26	12	428.251429	28	371.03	9	389.24	2	401.88	1	405.62
kozlov_uk	26	13	374.752653	23	333.24	6	346.57	2	351.38	1	354.03
kozlov_uk	26	14	425.430204	23	375.47	8	386.18	2	398.09	1	401.53
kozlov_uk	26	15	131.604898	8	102.64	2	108.24	1	109.5	1	109.5
kozlov_uk	26	16	945.240816	63	860.15	15	900.81	2	921.5	1	923.65
kozlov_uk	26	17	418.194286	24	369.9	13	382.58	3	391.19	1	396.82
kozlov_uk	26	18	483.657143	32	427.03	9	445.87	1	462.22	1	462.22
kozlov_uk	26	19	200.829388	14	159.49	13	159.59	1	174.97	1	174.97
kozlov_uk	26	20	769.201633	44	693.08	9	732.06	1	747.41	1	747.41
kozlov_uk	26	21	569.364898	37	508.45	18	529.32	2	544.12	1	547.01
kozlov_uk	26	22	432.457143	31	374.59	6	394.52	1	407.79	1	407.79
kozlov_uk	26	23	717.505306	49	649.92	12	677.74	1	695.57	1	695.57
kozlov_uk	26	24	396.199184	27	347.56	14	360.89	2	369.47	1	372.56
kozlov_uk	26	25	275.173878	17	235.84	1	251.31	4	243.91	1	251.31
kozlov_uk	26	26	341.446531	21	296.73	4	313.3	1	318.02	1	318.02
kozlov_uk	26	27	448.339592	36	402.35	20	413.17	1	424.93	1	424.93
kozlov_uk	26	28	407.24898	26	356.82	19	367.04	2	381.36	1	384.68
kozlov_uk	26	29	356.101224	21	309.44	7	322.63	1	331.45	1	331.45
kozlov_uk	26	30	356.022857	26	309.32	14	323.99	1	334.96	1	334.96
kozlov_uk	26	31	351.79102	18	311.42	9	320.15	1	327.56	1	327.56
kozlov_uk	26	32	512.522449	32	456.47	20	469.4	1	490.22	1	490.22
kozlov_uk	26	33	562.311837	33	499.83	7	525.98	4	530.5	1	538.22
kozlov_uk	26	34	479.451429	31	434.46	6	453.53	1	458.06	1	458.06
kozlov_uk	26	35	225.358367	15	188.19	3	196.52	1	202.39	1	202.39
kozlov_uk	26	36	602.853878	38	543.84	9	565.18	2	577.02	1	579.65
kozlov_uk	26	37	434.546939	28	389.13	6	402.42	2	407.68	1	410.43
kozlov_uk	26	38	380.081633	23	338.19	5	350.45	1	358.06	1	358.06
kozlov_uk	26	39	441.103673	29	392.45	7	407.5	1	417.28	1	417.28
kozlov_uk	26	40	700.865306	49	635.08	11	663.9	1	679.74	1	679.74
kozlov_uk	26	41	352.313469	26	302.95	7	318.96	1	327.3	1	327.3
kozlov_uk	26	42	295.000816	20	247.33	4	263.09	1	270.26	1	270.26
kozlov_uk	26	43	420.91102	27	374.76	7	390.73	1	399.75	1	399.75
kozlov_uk	26	44	500.871837	31	445.69	8	467.53	1	477.7	1	477.7
kozlov_uk	26	45	412.186122	25	362.76	7	379.4	2	387.44	1	390.03
kozlov_uk	26	46	397.322449	24	344.55	7	361.85	3	367.18	1	371.2
kozlov_uk	26	47	361.717551	23	321.0	4	336.18	2	336.9	1	339.33
kozlov_uk	26	48	502.674286	35	448.78	7	465.69	2	475.14	1	477.24
kozlov_uk	27	1	328.124082	21	280.03	5	296.97	1	303.58	1	303.58
kozlov_uk	27	2	804.022857	49	716.68	12	763.25	2	777.34	1	779.72
kozlov_uk	27	3	602.566531	33	550.3	6	570.37	2	580.47	1	581.81
kozlov_uk	27	4	611.160816	34	543.47	12	569.88	3	582.43	1	588.07
kozlov_uk	27	5	486.817959	30	438.01	8	456.24	1	465.55	1	465.55
kozlov_uk	27	6	468.636735	29	420.66	8	441.84	4	444.28	1	447.67
kozlov_uk	27	7	459.102041	28	405.54	14	421.33	3	431.53	1	436.31
kozlov_uk	27	8	403.252245	27	361.83	6	376.2	2	382.47	1	383.43
kozlov_uk	27	9	493.792653	27	453.11	8	467.82	2	470.46	1	473.78
kozlov_uk	27	10	337.057959	21	294.53	5	307.35	1	314.46	1	314.46
kozlov_uk	27	11	686.837551	45	625.32	8	654.03	2	661.39	1	662.86
kozlov_uk	27	12	204.434286	13	167.32	4	176.35	1	180.19	1	180.19
kozlov_uk	28	1	143.281633	9	107.06	3	110.79	1	115.22	1	115.22
kozlov_uk	28	2	347.689796	25	310.09	17	316.77	1	328.78	1	328.78
kozlov_uk	28	3	93.126531	5	67.48	1	72.44	1	72.44	1	72.44
kozlov_uk	28	4	250.540408	19	215.06	15	219.59	1	230.42	1	230.42
kozlov_uk	28	5	196.04898	15	166.64	10	170.26	1	176.06	1	176.06
kozlov_uk	28	6	130.612245	11	103.27	9	105.84	1	110.59	1	110.59
kozlov_uk	28	7	204.538776	16	175.45	12	179.05	1	185.24	1	185.24
kozlov_uk	28	8	171.102041	14	142.88	10	145.01	1	151.36	1	151.36
kozlov_uk	28	9	247.928163	17	210.86	13	214.09	1	227.24	1	227.24
kozlov_uk	28	10	222.119184	15	189.91	10	192.96	1	201.18	1	201.18
kozlov_uk	28	11	169.012245	11	135.48	9	138.88	1	147.21	1	147.21
kozlov_uk	28	12	174.236735	15	143.81	11	146.91	1	154.61	1	154.61
kozlov_uk	28	13	206.994286	15	174.28	10	177.13	1	185.1	1	185.1
kozlov_uk	28	14	150.83102	10	118.11	8	121.84	1	127.17	1	127.17
kozlov_uk	29	1	257.619592	20	218.79	18	221.08	2	232.56	1	233.76
kozlov_uk	29	2	482.327029	32	419.73	29	437.25	2	457.11	1	460.73
kozlov_uk	29	3	277.995102	21	237.1	18	240.67	1	254.81	1	254.81
kozlov_uk	30	1	228.310204	15	193.99	14	194.07	1	205.04	1	205.04
kozlov_uk	30	2	211.591837	16	179.08	15	180.97	1	190.28	1	190.28
kozlov_uk	30	3	204.90449	15	169.75	13	172.21	1	182.85	1	182.85
kozlov_uk	30	4	238.132245	13	204.3	12	206.17	1	217.32	1	217.32
kozlov_uk	30	5	339.147755	27	297.41	26	300.37	1	318.88	1	318.88
kozlov_uk	30	6	199.079184	14	167.76	13	168.24	1	178.99	1	178.99
kozlov_uk	30	7	248.633469	17	214.22	11	218.97	1	228.99	1	228.99
kozlov_uk	30	8	213.733878	14	183.47	11	185.23	1	194.21	1	194.21
kozlov_uk	30	9	266.422857	15	225.97	14	228.03	2	239.81	1	241.87
kozlov_uk	31	1	303.25551	21	256.65	19	257.51	1	277.72	1	277.72
kozlov_uk	32	1	250.592653	16	208.59	1	227.1	1	227.1	1	227.1
kozlov_uk	32	2	136.646531	11	105.79	8	109.59	1	115.22	1	115.22
kozlov_uk	32	3	144.274286	10	119.15	2	125.4	1	126.13	1	126.13
kozlov_uk	32	4	175.673469	11	145.86	3	152.95	1	155.0	1	155.0
kozlov_uk	33	1	246.256327	16	207.84	15	209.67	2	221.27	1	223.21
kozlov_uk	33	2	210.729796	13	176.01	12	177.56	3	186.45	1	189.71
kozlov_uk	33	3	182.595918	12	149.42	12	149.42	3	158.0	1	160.54
kozlov_uk	33	4	244.035918	14	209.28	12	210.48	2	222.61	1	223.44
kozlov_uk	33	5	196.04898	14	165.63	13	166.18	1	173.51	1	173.51
kozlov_uk	33	6	215.196735	16	180.89	16	180.89	2	193.58	1	195.24
kozlov_uk	33	7	294.008163	20	249.2	18	250.58	5	265.01	1	270.88
kozlov_uk	34	1	209.371429	14	169.54	10	175.6	1	186.3	1	186.3
kozlov_uk	34	2	216.032653	14	179.28	11	183.25	1	194.68	1	194.68
kozlov_uk	34	3	288.600816	19	241.37	14	248.61	1	265.67	1	265.67
kozlov_uk	35	1	239.56898	17	196.19	14	200.22	1	215.65	1	215.65
kozlov_uk	35	2	300.669388	20	253.62	18	257.09	1	279.41	1	279.41
kozlov_uk	35	3	250.122449	19	205.12	18	205.42	1	226.71	1	226.71
kozlov_uk	36	1	274.181224	18	233.72	17	235.53	1	250.32	1	250.32
kozlov_uk	36	2	244.48	15	213.53	14	214.17	1	224.09	1	224.09
kozlov_uk	36	3	309.133061	20	267.32	19	268.53	2	283.58	1	284.68
kozlov_uk	37	1	236.90449	15	191.98	1	213.2	1	213.2	1	213.2
kozlov_uk	37	2	368.300408	23	322.74	2	344.37	3	341.64	1	345.15
kozlov_uk	38	1	281.260408	17	237.34	2	256.1	1	257.54	1	257.54
kozlov_uk	38	2	232.385306	17	190.24	4	204.0	3	205.31	1	210.16
kozlov_uk	38	3	181.002449	10	146.54	1	158.14	1	158.14	1	158.14
kozlov_uk	38	4	202.161633	14	167.32	2	177.47	1	178.95	1	178.95
kozlov_uk	38	5	163.291429	11	132.13	1	142.66	2	140.43	1	142.66
kozlov_uk	38	6	206.315102	15	172.85	1	184.26	2	183.14	1	184.26
kozlov_uk	38	7	189.074286	14	156.93	4	165.49	1	168.37	1	168.37
kozlov_uk	38	8	350.876735	23	299.02	5	319.79	1	329.09	1	329.09
kozlov_uk	38	9	254.981224	17	213.94	3	228.09	1	231.33	1	231.33
kozlov_uk	38	10	190.537143	12	158.4	2	167.63	1	169.03	1	169.03
kozlov_uk	38	11	269.740408	17	234.15	7	241.35	1	247.61	1	247.61
kozlov_uk	38	12	231.366531	14	195.44	2	211.27	1	211.27	1	211.27
kozlov_uk	38	13	173.453061	9	143.25	4	149.54	2	149.21	1	151.11
kozlov_uk	38	14	335.046531	21	284.17	6	300.09	1	309.31	1	309.31
kozlov_uk	39	1	272.222041	14	231.73	4	243.51	1	247.98	1	247.98
kozlov_uk	39	2	290.220408	17	248.78	2	267.33	2	268.24	1	269.03
kozlov_uk	39	3	375.04	24	321.53	5	345.89	3	346.4	1	351.05
kozlov_uk	40	1	321.880816	25	270.76	6	284.44	2	291.81	1	294.89
kozlov_uk	40	2	323.369796	23	278.7	6	292.63	3	298.27	1	304.67
kozlov_uk	40	3	212.58449	17	182.35	3	190.09	2	191.76	1	194.29
kozlov_uk	40	4	298.422857	25	258.17	8	269.14	2	278.72	1	281.9
kozlov_uk	40	5	514.429388	48	458.88	11	482.53	4	492.84	1	496.66
kozlov_uk	40	6	414.72	34	373.19	12	383.14	5	389.65	1	397.77
kozlov_uk	40	7	324.493061	29	283.2	8	295.7	5	301.16	1	307.98
kozlov_uk	40	8	358.635102	34	317.26	11	327.51	5	335.06	1	343.32
kozlov_uk	40	9	408.711837	38	362.54	8	379.32	6	381.65	1	390.05
kozlov_uk	40	10	429.688163	42	385.52	10	400.28	2	411.16	1	411.97
kozlov_uk	40	11	318.667755	30	282.16	7	295.26	4	296.85	1	302.17
kozlov_uk	40	12	515.578776	50	464.91	10	486.42	7	487.52	1	498.49
kozlov_uk	40	13	594.703673	58	537.15	16	557.27	3	573.49	1	578.48
kozlov_uk	40	14	333.792653	36	294.07	6	309.3	4	312.54	1	317.07
kozlov_uk	40	15	381.309388	39	333.07	6	352.81	4	355.65	1	362.78
kozlov_uk	40	16	340.009796	28	293.13	5	313.77	4	314.2	1	321.97
kozlov_uk	40	17	327.157551	27	278.05	7	295.76	5	296.07	1	307.66
kozlov_uk	40	18	397.217959	35	354.61	8	370.67	5	372.76	1	379.29
kozlov_uk	40	19	346.540408	30	303.74	7	322.6	4	324.14	1	329.22
kozlov_uk	40	20	356.884898	34	309.31	7	327.42	4	330.08	1	337.87
kozlov_uk	40	21	536.790204	46	478.91	12	500.44	6	508.52	1	518.62
kozlov_uk	40	22	404.453878	46	349.27	11	369.87	5	374.99	1	384.58
kozlov_uk	40	23	385.227755	38	346.06	11	359.39	3	365.01	1	368.19
kozlov_uk	40	24	457.456327	51	403.45	11	427.77	4	432.68	1	437.91
kozlov_uk	40	25	464.953469	46	416.52	6	440.18	3	442.6	1	448.39
kozlov_uk	40	26	779.284898	75	701.35	13	743.63	10	744.97	1	761.24
kozlov_uk	40	27	683.154286	66	596.02	11	643.7	8	648.55	1	664.34
kozlov_uk	40	28	228.806531	20	191.32	4	204.22	3	204.49	1	208.09
kozlov_uk	41	1	462.236735	45	392.73	13	418.71	3	436.1	1	440.94
kozlov_uk	41	2	341.707755	28	293.04	5	314.35	3	318.1	1	323.68
kozlov_uk	41	3	348.26449	35	300.26	8	316.53	4	321.45	1	330.03
kozlov_uk	41	4	445.596735	41	383.82	13	406.49	3	420.97	1	427.88
kozlov_uk	41	5	449.227755	43	393.46	5	425.09	3	426.1	1	430.81
kozlov_uk	41	6	612.284082	56	544.33	9	581.39	5	585.55	1	594.94
kozlov_uk	41	7	394.945306	37	344.31	6	368.59	3	373.53	1	376.66
kozlov_uk	41	8	405.289796	38	351.65	8	375.49	5	379.59	1	388.86
kozlov_uk	41	9	532.062041	50	469.27	13	497.53	4	511.09	1	514.31
kozlov_uk	41	10	578.246531	52	509.53	8	546.51	6	549.5	1	560.84
kozlov_uk	41	11	358.948571	33	314.43	9	329.34	5	333.6	1	341.11
kozlov_uk	41	12	500.166531	44	438.35	11	464.6	6	467.97	1	482.05
kozlov_uk	41	13	349.779592	37	301.99	7	324.25	3	329.54	1	332.99
kozlov_uk	41	14	744.280816	72	647.48	18	695.81	5	716.26	1	725.87
kozlov_uk	41	15	444.16	47	378.79	9	413.18	4	421.62	1	427.31
kozlov_uk	41	16	222.746122	20	183.98	6	196.43	2	201.16	1	203.1
kozlov_uk	42	1	710.739592	80	622.65	15	661.66	5	678.55	1	687.71
kozlov_uk	42	2	480.914286	52	407.56	10	442.66	4	455.42	1	462.59
kozlov_uk	42	3	442.044082	38	401.03	6	419.16	3	423.97	1	428.07
kozlov_uk	42	4	503.849796	44	441.16	12	468.82	3	482.08	1	486.26
kozlov_uk	42	5	479.373061	39	416.28	6	449.14	4	451.46	1	459.11
kozlov_uk	42	6	603.167347	49	533.59	13	565.93	4	577.35	1	584.1
kozlov_uk	42	7	603.637551	50	532.61	8	572.78	4	575.35	1	583.1
kozlov_uk	42	8	702.61551	56	625.86	18	658.97	4	677.55	1	685.28
kozlov_uk	42	9	749.270204	62	659.66	17	704.29	9	710.61	1	729.53
kozlov_uk	42	10	531.043265	42	465.86	10	492.81	4	500.75	1	509.29
kozlov_uk	42	11	644.022857	54	578.25	12	605.34	4	617.49	1	626.36
kozlov_uk	42	12	676.127347	59	604.81	11	635.9	5	648.06	1	655.63
kozlov_uk	42	13	447.085714	35	394.37	9	413.49	6	415.69	1	427.91
kozlov_uk	42	14	414.51102	35	364.72	6	388.12	4	390.41	1	396.39
kozlov_uk	42	15	375.066122	32	327.37	4	348.57	3	350.27	1	354.1
kozlov_uk	42	16	398.550204	31	344.9	3	373.07	3	374.42	1	378.39
kozlov_uk	42	17	394.657959	37	342.32	6	364.85	3	370.86	1	375.99
kozlov_uk	42	18	460.826122	43	398.03	10	425.81	6	430.13	1	442.26
kozlov_uk	42	19	514.716735	48	445.86	10	476.93	5	485.21	1	493.81
kozlov_uk	42	20	487.523265	47	422.87	11	450.4	5	457.92	1	467.07
kozlov_uk	42	21	390.008163	38	337.67	10	355.51	3	365.76	1	369.11
kozlov_uk	42	22	698.618776	71	612.71	17	655.8	6	667.7	1	678.59
kozlov_uk	42	23	583.993469	56	503.31	13	544.85	7	551.48	1	562.63
kozlov_uk	42	24	513.933061	53	452.04	11	480.09	4	486.16	1	492.09
kozlov_uk	43	1	588.225306	51	490.65	10	543.3	3	557.26	1	562.33
kozlov_uk	43	2	266.553469	25	220.82	7	236.23	2	244.85	1	246.38
kozlov_uk	43	3	386.194286	36	333.83	6	359.73	2	364.17	1	368.29
kozlov_uk	43	4	572.995918	54	495.06	14	532.14	2	550.56	1	553.44
kozlov_uk	43	5	484.205714	47	428.87	5	460.82	2	465.09	1	465.61
kozlov_uk	43	6	713.822041	71	625.84	9	678.69	3	689.53	1	694.68
kozlov_uk	43	7	508.16	53	439.93	10	477.18	3	485.23	1	490.22
kozlov_uk	43	8	669.857959	59	594.24	11	637.88	3	646.45	1	650.76
kozlov_uk	43	9	441.756735	41	390.01	7	415.14	1	422.8	1	422.8
kozlov_uk	43	10	402.834286	42	343.92	8	371.23	3	378.36	1	384.0
kozlov_uk	43	11	572.421224	57	505.13	16	542.08	2	556.93	1	559.17
kozlov_uk	43	12	548.858776	50	480.97	12	511.46	4	523.92	1	530.14
kozlov_uk	43	13	428.669388	38	370.55	8	399.32	3	406.39	1	411.13
kozlov_uk	43	14	337.005714	31	291.24	5	312.08	2	316.33	1	317.77
kozlov_uk	43	15	303.934694	27	261.27	4	278.05	3	279.47	1	282.52
kozlov_uk	43	16	372.950204	33	320.61	5	350.09	3	351.23	1	356.2
kozlov_uk	43	17	297.900408	26	258.7	3	275.64	1	278.09	1	278.09
kozlov_uk	43	18	494.837551	40	420.99	8	461.92	4	467.77	1	474.93
kozlov_uk	43	19	542.902857	42	470.29	9	504.92	4	517.46	1	523.35
kozlov_uk	43	20	391.262041	31	336.35	6	358.88	4	363.4	1	371.62
kozlov_uk	43	21	380.395102	25	332.31	9	350.17	3	357.89	1	361.24
kozlov_uk	44	1	335.595102	26	285.33	7	303.43	3	309.28	1	314.5
kozlov_uk	44	2	499.983673	47	439.94	9	470.33	3	479.18	1	481.81
kozlov_uk	44	3	286.902857	26	249.25	2	266.69	2	266.69	1	268.47
kozlov_uk	44	4	400.43102	37	346.17	8	372.37	3	376.28	1	381.18
kozlov_uk	44	5	481.828571	42	414.85	8	449.13	4	457.33	1	463.67
kozlov_uk	44	6	184.502857	15	145.76	3	159.03	2	161.65	1	164.14
kozlov_uk	44	7	684.486531	60	605.16	10	646.85	2	662.67	1	666.0
kozlov_uk	44	8	444.081633	40	380.41	10	408.31	4	417.58	1	425.54
kozlov_uk	44	9	515.213061	43	444.71	8	482.35	3	491.89	1	495.58
kozlov_uk	44	10	523.284898	48	460.16	6	491.61	3	498.71	1	504.16
kozlov_uk	44	11	328.254694	30	271.61	4	299.97	2	302.81	1	306.23
kozlov_uk	44	12	333.792653	25	278.31	8	298.96	2	311.19	1	312.67
kozlov_uk	44	13	597.185306	52	520.12	11	558.67	3	573.76	1	578.44
kozlov_uk	44	14	306.860408	28	254.01	5	277.89	3	281.14	1	286.44
kozlov_uk	44	15	440.816327	41	376.31	9	407.02	3	416.64	1	421.29
kozlov_uk	44	16	456.515918	40	386.25	8	424.0	4	429.65	1	437.11
kozlov_uk	44	17	426.34449	34	373.09	10	397.15	4	402.0	1	407.17
kozlov_uk	44	18	332.199184	28	281.78	9	302.68	4	304.66	1	310.9
kozlov_uk	44	19	485.146122	40	425.43	7	453.9	2	462.18	1	464.84
kozlov_uk	44	20	429.662041	38	375.44	8	397.34	4	401.43	1	407.35
kozlov_uk	44	21	496.43102	40	432.14	9	464.75	3	470.92	1	477.13
kozlov_uk	44	22	384.470204	30	336.59	6	356.6	2	362.82	1	364.9
kozlov_uk	44	23	462.419592	35	396.91	8	433.04	3	439.68	1	443.89
kozlov_uk	44	24	337.92	27	288.66	8	306.43	3	311.49	1	316.79
kozlov_uk	44	25	371.617959	27	322.45	5	343.29	2	348.87	1	351.26
kozlov_uk	44	26	390.008163	32	344.87	6	361.61	2	367.26	1	370.38
kozlov_uk	44	27	490.370612	44	427.44	11	453.23	4	464.79	1	469.77
kozlov_uk	44	28	393.822041	31	338.99	8	364.82	3	369.3	1	373.93
kozlov_uk	45	1	374.543673	32	320.73	8	336.13	5	337.43	1	345.92
kozlov_uk	45	2	277.185306	29	242.47	4	255.55	3	255.87	1	259.59
kozlov_uk	45	3	283.350204	31	248.74	6	258.66	3	264.69	1	265.86
kozlov_uk	45	4	270.576327	25	234.82	3	251.16	3	251.16	1	253.19
kozlov_uk	45	5	243.487347	21	207.74	3	222.75	3	223.6	1	225.81
kozlov_uk	45	6	239.281633	23	206.78	4	219.38	3	218.52	1	222.07
kozlov_uk	45	7	285.884082	25	247.4	6	262.15	4	263.86	1	268.19
kozlov_uk	45	8	407.510204	39	361.5	9	381.5	5	384.74	1	390.26
kozlov_uk	45	9	339.826939	33	293.42	8	310.35	2	319.65	1	321.1
kozlov_uk	45	10	230.452245	21	193.08	5	208.03	2	209.26	1	211.6
kozlov_uk	45	11	390.269388	36	340.59	9	358.63	3	369.41	1	373.39
kozlov_uk	45	12	222.328163	21	190.01	3	201.3	3	201.3	1	204.25
kozlov_uk	45	13	182.543673	14	153.26	5	159.59	3	160.6	1	163.89
kozlov_uk	45	14	250.958367	23	216.03	4	230.02	1	231.97	1	231.97
kozlov_uk	45	15	342.857143	33	304.22	9	316.1	3	320.89	1	324.05
kozlov_uk	45	16	281.364898	27	240.98	6	254.18	4	255.64	1	260.62
kozlov_uk	46	1	328.907755	31	276.21	5	298.2	4	299.28	1	305.29
kozlov_uk	46	2	178.442449	16	145.88	4	154.04	1	158.57	1	158.57
kozlov_uk	46	3	238.837551	23	202.98	7	214.05	2	217.75	1	219.66
kozlov_uk	46	4	241.502041	21	202.44	3	214.47	1	221.38	1	221.38
kozlov_uk	46	5	159.477551	13	128.15	2	137.43	2	137.43	1	139.08
kozlov_uk	46	6	241.789388	20	206.13	2	220.01	2	220.01	1	221.75
kozlov_uk	46	7	456.202449	40	404.25	9	428.89	6	431.98	1	439.01
kozlov_uk	46	8	157.596735	13	127.87	2	136.32	1	138.48	1	138.48
kozlov_uk	46	9	300.669388	27	261.57	5	275.86	2	281.16	1	282.08
kozlov_uk	46	10	315.297959	33	271.95	9	290.1	2	295.29	1	295.76
kozlov_uk	46	11	330.422857	34	282.85	7	304.28	3	306.46	1	310.17
kozlov_uk	46	12	322.194286	31	279.88	6	297.59	3	300.13	1	304.28
kozlov_uk	46	13	153.835102	13	124.05	3	130.52	1	133.47	1	133.47
kozlov_uk	46	14	430.262857	40	381.52	6	403.87	2	410.05	1	411.85
kozlov_uk	46	15	547.030204	58	480.71	16	508.82	5	518.14	1	526.32
kozlov_uk	46	16	220.133878	24	176.58	8	187.38	3	193.58	1	196.12
kozlov_uk	47	1	311.24898	24	270.63	6	281.89	1	287.96	1	287.96
kozlov_uk	47	2	188.05551	17	159.27	6	163.7	1	170.14	1	170.14
kozlov_uk	47	3	194.873469	18	163.29	5	173.25	1	176.98	1	176.98
kozlov_uk	47	4	206.367347	18	176.43	4	184.19	1	188.16	1	188.16
kozlov_uk	47	5	228.04898	21	195.92	6	205.38	1	210.27	1	210.27
kozlov_uk	47	6	203.937959	18	172.69	3	183.4	1	184.34	1	184.34
kozlov_uk	47	7	228.310204	16	198.48	4	208.06	1	211.07	1	211.07
kozlov_uk	47	8	268.8	24	229.84	5	246.03	1	249.76	1	249.76
kozlov_uk	47	9	189.152653	15	161.81	4	167.86	1	171.25	1	171.25
kozlov_uk	47	10	225.645714	18	190.11	3	202.06	1	204.85	1	204.85
kozlov_uk	47	11	380.656327	33	333.45	6	354.33	1	360.15	1	360.15
kozlov_uk	47	12	291.343673	21	253.68	4	267.6	1	271.68	1	271.68
kozlov_uk	47	13	178.677551	13	145.63	4	153.59	1	157.08	1	157.08
kozlov_uk	48	1	250.462041	24	210.49	7	220.58	3	225.27	1	228.52
kozlov_uk	48	2	276.715102	21	240.67	3	254.62	2	256.21	1	258.34
kozlov_uk	48	3	335.098776	29	289.95	6	313.16	3	314.71	1	317.43
kozlov_uk	48	4	323.395918	31	278.17	8	294.52	3	301.42	1	303.99
kozlov_uk	48	5	268.277551	26	226.04	8	240.54	2	247.87	1	249.51
kozlov_uk	48	6	206.393469	18	164.15	6	177.95	2	183.52	1	185.31
kozlov_uk	49	1	253.23102	23	219.34	4	230.23	3	230.54	1	233.61
kozlov_uk	49	2	231.026939	22	200.09	5	211.84	3	211.87	1	213.97
kozlov_uk	49	3	217.573878	21	184.18	6	192.47	2	196.06	1	198.32
kozlov_uk	49	4	317.64898	32	274.84	5	293.85	3	296.19	1	299.1
kozlov_uk	49	5	281.521633	33	242.48	6	259.61	2	262.74	1	263.69
kozlov_uk	49	6	235.128163	24	198.49	6	209.53	4	210.87	1	213.68
kozlov_uk	50	1	324.858776	30	282.47	7	298.49	5	297.29	1	304.83
kozlov_uk	50	2	297.377959	30	255.98	6	272.32	4	273.27	1	278.9
kozlov_uk	50	3	248.11102	21	211.06	5	222.71	1	228.47	1	228.47
kozlov_uk	50	4	250.77551	23	209.49	6	221.79	1	228.25	1	228.25
kozlov_uk	51	1	333.270204	29	290.14	7	306.36	5	307.23	1	312.82
kozlov_uk	51	2	257.201633	23	218.63	5	233.01	2	237.38	1	238.92
kozlov_uk	51	3	263.131429	25	227.04	8	238.99	1	245.33	1	245.33
kozlov_uk	51	4	207.203265	18	169.63	5	180.3	2	184.15	1	185.07
kozlov_uk	52	1	141.296327	10	112.34	2	118.34	1	120.3	1	120.3
kozlov_uk	52	2	253.361633	20	217.84	4	228.91	2	232.25	1	234.39
kozlov_uk	52	3	159.242449	13	130.77	4	135.69	3	136.62	1	140.77
kozlov_uk	52	4	209.240816	18	176.68	5	185.02	2	188.8	1	190.73
kozlov_uk	52	5	228.675918	28	188.02	8	200.91	4	203.86	1	207.9
kozlov_uk	53	1	162.272653	12	133.29	2	141.74	3	139.3	1	143.71
kozlov_uk	53	2	209.475918	17	177.9	2	189.3	3	187.6	1	191.09
kozlov_uk	53	3	196.04898	18	157.55	5	169.24	2	172.59	1	174.19
kozlov_uk	54	1	256.862041	20	218.3	5	228.24	4	229.71	1	235.52
kozlov_uk	54	2	157.753469	15	128.26	2	137.07	2	137.07	1	139.05
kozlov_uk	54	3	187.428571	16	155.97	4	164.32	3	165.13	1	168.55
kozlov_uk	54	4	176.613878	16	144.59	3	155.53	3	154.04	1	157.08
kozlov_uk	54	5	271.986939	25	223.76	4	248.15	3	250.03	1	253.67
kozlov_uk	54	6	283.794286	21	240.68	6	253.21	3	256.77	1	262.14
kozlov_uk	55	1	229.903673	18	188.82	4	202.66	4	201.8	1	207.64
kozlov_uk	55	2	289.48898	26	244.62	5	263.49	3	265.33	1	269.28
kozlov_uk	55	3	199.915102	17	169.04	2	180.98	2	180.98	1	181.88
kozlov_uk	55	4	227.73551	22	186.62	5	200.45	4	201.55	1	205.82
kozlov_uk	56	1	199.653878	16	164.02	4	173.15	3	174.16	1	179.33
kozlov_uk	56	2	158.876735	15	129.9	2	138.33	4	134.78	1	140.37
kozlov_uk	56	3	176.195918	15	141.32	5	149.24	1	153.9	1	153.9
kozlov_uk	57	1	266.919184	25	221.97	7	236.13	4	239.79	1	243.34
kozlov_uk	58	1	206.08	14	169.27	8	174.78	2	182.69	1	184.64
kozlov_uk	58	2	240.796735	18	208.72	5	215.83	2	220.14	1	222.88
kozlov_uk	58	3	207.960816	19	178.3	5	185.59	2	188.0	1	188.71
kozlov_uk	58	4	226.45551	16	195.04	5	204.52	2	207.63	1	208.75
kozlov_uk	58	5	175.725714	14	143.47	5	151.2	1	158.1	1	158.1
kozlov_uk	58	6	232.019592	20	201.82	4	211.37	1	214.47	1	214.47
kozlov_uk	58	7	329.247347	28	286.73	5	305.27	2	309.05	1	310.92
kozlov_uk	58	8	214.595918	13	181.83	4	191.13	1	195.12	1	195.12
kozlov_uk	58	9	338.155102	28	297.95	7	313.01	4	315.74	1	320.78
kozlov_uk	58	10	392.986122	39	340.82	12	362.63	6	368.18	1	374.64
kozlov_uk	58	11	463.830204	40	415.03	10	436.05	4	442.03	1	446.33
kozlov_uk	58	12	375.013878	29	329.89	7	346.85	2	354.81	1	356.47
kozlov_uk	58	13	270.236735	25	224.37	7	239.28	2	249.01	1	249.92
kozlov_uk	59	1	306.02449	27	252.8	8	267.93	7	269.1	1	280.3
kozlov_uk	59	2	278.334694	26	241.3	7	254.83	3	257.86	1	260.52
kozlov_uk	59	3	208.091429	18	177.56	3	187.25	2	188.47	1	189.73
kozlov_uk	59	4	202.553469	17	170.42	4	179.1	3	179.91	1	182.21
kozlov_uk	59	5	243.147755	20	203.93	5	213.8	3	218.11	1	220.57
kozlov_uk	60	1	310.622041	25	267.68	6	279.14	4	282.32	1	290.84
kozlov_uk	60	2	291.108571	25	251.63	7	264.97	4	266.9	1	271.97
kozlov_uk	60	3	272.143673	22	240.66	4	250.63	3	251.95	1	254.82
kozlov_uk	60	4	215.013878	19	179.18	4	189.71	3	190.84	1	194.49
kozlov_uk	60	5	171.075918	14	138.03	7	143.39	3	146.98	1	149.19
kozlov_uk	61	1	277.054694	21	232.07	5	247.16	3	249.07	1	252.33
kozlov_uk	61	2	300.8	22	266.06	3	278.42	1	280.76	1	280.76
kozlov_uk	61	3	243.043265	18	207.83	4	217.41	3	218.0	1	220.22
kozlov_uk	62	1	141.583673	10	110.42	2	121.1	3	119.47	1	123.12
kozlov_uk	62	2	349.962449	29	300.83	8	320.14	1	329.93	1	329.93
kozlov_uk	62	3	286.641633	24	243.26	4	261.56	2	263.14	1	264.68
kozlov_uk	62	4	247.301224	21	207.01	4	225.46	3	225.35	1	229.06
kozlov_uk	62	5	236.930612	21	197.67	5	208.17	3	210.06	1	212.64
kozlov_uk	63	1	152.764082	13	130.0	3	139.0	4	137.45	1	142.61
kozlov_uk	64	1	148.845714	15	126.57	6	132.74	4	135.13	1	139.34
kozlov_uk	65	1	326.034286	25	288.49	7	304.56	4	309.33	1	315.39
kozlov_uk	66	1	280.189388	20	242.06	5	254.7	3	258.19	1	261.52
kozlov_uk	66	2	372.845714	29	326.53	5	349.21	4	349.21	1	355.84
kozlov_uk	66	3	315.663673	22	277.92	7	291.61	3	294.34	1	298.5
kozlov_uk	66	4	184.737959	11	151.41	2	164.07	1	166.36	1	166.36
kozlov_uk	66	5	204.120816	14	174.66	5	181.1	1	186.27	1	186.27
kozlov_uk	66	6	252.499592	17	215.67	5	226.94	1	234.37	1	234.37
kozlov_uk	66	7	257.38449	17	223.87	6	233.07	2	238.6	1	241.03
kozlov_uk	66	8	183.222857	13	154.03	8	157.74	2	164.69	1	165.45
kozlov_uk	66	9	268.120816	21	231.62	5	244.97	2	249.39	1	250.13
kozlov_uk	66	10	168.489796	11	140.1	1	150.48	2	148.97	1	150.48
kozlov_uk	66	11	276.062041	19	242.41	5	253.87	2	257.33	1	258.31
kozlov_uk	66	12	238.132245	18	200.04	4	214.05	3	214.76	1	219.01
kozlov_uk	66	13	251.715918	18	216.33	2	231.48	2	230.74	1	232.95
kozlov_uk	66	14	313.913469	20	275.82	8	287.0	3	293.16	1	296.74
kozlov_uk	66	15	136.672653	8	112.46	3	115.48	2	116.69	1	118.64
kozlov_uk	66	16	259.004082	21	222.69	9	230.68	1	241.36	1	241.36
kozlov_uk	66	17	258.45551	18	227.25	2	238.79	1	240.72	1	240.72
kozlov_uk	66	18	364.538776	24	329.24	7	339.61	1	346.52	1	346.52
kozlov_uk	66	19	297.273469	21	263.35	9	270.24	2	279.45	1	280.91
kozlov_uk	66	20	213.786122	15	185.45	4	192.33	3	193.54	1	196.26
kozlov_uk	66	21	355.030204	27	316.08	7	328.65	2	333.56	1	335.48
kozlov_uk	66	22	270.393469	21	240.64	10	247.64	3	253.11	1	255.31
npu_uk	19	1	77.808	6	60.98	3	63.46	1	65.66	1	65.66
npu_uk	19	2	126.336	12	106.32	3	114.82	1	117.39	1	117.39
npu_uk	19	3	97.128	9	83.55	1	90.12	1	90.12	1	90.12
npu_uk	19	4	110.76	9	91.29	5	96.34	1	102.37	1	102.37
npu_uk	19	5	168.024	13	146.07	4	157.37	1	161.22	1	161.22
npu_uk	19	6	120.576	11	98.3	4	109.11	1	112.88	1	112.88
npu_uk	19	7	194.568	18	177.57	3	185.89	1	187.69	1	187.69
npu_uk	19	8	114.72	10	97.68	4	102.72	1	106.69	1	106.69
npu_uk	19	9	380.64	39	350.12	11	364.02	1	372.92	1	372.92
npu_uk	19	10	76.584	7	65.77	3	68.3	1	69.15	1	69.15
npu_uk	19	11	91.32	9	77.98	4	81.37	1	83.86	1	83.86
npu_uk	19	12	73.392	6	62.17	2	65.07	1	65.7	1	65.7
npu_uk	19	13	90.216	7	78.03	4	79.87	1	83.08	1	83.08
npu_uk	19	14	69.504	5	59.49	2	60.93	1	62.65	1	62.65
npu_uk	19	15	113.76	11	99.19	4	103.69	1	106.21	1	106.21
npu_uk	19	16	162.336	15	147.23	6	151.81	1	155.04	1	155.04
npu_uk	19	17	457.152	51	422.25	11	442.71	1	449.9	1	449.9
npu_uk	19	18	156.096	15	139.8	4	145.67	1	148.16	1	148.16
npu_uk	19	19	108.576	10	94.88	2	100.27	1	101.13	1	101.13
npu_uk	19	20	138.192	14	119.59	3	128.94	1	130.74	1	130.74
npu_uk	19	21	310.656	32	280.32	12	292.48	1	302.95	1	302.95
npu_uk	19	22	81.936	6	67.35	2	72.01	1	74.07	1	74.07
npu_uk	19	23	103.368	10	89.96	4	94.12	1	95.87	1	95.87
npu_uk	19	24	213.768	22	188.85	7	199.75	1	205.24	1	205.24
npu_uk	19	25	103.872	12	91.25	4	94.63	1	96.23	1	96.23
npu_uk	19	26	180.528	14	163.21	6	168.89	1	173.69	1	173.69
npu_uk	19	27	123.216	9	107.84	5	110.43	1	115.78	1	115.78
npu_uk	19	28	110.208	11	95.89	3	99.58	1	102.42	1	102.42
npu_uk	19	29	135.816	13	120.47	5	124.54	1	127.54	1	127.54
npu_uk	19	30	271.728	25	244.72	7	257.32	1	264.38	1	264.38
npu_uk	19	31	142.032	11	126.03	5	131.36	1	134.7	1	134.7
npu_uk	19	32	179.328	22	157.75	7	164.84	1	170.35	1	170.35
npu_uk	19	33	209.592	23	180.94	7	195.83	1	201.81	1	201.81
npu_uk	19	34	282.36	28	257.6	8	270.29	1	274.67	1	274.67
npu_uk	19	35	135.096	13	120.11	4	125.26	1	127.65	1	127.65
npu_uk	19	36	375.024	40	343.97	22	352.15	1	368.11	1	368.11
npu_uk	19	37	195.72	23	171.67	6	184.51	1	188.88	1	188.88
npu_uk	19	38	162.936	14	145.75	5	151.54	1	155.76	1	155.76
npu_uk	19	39	220.032	18	199.84	7	207.2	1	212.3	1	212.3
npu_uk	19	40	134.04	14	118.55	4	124.75	1	126.8	1	126.8
npu_uk	19	41	152.04	12	132.35	6	140.16	1	144.31	1	144.31
npu_uk	19	42	75.024	5	64.87	2	65.93	1	66.77	1	66.77
npu_uk	19	43	236.232	27	215.34	8	224.62	1	228.36	1	228.36
npu_uk	19	44	197.04	18	179.33	6	187.15	1	189.74	1	189.74
npu_uk	19	45	117.048	12	100.98	5	106.24	1	109.46	1	109.46
npu_uk	19	46	84.024	10	72.27	3	75.73	1	76.83	1	76.83
npu_uk	19	47	119.04	15	102.56	7	107.76	1	112.13	1	112.13
npu_uk	19	48	173.064	21	157.65	5	163.33	1	165.77	1	165.77
npu_uk	19	49	210.024	23	187.44	4	199.8	1	202.48	1	202.48
npu_uk	19	50	197.328	20	172.95	5	185.53	1	189.76	1	189.76
npu_uk	19	51	111.024	10	93.69	3	100.23	1	102.29	1	102.29
npu_uk	19	52	96.888	7	84.49	4	87.26	1	89.56	1	89.56
npu_uk	19	53	89.064	8	75.3	4	78.29	1	81.01	1	81.01
npu_uk	19	54	228.432	24	207.46	8	215.41	1	220.75	1	220.75
npu_uk	19	55	134.904	14	118.45	6	122.83	1	126.29	1	126.29
npu_uk	19	56	131.688	12	116.72	8	118.96	1	123.83	1	123.83
npu_uk	19	57	117.672	12	104.35	4	108.41	1	109.79	1	109.79
npu_uk	19	58	193.68	18	178.55	6	184.84	1	186.03	1	186.03
npu_uk	19	59	148.032	13	132.15	3	138.72	1	140.03	1	140.03
npu_uk	19	60	83.04	9	70.26	5	73.49	1	75.95	1	75.95
npu_uk	19	61	134.52	13	117.29	3	125.56	1	127.03	1	127.03
npu_uk	19	62	107.904	12	93.7	4	98.03	1	99.31	1	99.31
npu_uk	19	63	108.672	11	93.04	5	97.63	1	100.23	1	100.23
npu_uk	19	64	137.256	14	120.65	3	128.19	1	128.98	1	128.98
npu_uk	19	65	184.368	20	169.39	3	175.31	1	176.23	1	176.23
npu_uk	19	66	73.08	8	62.33	3	64.53	1	65.36	1	65.36
npu_uk	19	67	341.376	36	314.72	9	328.46	1	333.73	1	333.73
npu_uk	19	68	335.232	37	309.48	10	322.8	1	327.91	1	327.91
npu_uk	19	69	71.04	6	60.77	3	62.25	1	63.3	1	63.3
npu_uk	19	70	231.144	24	213.47	8	218.9	1	222.93	1	222.93
npu_uk	19	71	177.024	20	156.56	7	163.58	1	168.75	1	168.75
npu_uk	19	72	225.696	28	202.24	10	210.8	1	218.54	1	218.54
npu_uk	19	73	202.104	23	177.9	6	188.6	1	194.16	1	194.16
npu_uk	19	74	93.024	11	79.81	3	84.27	1	84.89	1	84.89
npu_uk	19	75	113.04	13	97.98	4	103.45	1	105.15	1	105.15
npu_uk	19	76	192.024	21	169.57	7	179.94	1	184.32	1	184.32
npu_uk	19	77	600.024	72	561.7	6	587.71	1	591.67	1	591.67
npu_uk	19	78	148.032	13	131.48	5	135.63	1	139.36	1	139.36
npu_uk	19	79	178.824	20	159.83	8	165.67	1	170.26	1	170.26
npu_uk	19	80	152.4	17	136.21	5	143.06	1	144.63	1	144.63
npu_uk	19	81	67.08	8	56.16	5	57.36	1	59.19	1	59.19
npu_uk	19	82	139.296	19	123.74	5	128.16	1	130.88	1	130.88
npu_uk	19	83	137.256	13	118.65	5	125.18	1	128.36	1	128.36
npu_uk	19	84	112.68	14	95.23	4	101.72	1	104.27	1	104.27
npu_uk	19	85	168.672	17	148.69	5	156.18	1	159.64	1	159.64
npu_uk	19	86	68.304	7	54.16	3	58.49	1	59.63	1	59.63
npu_uk	19	87	171.384	19	152.77	6	160.2	1	163.19	1	163.19
npu_uk	19	88	392.568	53	355.25	9	377.91	1	383.54	1	383.54
npu_uk	19	89	164.568	17	143.1	5	152.56	1	155.12	1	155.12
npu_uk	19	90	135.024	16	120.93	4	125.48	1	127.15	1	127.15
npu_uk	19	91	118.848	16	103.36	5	108.72	1	110.62	1	110.62
npu_uk	19	92	59.424	5	47.95	3	49.38	1	50.72	1	50.72
npu_uk	19	93	181.632	23	162.4	6	169.55	1	171.91	1	171.91
npu_uk	19	94	106.536	11	92.57	3	96.64	1	97.62	1	97.62
npu_uk	19	95	120.192	13	107.58	4	110.46	1	111.43	1	111.43
npu_uk	19	96	100.392	12	88.98	3	91.05	1	91.79	1	91.79
npu_uk	19	97	81.288	9	72.12	3	72.47	1	73.33	1	73.33
npu_uk	19	98	95.616	9	83.0	4	84.51	1	85.99	1	85.99
npu_uk	19	99	55.344	5	45.21	2	46.08	1	46.45	1	46.45
npu_uk	19	100	89.472	8	79.47	7	79.56	1	82.03	1	82.03
npu_uk	19	101	232.056	29	211.4	5	222.19	1	224.34	1	224.34
npu_uk	19	102	190.512	22	174.07	6	180.73	1	182.84	1	182.84
npu_uk	19	103	292.224	35	264.68	9	277.8	1	284.21	1	284.21
npu_uk	19	104	340.68	45	310.85	8	327.61	1	331.85	1	331.85
npu_uk	19	105	345.48	48	322.13	12	332.43	1	336.11	1	336.11
npu_uk	19	106	314.064	43	290.82	9	302.21	1	306.44	1	306.44
npu_uk	19	107	115.416	14	101.48	3	107.44	1	108.21	1	108.21
npu_uk	19	108	261.504	31	245.25	5	252.96	1	253.84	1	253.84
npu_uk	19	109	76.488	7	66.66	4	67.76	1	69.11	1	69.11
npu_uk	19	110	90.144	10	78.74	4	80.73	1	82.27	1	82.27
npu_uk	19	111	95.616	10	82.03	4	85.66	1	87.59	1	87.59
npu_uk	19	112	60.12	9	52.14	4	52.38	1	52.78	1	52.78
npu_uk	19	113	180.264	26	167.06	10	171.09	1	172.93	1	172.93
npu_uk	19	114	75.12	9	62.81	5	65.16	1	66.82	1	66.82
npu_uk	19	115	65.568	10	56.66	5	56.8	1	57.37	1	57.37
npu_uk	19	116	23.256	2	15.13	1	15.28	1	15.28	1	15.28
npu_uk	19	117	200.064	29	183.67	10	188.17	1	191.08	1	191.08
npu_uk	19	118	1320.312	176	1148.82	1	1309.74	22	1222.1	1	1309.74
npu_uk	19	119	55.752	7	45.09	3	46.64	1	47.73	1	47.73
npu_uk	19	120	65.04	8	54.52	4	55.97	1	57.57	1	57.57
npu_uk	19	121	85.368	9	70.93	3	74.34	1	76.32	1	76.32
npu_uk	19	122	52.608	4	42.92	2	44.02	1	44.69	1	44.69
npu_uk	19	123	65.568	8	54.75	2	57.1	1	57.52	1	57.52
npu_uk	19	124	65.184	5	53.25	3	54.38	1	56.14	1	56.14
npu_uk	19	125	60.12	6	50.53	2	51.59	1	52.22	1	52.22
npu_uk	19	126	60.12	5	50.16	2	51.69	1	52.39	1	52.39
npu_uk	19	127	60.12	6	51.07	2	51.88	1	52.31	1	52.31
npu_uk	19	128	70.344	8	59.29	2	61.9	1	62.21	1	62.21
npu_uk	19	129	80.04	8	65.55	4	69.33	1	71.93	1	71.93
npu_uk	19	130	50.568	3	41.52	2	42.03	1	43.02	1	43.02
npu_uk	19	131	160.464	18	144.07	6	150.71	1	152.88	1	152.88
npu_uk	19	132	40.32	3	32.39	2	32.77	1	32.86	1	32.86
npu_uk	19	133	33.504	3	24.69	2	24.89	1	25.67	1	25.67
npu_uk	19	134	165.24	21	146.52	8	151.44	1	155.82	1	155.82
npu_uk	19	135	160.464	26	147.52	8	149.88	1	151.91	1	151.91
npu_uk	19	136	95.616	9	81.37	3	85.22	1	86.93	1	86.93
npu_uk	19	137	95.616	8	83.95	3	86.66	1	87.52	1	87.52
npu_uk	19	138	225.312	24	201.9	4	215.32	1	217.79	1	217.79
npu_uk	19	139	125.64	14	111.47	5	115.98	1	117.33	1	117.33
npu_uk	19	140	120.192	10	108.77	5	111.51	1	112.87	1	112.87
npu_uk	19	141	88.104	7	77.4	4	79.28	1	80.92	1	80.92
npu_uk	19	142	139.296	12	125.73	3	130.64	1	132.47	1	132.47
npu_uk	19	143	158.424	15	144.18	6	148.11	1	150.12	1	150.12
npu_uk	19	144	187.08	21	171.25	7	176.94	1	179.86	1	179.86
npu_uk	19	145	95.616	10	84.26	3	86.42	1	86.97	1	86.97
npu_uk	19	146	87.408	11	73.96	5	76.13	1	77.67	1	77.67
npu_uk	19	147	77.184	9	65.07	4	66.92	1	68.73	1	68.73
npu_uk	19	148	110.64	14	98.4	4	100.69	1	102.37	1	102.37
npu_uk	19	149	76.512	9	65.89	3	66.81	1	67.84	1	67.84
npu_uk	19	150	60.12	6	46.54	3	48.49	1	50.18	1	50.18
npu_uk	40	1	210.72	25	191.93	8	196.66	2	193.93	1	197.63
npu_uk	40	2	220.848	23	196.04	9	197.46	4	198.24	1	209.78
npu_uk	40	3	142.464	17	128.67	7	128.77	2	129.46	1	132.74
npu_uk	40	4	218.448	25	190.32	13	191.07	4	192.91	1	206.58
npu_uk	40	5	393.6	48	343.03	13	348.6	10	345.29	1	383.4
npu_uk	40	6	299.304	34	267.86	11	269.1	5	270.21	1	287.64
npu_uk	40	7	243.936	29	203.17	10	204.76	6	205.77	1	232.44
npu_uk	40	8	283.008	34	244.82	24	246.1	6	250.1	1	271.68
npu_uk	40	9	330.888	38	287.42	24	288.83	7	291.48	1	319.21
npu_uk	40	10	306.408	42	290.09	13	292.0	1	293.81	1	293.81
npu_uk	40	11	235.752	30	211.78	13	213.09	3	214.67	1	224.36
npu_uk	40	12	396.912	50	357.41	25	359.46	6	361.72	1	385.11
npu_uk	40	13	471.672	58	420.16	26	423.42	7	426.78	1	460.45
npu_uk	40	14	264.312	36	231.6	18	234.4	4	236.71	1	251.22
npu_uk	40	15	292.848	39	256.29	23	257.64	5	260.64	1	281.47
npu_uk	40	16	248.328	28	213.16	20	213.68	4	216.04	1	234.18
npu_uk	40	17	240.768	27	206.08	23	206.33	4	209.02	1	228.67
npu_uk	40	18	304.44	35	262.03	18	264.07	5	266.99	1	291.32
npu_uk	40	19	254.784	30	227.1	26	227.61	3	230.4	1	241.62
npu_uk	40	20	278.544	34	242.43	17	244.13	4	246.87	1	265.41
npu_uk	40	21	409.656	46	363.8	30	365.38	6	369.44	1	396.56
npu_uk	40	22	314.424	46	274.93	29	276.98	5	280.25	1	301.27
npu_uk	40	23	301.032	39	278.64	14	281.07	2	283.47	1	287.89
npu_uk	40	24	355.104	51	316.68	15	319.39	5	320.78	1	340.84
npu_uk	40	25	352.656	46	321.55	24	323.48	3	327.88	1	339.37
npu_uk	40	26	614.808	75	547.29	55	549.07	9	556.69	1	600.82
npu_uk	40	27	512.304	66	458.54	35	462.49	7	468.24	1	498.73
npu_uk	40	28	160.032	20	137.86	6	138.69	3	139.42	1	148.55
npu_uk	41	1	383.568	45	321.82	21	325.12	9	327.27	1	368.58
npu_uk	41	2	263.544	28	233.46	17	235.34	4	237.39	1	251.57
npu_uk	41	3	266.304	35	231.03	13	238.09	5	234.64	1	255.06
npu_uk	41	4	336.912	41	293.77	15	298.27	6	300.81	1	325.42
npu_uk	41	5	340.824	43	313.56	18	318.19	2	321.63	1	328.81
npu_uk	41	6	464.472	56	420.62	22	425.32	6	428.12	1	451.5
npu_uk	41	7	305.04	37	271.48	14	274.32	4	276.7	1	293.01
npu_uk	41	8	336.6	38	286.46	21	288.97	7	291.21	1	324.39
npu_uk	41	9	433.8	50	381.53	35	382.64	7	389.16	1	425.51
npu_uk	41	10	463.824	52	410.78	36	413.2	6	420.06	1	452.83
npu_uk	41	11	293.112	33	255.4	18	257.33	5	259.89	1	281.03
npu_uk	41	12	410.808	44	357.23	25	360.6	7	363.8	1	397.34
npu_uk	41	13	278.208	37	252.0	12	254.31	3	255.82	1	265.63
npu_uk	41	14	610.224	72	548.11	53	551.58	9	559.33	1	599.07
npu_uk	41	15	375.264	47	330.43	24	334.78	6	339.18	1	363.81
npu_uk	41	16	182.736	20	153.96	8	156.09	3	157.54	1	171.1
npu_uk	42	1	590.616	80	531.5	31	535.3	7	541.02	1	576.27
npu_uk	42	2	416.088	52	369.31	17	374.72	5	378.35	1	405.28
npu_uk	42	3	341.952	38	317.99	14	319.29	3	321.23	1	330.66
npu_uk	42	4	390.408	44	338.87	30	340.44	6	345.85	1	377.85
npu_uk	42	5	363.864	39	326.91	26	328.68	5	333.66	1	352.52
npu_uk	42	6	479.016	49	421.75	19	428.5	8	427.88	1	467.12
npu_uk	42	7	461.568	50	419.46	28	421.86	5	427.92	1	451.01
npu_uk	42	8	566.256	56	500.95	30	505.67	7	515.74	1	549.85
npu_uk	42	9	570.792	62	496.81	37	501.04	12	505.85	1	559.08
npu_uk	42	10	382.08	42	341.53	26	344.23	5	348.35	1	369.93
npu_uk	42	11	496.632	54	441.2	27	445.31	7	448.72	1	484.29
npu_uk	42	12	508.944	59	452.73	24	457.23	8	460.59	1	496.65
npu_uk	42	13	325.944	35	281.71	19	284.4	6	286.76	1	314.21
npu_uk	42	14	308.352	35	274.37	19	276.94	4	280.18	1	296.36
npu_uk	42	15	274.344	32	247.52	11	250.43	3	252.41	1	262.14
npu_uk	42	16	291.0	31	262.92	16	264.83	3	267.8	1	278.87
npu_uk	42	17	296.952979	37	263.43	18	266.24	3	269.9	1	284.65
npu_uk	42	18	357.768	43	307.78	30	310.75	6	316.13	1	345.98
npu_uk	42	19	365.976	48	329.97	31	332.51	4	339.3	1	353.63
npu_uk	42	20	373.176	47	325.84	32	328.53	6	334.94	1	361.61
npu_uk	42	21	296.832	38	254.8	17	257.75	6	259.77	1	286.21
npu_uk	42	22	558.648	71	489.78	40	494.74	10	501.86	1	546.48
npu_uk	42	23	441.552	56	395.34	25	401.27	6	405.4	1	429.9
npu_uk	42	24	370.752	53	336.99	20	341.2	4	343.48	1	358.92
npu_uk	43	1	416.928	51	368.36	29	372.08	5	377.42	1	400.68
npu_uk	43	2	196.656	25	173.46	15	175.44	2	179.62	1	184.62
npu_uk	43	3	293.952	36	269.33	15	272.78	2	276.06	1	282.24
npu_uk	43	4	428.328	54	392.0	33	395.2	4	401.18	1	416.76
npu_uk	43	5	371.352	47	340.09	19	344.4	3	348.33	1	357.47
npu_uk	43	6	550.416	71	508.1	43	512.55	4	522.5	1	538.22
npu_uk	43	7	391.104	53	353.62	39	356.26	4	363.34	1	378.54
npu_uk	43	8	504.024	59	455.54	41	464.9	6	467.71	1	496.33
npu_uk	43	9	331.248	41	300.07	32	301.12	3	308.58	1	318.39
npu_uk	43	10	304.2	42	278.8	16	282.49	2	286.36	1	291.87
npu_uk	43	11	425.688	57	387.72	39	390.67	4	397.84	1	414.59
npu_uk	43	12	426.336	50	383.77	29	388.2	4	396.04	1	413.53
npu_uk	43	13	325.512	38	293.29	24	295.62	3	300.69	1	312.44
npu_uk	43	14	256.608	31	235.34	13	237.33	2	239.38	1	244.41
npu_uk	43	15	249.432	27	223.76	5	227.66	3	227.98	1	238.25
npu_uk	43	16	278.568	33	257.88	12	261.53	2	264.05	1	269.95
npu_uk	43	17	233.04	26	207.81	1	221.56	3	210.63	1	221.56
npu_uk	43	18	385.944	40	337.76	35	338.26	6	346.8	1	373.93
npu_uk	43	19	426.48	42	389.84	23	395.29	4	401.94	1	413.01
npu_uk	43	20	298.944	31	260.41	17	262.52	5	266.19	1	287.27
npu_uk	43	21	271.608	25	247.64	20	248.63	2	252.47	1	257.74
npu_uk	44	1	279.024	26	245.07	12	249.1	2	254.9	1	261.02
npu_uk	44	2	420.288	47	381.63	13	393.57	3	398.44	1	405.89
npu_uk	44	3	256.536	26	227.85	8	236.43	2	238.35	1	242.06
npu_uk	44	4	324.312	37	285.56	14	295.01	3	300.98	1	309.31
npu_uk	44	5	390.216	42	350.73	19	356.98	3	364.95	1	376.57
npu_uk	44	6	153.168	15	130.85	7	133.03	2	135.3	1	139.0
npu_uk	44	7	555.6	60	508.15	16	526.0	2	536.68	1	542.43
npu_uk	44	8	375.936	40	334.4	18	345.51	3	352.92	1	362.89
npu_uk	44	9	450.672	43	399.72	22	411.98	5	422.19	1	437.25
npu_uk	44	10	427.032	48	386.52	25	396.28	3	407.61	1	412.74
npu_uk	44	11	248.928	30	219.34	8	228.51	2	231.08	1	235.51
npu_uk	44	12	257.976	25	221.45	10	227.82	4	231.06	1	244.13
npu_uk	44	13	441.168	52	407.3	14	419.55	3	419.42	1	430.33
npu_uk	44	14	275.664	28	239.6	6	250.91	3	251.63	1	260.72
npu_uk	44	15	426.984	41	372.74	6	396.54	3	401.08	1	411.73
npu_uk	44	16	412.128	40	362.94	12	377.11	4	379.12	1	395.32
npu_uk	44	17	363.72	34	323.06	12	333.89	3	340.73	1	348.51
npu_uk	44	18	283.656	28	249.53	9	256.2	3	259.32	1	268.8
npu_uk	44	19	407.04	40	364.45	12	378.82	2	386.78	1	392.02
npu_uk	44	20	356.04	38	308.9	5	329.85	3	331.56	1	339.68
npu_uk	44	21	440.832	40	381.99	11	410.77	4	414.68	1	425.83
npu_uk	44	22	322.656	30	282.01	15	294.63	3	303.57	1	312.0
npu_uk	44	23	372.024	35	326.66	19	339.93	3	351.04	1	359.48
npu_uk	44	24	264.792	27	233.83	7	243.68	2	247.62	1	251.52
npu_uk	44	25	289.032	27	259.1	14	261.83	3	265.58	1	275.53
npu_uk	44	26	300.864	32	268.31	12	279.7	1	285.42	1	285.42
npu_uk	44	27	416.904	44	364.43	7	391.47	3	394.33	1	402.22
npu_uk	44	28	333.816	31	295.03	12	307.27	3	315.22	1	320.82
npu_uk	45	1	315.792	32	280.08	10	286.72	4	289.16	1	301.17
npu_uk	45	2	253.152	29	225.45	6	234.93	2	237.76	1	242.48
npu_uk	45	3	255.576	31	222.82	7	232.37	3	234.68	1	242.77
npu_uk	45	4	231.864	25	204.01	5	213.95	1	217.02	1	217.02
npu_uk	45	5	231.072	21	202.09	7	210.19	2	213.56	1	217.56
npu_uk	45	6	226.848	23	203.32	6	207.68	2	209.75	1	213.25
npu_uk	45	7	275.712	25	246.56	6	255.85	2	258.65	1	262.26
npu_uk	45	8	374.784	39	337.32	11	348.4	3	352.85	1	359.96
npu_uk	45	9	301.536	33	269.24	11	276.41	3	278.89	1	287.39
npu_uk	45	10	196.2	21	178.12	8	183.77	1	187.44	1	187.44
npu_uk	45	11	374.256	36	331.81	9	348.07	4	347.81	1	360.91
npu_uk	45	12	229.656	21	196.49	6	206.52	2	210.18	1	215.73
npu_uk	45	13	179.472	14	150.52	4	156.95	3	158.12	1	166.44
npu_uk	45	14	238.416	23	214.07	7	222.19	1	225.26	1	225.26
npu_uk	45	15	335.472	33	291.0	12	302.11	3	310.43	1	323.91
npu_uk	45	16	258.696	27	230.27	21	232.4	2	239.21	1	244.25
npu_uk	46	1	292.152	31	249.66	9	259.97	4	264.54	1	277.48
npu_uk	46	2	160.272	16	135.4	3	141.44	2	142.03	1	146.94
npu_uk	46	3	211.104	23	186.09	5	196.29	1	198.91	1	198.91
npu_uk	46	4	225.528	21	197.94	3	208.99	1	210.69	1	210.69
npu_uk	46	5	153.432	13	128.53	4	136.1	1	139.73	1	139.73
npu_uk	46	6	223.968	20	194.83	4	203.82	2	205.82	1	210.57
npu_uk	46	7	445.824	40	401.65	11	417.97	3	423.94	1	431.95
npu_uk	46	8	161.736	13	135.33	5	143.3	1	147.29	1	147.29
npu_uk	46	9	286.608	27	249.89	8	262.08	2	267.13	1	272.65
npu_uk	46	10	311.976	33	273.45	8	285.25	3	288.1	1	298.87
npu_uk	46	11	301.104	34	267.17	10	280.72	3	282.56	1	291.22
npu_uk	46	12	275.832	31	245.45	7	255.42	2	258.38	1	263.59
npu_uk	46	13	145.776	13	124.63	5	129.68	1	133.29	1	133.29
npu_uk	46	14	358.776	40	318.36	7	337.97	2	342.06	1	345.49
npu_uk	46	15	488.832	58	434.59	14	455.75	3	462.36	1	471.23
npu_uk	46	16	193.272	24	165.15	9	170.92	3	173.84	1	183.39
npu_uk	47	1	270.6	24	232.54	8	237.68	3	241.06	1	253.08
npu_uk	47	2	153.24	17	124.13	3	136.47	3	130.84	1	144.32
npu_uk	47	3	170.4	18	147.6	4	152.88	2	153.86	1	160.61
npu_uk	47	4	177.504	18	157.39	5	162.83	1	164.06	1	164.06
npu_uk	47	5	208.68	21	181.43	4	188.58	2	188.7	1	194.35
npu_uk	47	6	196.992	18	168.34	6	171.72	3	173.37	1	186.77
npu_uk	47	7	206.448	16	183.45	5	187.79	2	189.4	1	195.15
npu_uk	47	8	232.032	24	201.1	6	210.89	2	213.18	1	218.82
npu_uk	47	9	166.08	15	145.36	4	147.89	2	149.88	1	156.18
npu_uk	47	10	189.408	18	164.12	3	172.43	1	174.27	1	174.27
npu_uk	47	11	325.944	33	288.33	5	302.61	2	305.12	1	311.31
npu_uk	47	12	267.96	21	238.11	4	246.98	2	247.35	1	253.03
npu_uk	47	13	171.816	13	143.04	5	148.71	2	151.32	1	158.38
npu_uk	48	1	225.672	24	185.08	6	195.98	3	199.23	1	209.66
npu_uk	48	2	248.64	21	218.86	7	226.48	2	229.27	1	236.42
npu_uk	48	3	312.432	29	271.16	8	286.66	3	289.87	1	299.72
npu_uk	48	4	308.88	31	262.7	7	277.55	3	282.26	1	299.14
npu_uk	48	5	245.472	26	212.32	3	226.67	2	227.34	1	232.73
npu_uk	48	6	186.528	18	153.57	2	165.82	2	165.82	1	174.22
npu_uk	49	1	222.984	23	192.8	4	199.35	3	200.32	1	207.9
npu_uk	49	2	211.104	22	179.84	6	187.94	2	193.46	1	198.06
npu_uk	49	3	208.104	21	177.05	4	184.11	2	186.03	1	192.35
npu_uk	49	4	289.44	32	254.66	5	267.48	2	269.67	1	276.13
npu_uk	49	5	277.032	33	248.97	6	259.18	2	261.48	1	267.62
npu_uk	49	6	233.04	24	188.4	9	194.08	4	197.36	1	220.38
npu_uk	50	1	306.696	30	267.87	9	275.56	3	279.26	1	291.03
npu_uk	50	2	308.04	30	263.06	6	273.35	3	276.16	1	293.03
npu_uk	50	3	229.272	21	202.27	7	206.67	2	208.67	1	214.96
npu_uk	50	4	251.952	23	210.97	10	216.76	4	222.72	1	242.48
npu_uk	51	1	331.488	29	291.22	7	295.61	4	297.36	1	315.99
npu_uk	51	2	268.056	23	240.46	6	243.94	3	244.93	1	258.11
npu_uk	51	3	254.328	25	222.58	9	226.84	2	230.28	1	239.09
npu_uk	51	4	214.896	18	180.82	10	183.78	3	189.63	1	203.17
npu_uk	52	1	153.024	10	131.75	3	135.5	2	136.79	1	143.87
npu_uk	52	2	251.472	20	225.65	3	230.89	2	231.28	1	237.11
npu_uk	52	3	163.872	13	136.17	3	143.35	2	144.27	1	152.92
npu_uk	52	4	201.144	18	172.05	4	178.26	2	179.81	1	185.79
npu_uk	52	5	212.544	28	178.14	9	186.0	2	191.32	1	198.04
npu_uk	53	1	171.312	12	139.72	5	144.66	2	146.17	1	152.78
npu_uk	53	2	206.544	17	174.78	5	181.03	2	183.42	1	191.69
npu_uk	53	3	200.4	18	159.91	7	165.81	3	170.1	1	184.97
npu_uk	54	1	250.032	20	207.46	7	212.96	4	215.58	1	234.55
npu_uk	54	2	145.848	15	122.78	3	128.02	1	131.62	1	131.62
npu_uk	54	3	173.64	16	147.45	5	151.73	2	154.27	1	160.0
npu_uk	54	4	162.96	16	143.69	4	149.75	1	152.73	1	152.73
npu_uk	54	5	274.824	25	241.55	9	251.4	1	259.17	1	259.17
npu_uk	54	6	294.768	21	259.51	6	268.41	3	271.46	1	284.96
npu_uk	55	1	236.784	18	198.77	7	205.98	3	209.37	1	220.51
npu_uk	55	2	308.448	26	274.74	6	285.69	2	287.32	1	292.84
npu_uk	55	3	201.312	17	173.5	3	180.54	2	181.02	1	187.81
npu_uk	55	4	237.456	22	200.7	8	209.07	3	213.33	1	226.82
npu_uk	56	1	223.296	16	185.85	4	192.67	3	192.85	1	207.87
npu_uk	56	2	170.712	15	143.23	6	147.61	1	152.53	1	152.53
npu_uk	56	3	186.696	15	159.5	5	163.27	2	166.13	1	171.54
npu_uk	57	1	264.024	25	220.0	10	230.18	4	235.55	1	251.65
npu_uk	58	1	177.816	14	145.29	8	149.4	2	156.18	1	161.35
npu_uk	58	2	233.208	18	197.09	6	203.46	2	209.38	1	218.16
npu_uk	58	3	205.488	19	174.6	4	183.15	2	184.79	1	190.97
npu_uk	58	4	211.08	16	182.0	6	186.92	2	189.78	1	195.31
npu_uk	58	5	154.032	14	130.8	5	134.9	2	137.79	1	143.28
npu_uk	58	6	220.968	20	195.78	5	202.17	2	204.74	1	210.31
npu_uk	58	7	344.472	28	302.74	8	316.67	2	322.07	1	328.27
npu_uk	58	8	179.904	13	157.6	4	163.28	1	164.87	1	164.87
npu_uk	58	9	337.68	28	299.97	6	312.91	2	317.6	1	323.02
npu_uk	58	10	379.728	39	337.15	13	350.92	2	357.98	1	364.69
npu_uk	58	11	404.64	40	370.99	18	380.13	1	390.79	1	390.79
npu_uk	58	12	333.168	29	295.54	9	304.65	3	310.01	1	321.95
npu_uk	58	13	246.888	25	212.12	14	216.91	2	224.98	1	232.07
npu_uk	59	1	279.024	27	228.42	8	236.02	5	237.93	1	263.16
npu_uk	59	2	261.336	26	226.99	4	238.82	2	240.21	1	246.25
npu_uk	59	3	193.056	18	164.46	6	170.6	2	172.53	1	180.11
npu_uk	59	4	188.472	17	153.97	5	159.99	3	161.82	1	174.43
npu_uk	59	5	228.48	20	191.5	7	198.5	3	201.17	1	213.97
npu_uk	60	1	281.76	25	240.56	7	248.87	3	251.07	1	264.32
npu_uk	60	2	259.008	25	224.75	7	231.77	4	233.61	1	249.53
npu_uk	60	3	260.448	22	230.41	4	239.19	2	241.24	1	246.82
npu_uk	60	4	206.424	19	177.57	4	184.71	2	186.23	1	191.97
npu_uk	60	5	149.616	14	126.91	8	129.27	2	132.77	1	136.94
npu_uk	61	1	246.672	21	207.21	8	212.79	3	216.89	1	232.38
npu_uk	61	2	270.384	22	249.32	4	256.63	1	257.67	1	257.67
npu_uk	61	3	213.024	18	193.41	7	197.81	1	201.6	1	201.6
npu_uk	62	1	136.632	10	103.38	3	107.62	2	108.87	1	120.66
npu_uk	62	2	336.72	29	277.97	12	291.3	7	291.28	1	326.86
npu_uk	62	3	245.64	24	217.74	6	225.62	2	228.45	1	235.35
npu_uk	62	4	223.824	21	192.26	6	200.06	2	203.36	1	208.89
npu_uk	62	5	238.8	21	199.55	5	207.44	3	209.81	1	223.52
npu_uk	63	1	147.24	13	117.01	7	119.39	3	123.28	1	134.5
npu_uk	64	1	154.32	15	116.04	5	122.04	3	124.9	1	141.82
npu_uk	65	1	311.808	25	269.69	7	279.4	4	281.4	1	298.96
npu_uk	66	1	257.664	20	222.8	8	229.1	3	232.44	1	244.6
npu_uk	66	2	394.032	29	331.94	1	379.16	4	357.02	1	379.16
npu_uk	66	3	319.752	22	280.1	1	306.66	3	294.72	1	306.66
npu_uk	66	4	181.536	11	160.13	3	166.01	1	168.46	1	168.46
npu_uk	66	5	203.76	14	182.79	5	188.82	1	191.18	1	191.18
npu_uk	66	6	264.24	17	236.94	7	245.2	1	252.13	1	252.13
npu_uk	66	7	289.032	17	256.66	6	269.51	2	266.64	1	273.88
npu_uk	66	8	175.344	13	148.55	9	150.14	2	155.98	1	161.03
npu_uk	66	9	269.256	21	240.2	6	251.74	1	257.54	1	257.54
npu_uk	66	10	165.432	11	144.92	4	149.04	1	150.95	1	150.95
npu_uk	66	11	265.44	19	229.49	8	236.95	2	243.93	1	251.08
npu_uk	66	12	249.84	18	220.05	5	232.04	1	236.14	1	236.14
npu_uk	66	13	249.0	18	216.65	5	228.49	2	231.15	1	236.39
npu_uk	66	14	316.776	20	276.46	7	288.69	3	293.25	1	302.42
npu_uk	66	15	132.192	8	110.76	2	116.34	1	116.44	1	116.44
npu_uk	66	16	257.592	21	228.25	11	231.94	1	242.34	1	242.34
npu_uk	66	17	246.648	18	221.33	7	227.86	1	232.74	1	232.74
npu_uk	66	18	380.208	24	336.78	8	347.05	3	350.83	1	363.82
npu_uk	66	19	308.232	21	274.8	10	279.59	2	284.41	1	291.54
npu_uk	66	20	231.888	15	197.63	4	206.27	3	207.39	1	218.01
npu_uk	66	21	352.92	27	314.53	6	326.83	2	332.15	1	337.63
npu_uk	66	22	310.08	21	261.8	12	267.55	3	278.6	1	295.23
prozorovsky	1	1	483.552653	31	440.08	11	453.01	1	466.38	1	466.38
prozorovsky	1	2	322.377143	25	289.67	9	302.5	2	314.81	1	316.75
prozorovsky	1	3	424.881633	24	390.08	9	407.25	1	417.92	1	417.92
prozorovsky	1	4	327.262041	26	303.8	10	314.94	3	321.42	1	323.83
prozorovsky	1	5	246.569796	32	223.86	11	232.63	1	243.23	1	243.23
prozorovsky	1	6	272.117551	22	254.05	7	261.53	2	266.89	1	267.57
prozorovsky	1	7	272.718367	24	251.61	7	261.12	2	266.85	1	268.4
prozorovsky	1	8	253.962449	22	233.73	8	241.79	1	249.7	1	249.7
prozorovsky	1	9	365.609796	29	336.23	13	346.26	2	358.74	1	361.2
prozorovsky	1	10	282.044082	32	257.05	9	269.38	1	278.74	1	278.74
prozorovsky	1	11	322.951837	32	292.31	14	303.23	2	316.39	1	317.96
prozorovsky	1	12	269.270204	20	250.54	7	258.32	2	263.24	1	264.85
prozorovsky	1	13	219.715918	18	202.35	6	209.2	1	215.84	1	215.84
prozorovsky	1	14	332.146939	24	312.86	7	321.94	2	327.4	1	328.28
prozorovsky	1	15	264.646531	21	242.02	10	247.6	1	260.39	1	260.39
prozorovsky	1	16	213.315918	16	192.59	8	199.63	1	208.34	1	208.34
prozorovsky	1	17	363.807347	27	339.95	6	353.04	1	359.74	1	359.74
prozorovsky	1	18	456.646531	33	422.74	15	433.81	2	450.57	1	451.69
prozorovsky	1	19	542.876735	38	498.72	15	515.12	2	536.48	1	538.4
prozorovsky	1	20	246.230204	18	226.72	9	230.56	1	240.44	1	240.44
prozorovsky	1	21	392.96	33	362.37	14	373.32	3	386.97	1	389.42
prozorovsky	1	22	353.044898	24	328.98	8	339.45	2	347.6	1	348.86
prozorovsky	1	23	263.288163	20	243.39	8	251.54	1	258.88	1	258.88
prozorovsky	1	24	994.115918	66	933.28	21	964.31	1	988.6	1	988.6
prozorovsky	1	25	400.692245	34	365.94	13	381.6	3	392.46	1	395.84
prozorovsky	1	26	505.521633	35	464.04	13	485.25	3	497.77	1	500.54
prozorovsky	1	27	674.612245	46	624.34	14	652.0	1	669.5	1	669.5
prozorovsky	1	28	332.956735	22	308.6	6	318.85	2	325.07	1	327.06
prozorovsky	1	29	497.057959	35	448.46	10	475.91	2	488.76	1	491.13
prozorovsky	1	30	529.397551	43	483.81	15	501.07	2	524.77	1	526.01
prozorovsky	1	31	673.149388	55	630.57	17	650.62	1	668.39	1	668.39
prozorovsky	1	32	446.641633	32	410.66	11	425.43	1	442.64	1	442.64
prozorovsky	1	33	244.662857	20	222.44	5	232.19	1	237.64	1	237.64
prozorovsky	1	34	371.121633	31	343.23	8	356.83	1	365.64	1	365.64
prozorovsky	1	35	350.772245	28	323.98	11	335.97	2	344.04	1	344.94
prozorovsky	1	36	413.309388	40	377.1	32	379.37	2	407.62	1	408.2
prozorovsky	1	37	465.136327	36	430.82	13	446.85	2	459.33	1	460.38
prozorovsky	1	38	392.228571	30	357.9	9	377.26	1	386.17	1	386.17
prozorovsky	1	39	286.746122	23	268.52	4	279.58	1	282.76	1	282.76
prozorovsky	1	40	242.02449	23	222.45	7	230.84	1	236.95	1	236.95
prozorovsky	1	41	712.228571	57	658.39	13	692.47	2	706.63	1	708.19
prozorovsky	1	42	478.302041	38	443.89	13	463.21	1	474.13	1	474.13
prozorovsky	1	43	475.585306	34	439.63	12	458.77	1	471.6	1	471.6
prozorovsky	1	44	421.877551	34	390.06	13	403.01	1	417.58	1	417.58
prozorovsky	1	45	349.413878	28	324.95	7	338.1	1	344.49	1	344.49
prozorovsky	1	46	421.172245	34	388.64	23	395.73	1	416.84	1	416.84
prozorovsky	1	47	459.807347	31	428.34	14	439.75	2	454.2	1	455.53
prozorovsky	1	48	371.069388	22	348.39	9	358.62	1	366.98	1	366.98
prozorovsky	1	49	511.190204	33	470.31	5	498.34	2	503.67	1	504.54
prozorovsky	1	50	387.604898	26	356.99	7	369.93	2	380.58	1	382.66
prozorovsky	2	1	244.427755	22	31.26	4	33.52	1	33.52	1	33.52
prozorovsky	2	2	337.110204	25	315.13	5	330.8	3	333.51	1	335.55
prozorovsky	2	3	438.961633	22	414.83	5	429.92	1	433.81	1	433.81
prozorovsky	2	4	495.56898	31	93.84	8	98.5	2	99.39	1	99.39
prozorovsky	2	5	308.349388	23	283.12	5	297.16	1	302.94	1	302.94
prozorovsky	2	6	426.579592	30	393.99	17	405.12	4	419.43	1	422.42
prozorovsky	2	7	395.258776	25	371.94	6	383.04	4	384.8	1	389.97
prozorovsky	2	8	540.395102	32	505.41	6	529.48	3	532.84	1	535.66
prozorovsky	2	9	540.003265	35	505.17	7	527.85	3	533.17	1	535.14
prozorovsky	2	10	529.371429	29	494.4	8	515.27	2	524.1	1	524.76
prozorovsky	2	11	202.109388	10	190.73	3	197.12	1	198.67	1	198.67
prozorovsky	2	12	818.677551	51	773.85	10	803.94	4	809.98	1	814.08
prozorovsky	2	13	405.263673	22	368.87	5	384.51	4	386.28	1	390.51
prozorovsky	2	14	509.518367	31	477.43	4	498.77	1	504.19	1	504.19
prozorovsky	2	15	451.030204	27	423.04	7	436.07	2	443.12	1	445.13
prozorovsky	2	16	598.804898	36	543.0	11	567.48	1	593.9	1	593.9
prozorovsky	2	17	295.444898	16	275.83	2	289.66	2	289.66	1	291.27
prozorovsky	2	18	404.558367	27	374.08	6	391.84	1	399.61	1	399.61
prozorovsky	2	19	453.982041	24	424.95	6	439.84	1	448.63	1	448.63
prozorovsky	2	20	382.197551	26	340.41	14	352.84	2	374.14	1	375.59
prozorovsky	2	21	507.245714	36	468.14	10	492.24	1	502.99	1	502.99
prozorovsky	2	22	484.623673	31	446.89	18	457.73	2	478.79	1	479.95
prozorovsky	2	23	467.121633	33	432.48	12	449.53	4	458.52	1	462.75
prozorovsky	2	24	276.297143	18	255.34	5	265.06	2	269.64	1	271.24
prozorovsky	2	25	463.412245	40	428.0	5	453.15	4	454.82	1	458.19
prozorovsky	2	26	457.06449	37	423.97	7	445.96	3	450.72	1	453.08
prozorovsky	2	27	323.657143	21	303.33	3	317.0	3	317.0	1	319.0
prozorovsky	2	28	653.087347	43	614.5	6	641.56	4	644.34	1	648.36
prozorovsky	2	29	757.394286	46	715.31	13	739.0	4	748.97	1	752.58
prozorovsky	2	30	565.812245	38	535.01	6	554.34	5	555.7	1	562.01
prozorovsky	2	31	288.705306	18	272.32	3	281.08	2	282.9	1	284.65
prozorovsky	2	32	666.77551	35	622.83	9	649.74	1	661.01	1	661.01
prozorovsky	2	33	379.454694	23	350.91	5	368.95	4	370.05	1	374.37
prozorovsky	2	34	611.787755	35	573.64	14	590.7	2	604.64	1	605.95
prozorovsky	2	35	507.872653	35	479.03	4	499.38	2	501.33	1	502.81
prozorovsky	2	36	428.173061	38	400.8	6	419.75	2	423.45	1	423.91
prozorovsky	2	37	344.398367	29	320.42	4	337.34	4	337.34	1	340.35
prozorovsky	2	38	402.442449	31	375.83	6	392.88	4	394.58	1	398.2
prozorovsky	2	39	515.160816	43	484.02	9	503.12	2	510.35	1	511.1
prozorovsky	2	40	423.836735	38	390.98	4	415.02	3	415.88	1	418.12
prozorovsky	3	1	270.628571	17	247.08	4	256.16	1	259.49	1	259.49
prozorovsky	3	2	251.794286	16	235.27	6	243.13	1	248.33	1	248.33
prozorovsky	3	3	241.998367	17	228.12	5	233.77	1	238.31	1	238.31
prozorovsky	3	4	509.54449	35	478.52	10	493.2	1	504.93	1	504.93
prozorovsky	3	5	377.939592	19	360.96	5	369.11	2	372.29	1	372.91
prozorovsky	3	6	520.986122	30	491.19	8	507.64	4	512.41	1	516.11
prozorovsky	3	7	529.240816	38	497.91	12	514.89	4	521.34	1	524.84
prozorovsky	3	8	573.64898	36	537.99	9	558.83	1	568.98	1	568.98
prozorovsky	3	9	386.586122	24	364.92	7	376.58	1	382.16	1	382.16
prozorovsky	3	10	421.511837	20	395.71	7	407.36	1	417.01	1	417.01
prozorovsky	3	11	567.301224	47	527.51	11	550.29	1	562.56	1	562.56
prozorovsky	3	12	136.411429	8	126.37	4	128.2	1	131.05	1	131.05
prozorovsky	3	13	968.594286	58	917.2	14	949.53	2	962.84	1	964.47
prozorovsky	3	14	866.612245	56	821.48	10	851.95	2	860.84	1	861.9
prozorovsky	3	15	458.03102	33	427.49	20	435.49	1	452.79	1	452.79
prozorovsky	3	16	676.388571	34	648.53	9	663.93	1	672.18	1	672.18
prozorovsky	3	17	251.533061	16	239.64	5	244.18	1	247.29	1	247.29
prozorovsky	3	18	344.21551	30	315.18	22	318.97	1	339.62	1	339.62
prozorovsky	3	19	492.068571	37	456.51	18	468.11	1	487.45	1	487.45
prozorovsky	3	20	429.00898	27	399.57	21	403.94	1	424.58	1	424.58
prozorovsky	3	21	309.838367	24	288.71	10	294.73	1	304.19	1	304.19
prozorovsky	3	22	490.057143	33	461.91	13	473.39	2	484.69	1	485.63
prozorovsky	3	23	636.917551	44	602.89	15	618.56	7	625.51	1	631.78
prozorovsky	3	24	331.41551	22	308.88	9	318.46	2	325.11	1	326.28
prozorovsky	3	25	705.671837	55	662.62	13	685.59	3	698.58	1	700.58
prozorovsky	3	26	706.142041	46	668.2	15	685.42	2	699.71	1	700.91
prozorovsky	3	27	456.933878	34	421.32	17	432.15	5	446.34	1	451.35
prozorovsky	4	1	669.675102	50	621.34	18	641.0	2	656.91	1	658.25
prozorovsky	4	2	429.714286	34	401.33	20	408.85	1	425.62	1	425.62
prozorovsky	4	3	617.430204	51	571.89	16	598.82	1	613.7	1	613.7
prozorovsky	4	4	713.142857	49	671.83	20	688.13	3	704.63	1	708.81
prozorovsky	4	5	514.168163	31	487.69	11	497.48	3	506.12	1	509.23
prozorovsky	4	6	382.693878	27	356.91	9	370.1	2	377.48	1	378.81
prozorovsky	4	7	1046.961633	89	987.94	17	1026.54	1	1042.24	1	1042.24
prozorovsky	4	8	375.875918	26	349.74	5	365.83	2	369.41	1	370.33
prozorovsky	4	9	331.546122	22	311.79	7	321.57	2	326.91	1	327.6
prozorovsky	4	10	481.28	36	443.68	16	458.71	3	473.02	1	476.23
prozorovsky	4	11	595.513469	35	553.74	13	571.48	2	588.25	1	590.27
prozorovsky	4	12	230.243265	16	207.49	9	213.62	1	224.48	1	224.48
prozorovsky	4	13	353.149388	33	323.88	8	337.86	1	347.26	1	347.26
prozorovsky	4	14	699.350204	45	654.56	8	685.52	1	695.44	1	695.44
prozorovsky	4	15	503.066122	41	472.63	7	490.36	4	494.17	1	498.13
prozorovsky	4	16	725.86449	50	678.14	14	705.82	4	717.16	1	721.11
prozorovsky	4	17	166.530612	13	149.84	4	157.57	1	160.77	1	160.77
prozorovsky	4	18	637.753469	32	605.89	9	622.14	1	632.13	1	632.13
prozorovsky	4	19	374.517551	22	350.61	5	364.87	2	368.24	1	369.09
prozorovsky	4	20	418.716735	29	387.7	8	403.25	5	408.37	1	413.95
prozorovsky	4	21	476.003265	35	445.78	11	460.85	4	466.96	1	470.73
prozorovsky	4	22	578.977959	41	534.78	11	560.78	3	571.94	1	573.75
prozorovsky	4	23	439.562449	30	407.03	9	426.23	4	431.23	1	434.56
prozorovsky	4	24	428.382041	25	402.82	12	412.04	2	422.62	1	423.88
prozorovsky	4	25	260.937143	18	240.17	5	250.7	1	255.61	1	255.61
prozorovsky	4	26	600.737959	58	547.86	20	572.37	1	595.43	1	595.43
prozorovsky	4	27	331.833469	23	307.31	5	319.92	2	324.74	1	326.06
prozorovsky	4	28	446.275918	31	421.68	6	436.07	6	436.07	1	440.87
prozorovsky	4	29	531.722449	39	505.55	11	517.81	3	525.23	1	527.05
prozorovsky	4	30	241.293061	17	223.96	9	228.21	2	235.55	1	236.18
prozorovsky	4	31	594.782041	54	551.8	11	578.27	3	587.71	1	590.32
prozorovsky	4	32	587.755102	42	550.63	9	571.54	1	583.34	1	583.34
prozorovsky	4	33	462.367347	51	423.3	3	455.22	1	457.85	1	457.85
prozorovsky	4	34	263.209796	29	239.04	8	251.29	1	258.33	1	258.33
prozorovsky	4	35	458.579592	34	439.81	7	449.12	2	452.58	1	454.31
prozorovsky	4	36	214.021224	13	200.07	4	204.19	2	206.41	1	207.29
prozorovsky	5	1	734.693878	46	676.87	10	707.29	3	718.22	1	721.88
prozorovsky	5	2	555.52	37	521.54	9	539.36	2	550.07	1	551.46
prozorovsky	5	3	499.121633	29	463.9	6	485.77	2	491.94	1	493.25
prozorovsky	5	4	904.933878	49	854.0	11	883.13	4	893.66	1	898.31
prozorovsky	5	5	527.882449	33	484.26	16	496.03	1	521.89	1	521.89
prozorovsky	5	6	392.96	25	366.48	5	379.97	1	386.27	1	386.27
prozorovsky	5	7	534.752653	26	502.79	9	517.48	1	529.81	1	529.81
prozorovsky	5	8	350.92898	20	327.63	5	340.11	1	346.03	1	346.03
prozorovsky	5	9	568.946939	29	537.78	5	558.76	3	560.45	1	563.59
prozorovsky	5	10	396.773878	22	369.1	5	383.18	2	389.29	1	391.07
prozorovsky	5	11	521.586939	32	486.86	8	504.67	1	515.4	1	515.4
prozorovsky	5	12	588.460408	32	548.09	10	565.96	3	576.87	1	580.74
prozorovsky	5	13	344.973061	18	324.53	3	336.05	1	338.34	1	338.34
prozorovsky	5	14	369.475918	29	340.0	8	352.65	3	359.02	1	362.59
prozorovsky	5	15	390.138776	23	361.92	6	378.17	2	383.59	1	384.9
prozorovsky	5	16	388.754286	22	365.12	6	376.83	4	380.19	1	383.32
prozorovsky	5	17	395.363265	19	370.9	5	381.56	3	384.15	1	388.09
prozorovsky	5	18	369.998367	22	342.17	6	356.55	2	362.02	1	363.62
prozorovsky	5	19	371.330612	21	342.65	7	354.79	1	365.26	1	365.26
prozorovsky	5	20	367.36	20	338.87	9	350.26	1	360.74	1	360.74
prozorovsky	5	21	428.878367	23	404.07	5	417.38	5	417.38	1	423.42
prozorovsky	5	22	490.292245	30	448.19	16	460.34	2	482.41	1	484.91
prozorovsky	5	23	397.688163	25	365.12	8	380.82	3	387.8	1	391.55
prozorovsky	5	24	404.976327	22	373.04	13	381.18	2	396.46	1	399.27
prozorovsky	5	25	305.214694	19	275.93	6	289.01	3	294.58	1	299.04
prozorovsky	5	26	448.731429	19	427.71	6	439.13	2	442.85	1	444.28
prozorovsky	5	27	426.34449	26	392.2	16	401.02	2	419.71	1	421.26
prozorovsky	5	28	1305.49551	68	1229.61	15	1280.35	2	1298.01	1	1300.09
prozorovsky	5	29	553.038367	29	522.5	8	536.8	1	547.28	1	547.28
prozorovsky	5	30	411.454694	20	389.04	5	401.25	2	405.87	1	406.79
prozorovsky	5	31	603.010612	30	571.7	9	586.23	4	592.61	1	597.49
prozorovsky	5	32	873.952653	52	834.26	4	863.85	2	865.82	1	867.59
prozorovsky	5	33	565.86449	29	539.74	3	559.42	1	561.08	1	561.08
prozorovsky	5	34	179.696327	12	164.47	4	168.56	1	172.33	1	172.33
prozorovsky	6	1	273.737143	18	250.38	6	257.82	2	261.86	1	263.05
prozorovsky	6	2	335.725714	24	307.19	4	326.12	1	329.4	1	329.4
prozorovsky	6	3	282.514286	17	262.74	3	273.35	1	276.4	1	276.4
prozorovsky	6	4	331.389388	24	305.3	6	317.45	1	325.09	1	325.09
prozorovsky	6	5	283.271837	16	261.29	6	269.38	3	273.82	1	277.3
prozorovsky	6	6	430.654694	26	405.4	8	417.91	1	427.14	1	427.14
prozorovsky	6	7	518.452245	26	488.08	6	507.24	1	514.23	1	514.23
prozorovsky	6	8	555.206531	35	524.85	6	543.12	2	548.18	1	549.76
prozorovsky	6	9	356.257959	27	332.36	3	348.81	1	350.97	1	350.97
prozorovsky	6	10	626.703673	43	588.96	15	609.0	3	620.42	1	622.07
prozorovsky	6	11	329.952653	23	310.29	5	320.82	1	324.69	1	324.69
prozorovsky	6	12	225.201633	24	210.79	2	219.07	1	220.41	1	220.41
prozorovsky	6	13	423.183673	33	402.35	7	412.04	2	417.69	1	418.59
prozorovsky	6	14	243.252245	15	228.34	3	235.34	1	237.93	1	237.93
prozorovsky	6	15	545.253878	63	499.11	13	528.57	1	540.84	1	540.84
prozorovsky	6	16	130.45551	10	119.9	3	122.65	1	125.55	1	125.55
prozorovsky	6	17	321.619592	18	305.12	4	315.78	1	317.91	1	317.91
prozorovsky	6	18	365.844898	28	342.83	5	358.37	2	361.04	1	361.59
prozorovsky	6	19	516.91102	51	475.55	8	503.35	7	504.48	1	512.25
prozorovsky	6	20	149.237551	9	138.33	2	143.13	1	144.3	1	144.3
prozorovsky	6	21	394.684082	45	365.81	10	381.91	1	390.76	1	390.76
prozorovsky	6	22	585.743673	34	555.51	7	574.11	1	581.14	1	581.14
prozorovsky	6	23	264.881633	16	252.27	2	260.49	1	261.31	1	261.31
prozorovsky	6	24	637.44	33	600.66	8	620.69	1	630.63	1	630.63
prozorovsky	7	1	464.039184	36	427.84	11	445.09	1	455.85	1	455.85
prozorovsky	7	2	325.616327	23	306.34	3	320.23	1	322.04	1	322.04
prozorovsky	7	3	428.329796	31	400.3	7	416.8	3	421.83	1	424.18
prozorovsky	7	4	359.68	24	336.43	6	350.03	1	355.77	1	355.77
prozorovsky	7	5	474.906122	31	446.29	2	468.83	1	470.16	1	470.16
prozorovsky	7	6	614.60898	40	574.36	8	600.53	4	606.7	1	610.68
prozorovsky	7	7	478.981224	25	454.07	6	469.54	1	474.91	1	474.91
prozorovsky	7	8	486.269388	35	449.78	8	471.62	3	479.09	1	481.94
prozorovsky	7	9	790.125714	57	740.99	11	773.81	3	783.32	1	785.99
prozorovsky	7	10	241.554286	18	222.16	5	232.14	2	235.65	1	236.82
prozorovsky	7	11	541.126531	40	506.81	5	531.75	2	534.91	1	536.6
prozorovsky	7	12	201.116735	15	186.45	6	191.75	2	195.53	1	197.03
prozorovsky	7	13	361.848163	25	335.83	5	351.83	1	357.1	1	357.1
prozorovsky	7	14	297.116735	20	280.04	5	290.27	1	292.93	1	292.93
prozorovsky	7	15	321.645714	20	300.41	5	312.21	1	316.7	1	316.7
prozorovsky	7	16	588.69551	31	559.6	8	577.06	2	583.19	1	584.45
prozorovsky	7	17	194.66449	13	176.24	2	187.99	1	189.74	1	189.74
prozorovsky	7	18	496.117551	31	464.77	6	485.04	1	490.86	1	490.86
prozorovsky	7	19	491.859592	30	460.24	5	482.11	1	487.24	1	487.24
prozorovsky	7	20	666.148571	48	623.43	9	651.67	1	660.86	1	660.86
prozorovsky	7	21	368.378776	25	343.09	5	358.58	1	363.57	1	363.57
prozorovsky	8	1	328.463673	22	304.55	8	312.64	2	319.36	1	321.09
prozorovsky	8	2	325.511837	23	300.26	4	317.99	1	321.21	1	321.21
prozorovsky	8	3	250.096327	18	228.74	3	242.05	1	245.27	1	245.27
prozorovsky	8	4	327.627755	22	306.72	4	319.41	2	321.91	1	323.0
prozorovsky	9	1	393.613061	28	363.9	6	379.19	1	386.12	1	386.12
prozorovsky	9	2	593.110204	36	560.04	8	577.56	4	582.81	1	587.48
prozorovsky	9	3	330.762449	21	305.6	5	320.47	1	326.25	1	326.25
prozorovsky	9	4	375.14449	22	350.01	5	365.25	3	368.16	1	370.01
prozorovsky	9	5	192.235102	12	178.83	2	186.53	1	187.74	1	187.74
prozorovsky	9	6	377.887347	21	357.45	4	369.76	2	372.0	1	373.24
prozorovsky	9	7	290.690612	17	270.46	7	278.42	2	284.57	1	285.8
prozorovsky	9	8	265.952653	22	243.71	4	256.93	1	261.12	1	261.12
prozorovsky	9	9	436.636735	27	408.03	7	425.43	2	430.57	1	431.87
prozorovsky	9	10	442.67102	27	413.46	6	430.85	3	435.34	1	438.1
prozorovsky	9	11	234.213878	15	215.94	4	225.85	1	229.07	1	229.07
prozorovsky	9	12	442.462041	25	417.36	3	436.54	1	438.62	1	438.62
prozorovsky	9	13	321.253878	23	296.41	8	308.82	3	314.57	1	317.12
prozorovsky	9	14	720.195918	52	675.67	13	702.93	4	712.3	1	715.08
prozorovsky	9	15	584.829388	35	545.4	9	570.56	2	578.94	1	580.02
prozorovsky	9	16	365.792653	23	340.25	4	356.95	2	360.1	1	361.66
prozorovsky	9	17	866.272653	58	808.29	13	846.07	1	861.19	1	861.19
prozorovsky	9	18	425.012245	30	390.13	9	408.34	1	419.29	1	419.29
prozorovsky	9	19	339.513469	24	313.71	6	328.98	3	332.58	1	334.69
prozorovsky	9	20	539.559184	43	496.74	6	528.21	1	533.98	1	533.98
prozorovsky	9	21	212.192653	15	196.88	5	205.72	2	207.81	1	208.31
prozorovsky	9	22	431.960816	23	409.39	5	423.91	2	426.79	1	427.96
prozorovsky	9	23	409.182041	28	376.97	5	398.97	2	402.39	1	404.19
prozorovsky	9	24	341.86449	23	318.4	3	334.86	1	336.44	1	336.44
prozorovsky	9	25	714.396735	44	679.26	12	700.1	2	709.73	1	710.46
prozorovsky	9	26	424.097959	25	403.72	5	415.35	1	419.85	1	419.85
prozorovsky	9	27	162.298776	12	149.96	4	154.24	1	157.99	1	157.99
prozorovsky	9	28	401.632653	25	378.1	6	392.05	2	396.41	1	397.77
prozorovsky	9	29	172.617143	11	161.25	2	166.25	1	167.0	1	167.0
prozorovsky	9	30	404.767347	31	382.89	6	395.66	1	400.38	1	400.38
prozorovsky	9	31	203.781224	13	188.78	3	195.64	1	197.72	1	197.72
prozorovsky	10	1	348.133878	27	319.66	4	335.17	2	337.79	1	339.27
prozorovsky	10	2	432.274286	32	405.89	8	421.35	3	425.9	1	428.1
prozorovsky	10	3	554.422857	39	520.02	12	538.68	2	549.16	1	550.18
prozorovsky	10	4	217.49551	12	204.77	4	209.52	1	212.52	1	212.52
prozorovsky	10	5	339.09551	25	315.28	9	326.14	3	331.55	1	334.02
prozorovsky	10	6	313.312653	23	294.92	7	304.0	1	309.67	1	309.67
prozorovsky	10	7	509.936327	29	482.91	4	501.41	2	503.51	1	505.33
prozorovsky	10	8	230.426122	17	213.39	6	219.25	2	224.64	1	225.93
prozorovsky	10	9	199.157551	13	184.44	4	191.97	1	195.56	1	195.56
prozorovsky	10	10	307.905306	19	288.8	5	298.03	1	303.02	1	303.02
prozorovsky	10	11	388.963265	27	360.85	8	375.12	2	383.52	1	384.38
prozorovsky	10	12	507.219592	31	469.44	5	495.23	4	496.69	1	501.86
prozorovsky	10	13	558.602449	39	518.77	7	547.28	2	553.04	1	554.92
prozorovsky	10	14	515.73551	33	480.33	8	501.73	2	509.44	1	510.9
prozorovsky	10	15	509.23102	37	477.81	8	499.57	3	505.53	1	507.53
prozorovsky	10	16	333.897143	23	310.09	5	325.05	3	326.66	1	329.78
prozorovsky	10	17	429.818776	29	402.04	9	412.27	3	421.73	1	424.08
prozorovsky	10	18	517.093878	33	483.36	10	501.38	2	511.57	1	513.43
prozorovsky	10	19	637.779592	43	597.65	6	625.88	5	627.54	1	633.35
prozorovsky	10	20	401.162449	26	376.7	7	390.66	1	396.88	1	396.88
prozorovsky	10	21	386.716735	22	363.53	5	376.92	2	381.42	1	382.45
prozorovsky	10	22	512.182857	51	475.24	2	505.41	1	506.67	1	506.67
prozorovsky	10	23	441.338776	39	408.17	9	426.3	2	434.18	1	436.38
prozorovsky	10	24	401.188571	25	373.56	6	389.74	3	393.16	1	394.95
prozorovsky	11	1	709.590204	53	655.36	10	689.11	2	700.1	1	701.08
prozorovsky	11	2	705.645714	46	652.98	9	688.23	3	696.35	1	699.98
prozorovsky	11	3	406.230204	28	377.17	6	394.08	2	398.83	1	400.41
prozorovsky	11	4	358.739592	34	328.31	5	349.36	3	351.73	1	353.84
prozorovsky	11	5	236.355918	18	219.45	4	227.92	1	231.57	1	231.57
prozorovsky	11	6	448.966531	38	414.54	10	433.91	2	442.7	1	443.72
prozorovsky	11	7	611.84	51	565.9	9	597.33	2	605.48	1	606.91
prozorovsky	11	8	1145.887347	66	1088.98	17	1121.85	5	1135.99	1	1141.73
prozorovsky	11	9	389.12	28	363.4	8	374.58	3	379.67	1	384.05
prozorovsky	11	10	447.007347	29	417.08	6	435.62	2	439.64	1	441.33
prozorovsky	11	11	590.733061	43	551.07	6	577.48	4	579.41	1	584.71
prozorovsky	11	12	469.054694	33	435.02	8	454.38	3	461.39	1	463.84
prozorovsky	11	13	503.666939	34	470.31	5	494.49	1	500.0	1	500.0
prozorovsky	11	14	469.159184	31	438.67	9	453.87	3	461.89	1	465.22
prozorovsky	11	15	425.691429	34	394.32	6	414.19	5	415.3	1	421.17
prozorovsky	11	16	466.076735	34	437.61	10	451.31	7	455.32	1	461.32
prozorovsky	11	17	310.569796	24	280.84	3	302.45	3	302.45	1	304.56
prozorovsky	11	18	707.63102	46	665.76	6	696.83	3	700.79	1	702.82
prozorovsky	11	19	377.469388	21	353.12	3	370.06	3	370.06	1	373.28
prozorovsky	11	20	710.50449	43	664.62	9	694.14	4	700.04	1	704.69
prozorovsky	11	21	434.233469	29	402.31	8	421.39	2	427.96	1	429.58
prozorovsky	11	22	766.119184	53	713.63	15	742.76	5	756.47	1	761.65
prozorovsky	12	1	297.404082	18	271.23	7	281.22	2	287.97	1	289.04
prozorovsky	12	2	453.381224	25	421.76	8	438.65	3	444.8	1	447.86
prozorovsky	12	3	408.11102	27	379.94	5	396.59	2	401.12	1	402.71
prozorovsky	12	4	621.322449	44	576.85	8	607.56	4	611.6	1	616.33
prozorovsky	12	5	462.550204	27	435.8	5	452.71	2	457.63	1	457.98
prozorovsky	12	6	504.032653	33	471.76	7	490.78	3	495.69	1	499.19
prozorovsky	12	7	352.888163	20	331.87	4	345.08	2	347.07	1	349.47
prozorovsky	12	8	481.07102	29	448.58	6	468.49	2	474.4	1	475.89
prozorovsky	12	9	615.157551	37	578.12	8	600.05	4	606.34	1	610.16
prozorovsky	12	10	564.897959	36	530.73	7	552.53	3	556.98	1	559.53
prozorovsky	12	11	328.045714	21	305.92	6	315.81	3	320.31	1	322.29
prozorovsky	12	12	297.195102	21	277.04	5	290.53	3	292.51	1	295.56
prozorovsky	12	13	405.237551	25	379.38	6	394.32	4	397.8	1	401.25
prozorovsky	12	14	412.943673	29	384.01	8	399.06	2	406.87	1	407.79
prozorovsky	12	15	495.856327	38	458.9	8	481.17	7	482.51	1	490.24
prozorovsky	12	16	314.644898	20	292.84	6	303.45	1	309.72	1	309.72
prozorovsky	12	17	625.972245	41	589.52	8	614.23	3	619.53	1	621.52
prozorovsky	12	18	590.706939	37	556.71	7	578.86	2	584.26	1	585.31
prozorovsky	12	19	601.103673	37	567.24	9	585.18	4	591.9	1	595.97
prozorovsky	12	20	339.043265	21	314.86	5	329.44	3	331.77	1	334.61
prozorovsky	12	21	374.517551	26	348.89	4	366.04	2	368.36	1	369.75
prozorovsky	12	22	288.862041	20	269.37	5	280.26	2	283.53	1	284.63
prozorovsky	12	23	632.52898	37	594.12	9	617.33	5	622.97	1	627.93
prozorovsky	12	24	283.637551	20	263.63	5	275.57	4	276.88	1	279.93
prozorovsky	12	25	431.229388	30	406.73	6	419.98	3	423.05	1	425.21
prozorovsky	13	1	431.960816	54	392.71	11	413.95	2	424.64	1	425.89
prozorovsky	13	2	474.906122	55	440.02	7	466.7	1	471.47	1	471.47
prozorovsky	13	3	246.569796	24	232.21	3	241.03	1	243.16	1	243.16
prozorovsky	13	4	451.160816	43	420.66	3	445.94	2	447.33	1	447.64
prozorovsky	13	5	325.12	26	304.42	5	317.64	3	320.05	1	321.47
prozorovsky	13	6	726.909388	81	679.7	11	709.81	3	719.57	1	722.22
prozorovsky	13	7	460.826122	40	425.51	6	450.56	6	450.56	1	456.1
prozorovsky	13	8	295.601633	40	269.5	2	289.45	1	290.83	1	290.83
prozorovsky	13	9	449.880816	44	415.22	8	439.31	5	442.9	1	445.82
prozorovsky	13	10	177.554286	14	164.16	3	171.84	1	173.6	1	173.6
prozorovsky	13	11	493.426939	47	459.22	8	483.28	3	487.68	1	489.89
prozorovsky	13	12	483.604898	40	450.8	6	473.59	5	474.53	1	479.4
prozorovsky	13	13	194.246531	14	179.31	3	188.12	1	189.66	1	189.66
prozorovsky	13	14	196.597551	17	177.95	4	188.64	2	190.99	1	192.1
prozorovsky	13	15	367.699592	29	341.46	5	357.4	2	361.34	1	362.72
prozorovsky	13	16	509.779592	42	475.68	9	496.96	3	503.26	1	504.31
prozorovsky	13	17	420.205714	27	393.56	4	410.79	2	413.89	1	414.87
prozorovsky	13	18	223.582041	17	204.71	7	211.56	1	217.86	1	217.86
prozorovsky	13	19	306.233469	19	283.53	4	296.61	1	300.3	1	300.3
prozorovsky	13	20	143.177143	8	132.96	2	137.5	2	137.5	1	138.42
prozorovsky	13	21	489.586939	30	456.82	5	478.72	2	483.95	1	484.73
prozorovsky	13	22	337.084082	19	315.72	4	327.55	2	330.43	1	331.94
prozorovsky	13	23	334.08	32	312.31	6	325.11	1	328.69	1	328.69
prozorovsky	13	24	286.223673	31	268.56	3	280.04	2	280.97	1	281.57
prozorovsky	13	25	322.324898	31	310.14	2	317.01	1	317.91	1	317.91
prozorovsky	13	26	377.991837	32	358.86	5	371.06	2	374.05	1	374.73
prozorovsky	13	27	390.29551	34	371.49	5	382.87	3	384.37	1	386.27
prozorovsky	13	28	490.736327	21	473.06	5	482.24	2	484.86	1	485.74
prozorovsky	13	29	612.257959	30	585.66	6	600.31	4	603.38	1	606.41
prozorovsky	14	1	298.971429	17	272.6	4	285.65	2	288.11	1	289.67
prozorovsky	14	2	308.218776	18	291.16	5	299.04	2	302.81	1	303.92
prozorovsky	14	3	234.13551	17	213.59	5	223.54	1	228.07	1	228.07
prozorovsky	14	4	257.724082	22	236.19	4	249.1	1	253.47	1	253.47
prozorovsky	14	5	244.37551	14	226.82	3	237.1	2	238.64	1	240.2
prozorovsky	14	6	785.162449	42	748.88	13	767.81	2	779.43	1	780.84
prozorovsky	14	7	424.150204	22	400.81	7	412.27	2	417.76	1	419.06
prozorovsky	14	8	253.622857	18	235.61	6	242.71	1	249.33	1	249.33
prozorovsky	14	9	499.017143	31	461.45	7	485.38	3	491.03	1	494.32
prozorovsky	14	10	276.68898	19	254.09	5	267.03	1	272.52	1	272.52
prozorovsky	14	11	256.940408	23	236.44	4	247.23	3	248.39	1	251.16
prozorovsky	14	12	247.875918	16	228.64	5	237.1	2	241.28	1	243.15
prozorovsky	14	13	350.119184	22	330.36	3	344.0	1	346.08	1	346.08
prozorovsky	14	14	239.56898	15	224.1	2	233.7	2	233.7	1	235.17
prozorovsky	14	15	304.065306	19	283.97	3	296.13	1	299.01	1	299.01
prozorovsky	14	16	262.034286	14	243.15	3	253.6	1	257.21	1	257.21
prozorovsky	14	17	235.258776	19	218.62	3	227.12	1	230.19	1	230.19
prozorovsky	14	18	579.918367	34	537.17	9	562.29	2	570.89	1	573.4
prozorovsky	14	19	194.533878	11	181.39	3	187.06	2	188.28	1	189.95
prozorovsky	14	20	645.929796	37	603.49	14	622.99	3	637.6	1	640.28
prozorovsky	14	21	343.327347	20	316.57	6	327.71	4	332.0	1	337.75
prozorovsky	14	22	235.31102	12	218.76	3	226.62	2	227.76	1	229.38
prozorovsky	14	23	367.908571	21	344.67	7	355.05	2	361.36	1	363.07
prozorovsky	14	24	445.178776	27	410.91	9	424.94	3	434.48	1	439.83
prozorovsky	14	25	475.898776	28	440.6	8	459.25	3	467.31	1	471.16
prozorovsky	14	26	370.390204	23	343.66	5	360.69	2	364.08	1	365.66
prozorovsky	14	27	116.062041	9	105.09	1	111.07	1	111.07	1	111.07
prozorovsky	14	28	457.116735	27	424.79	5	447.04	5	447.04	1	451.46
prozorovsky	14	29	615.967347	36	579.13	6	603.62	3	608.34	1	610.98
prozorovsky	14	30	474.096327	27	446.25	4	464.63	1	468.9	1	468.9
prozorovsky	14	31	371.800816	21	347.62	4	361.38	2	364.1	1	364.82
prozorovsky	14	32	569.939592	33	535.51	8	555.24	4	560.39	1	564.02
prozorovsky	14	33	386.298776	25	362.48	5	377.18	4	378.8	1	382.22
prozorovsky	14	34	557.113469	33	524.72	6	544.92	4	548.1	1	552.29
prozorovsky	14	35	455.105306	27	426.55	6	443.01	2	448.13	1	450.09
prozorovsky	14	36	415.712653	23	387.24	7	401.51	6	402.55	1	408.72
prozorovsky	15	1	192.731429	11	175.17	3	180.88	1	183.55	1	183.55
prozorovsky	15	2	563.226122	70	511.55	12	545.22	1	559.09	1	559.09
prozorovsky	15	3	274.050612	13	259.81	3	266.95	2	267.75	1	268.97
prozorovsky	15	4	396.982857	24	373.17	6	384.45	2	389.63	1	390.82
prozorovsky	15	5	293.564082	17	277.79	3	287.16	1	289.06	1	289.06
prozorovsky	15	6	417.358367	22	395.13	5	407.27	3	409.4	1	412.46
prozorovsky	15	7	445.910204	28	420.36	6	433.92	2	439.34	1	440.31
prozorovsky	15	8	517.302857	36	483.36	6	506.45	5	507.34	1	512.68
prozorovsky	15	9	370.860408	15	351.88	3	362.5	2	363.65	1	364.86
prozorovsky	15	10	607.399184	44	564.09	8	593.33	2	600.75	1	601.93
prozorovsky	16	1	209.841633	11	195.73	2	201.07	1	202.28	1	202.28
prozorovsky	16	2	359.497143	20	338.71	5	349.69	3	352.7	1	355.44
prozorovsky	16	3	479.712653	32	447.99	7	467.37	1	474.69	1	474.69
prozorovsky	16	4	302.001633	22	280.87	6	291.95	1	297.63	1	297.63
prozorovsky	16	5	315.219592	19	296.92	3	307.54	2	309.06	1	310.32
prozorovsky	16	6	281.6	19	259.73	3	273.37	2	274.43	1	276.14
prozorovsky	16	7	590.28898	73	537.04	13	571.5	2	583.35	1	584.75
prozorovsky	16	8	355.448163	18	334.81	3	347.36	2	348.88	1	350.4
prozorovsky	16	9	801.828571	38	762.3	8	788.47	2	796.08	1	797.02
prozorovsky	16	10	395.702857	39	370.31	5	385.39	2	388.21	1	390.35
prozorovsky	16	11	415.89551	36	387.65	7	402.97	2	409.3	1	410.2
prozorovsky	16	12	551.392653	47	519.75	9	538.18	3	543.82	1	545.74
prozorovsky	16	13	484.127347	31	452.53	8	469.92	4	475.13	1	478.91
prozorovsky	17	1	387.422041	22	357.89	6	370.77	1	377.56	1	377.56
prozorovsky	17	2	398.027755	23	372.95	5	387.75	2	392.18	1	393.93
prozorovsky	17	3	328.881633	15	309.63	4	319.97	1	323.93	1	323.93
prozorovsky	17	4	288.626939	17	266.95	3	281.47	1	283.31	1	283.31
prozorovsky	17	5	269.139592	14	250.74	2	262.64	2	262.64	1	263.93
prozorovsky	17	6	276.166531	14	256.26	3	268.22	1	271.09	1	271.09
prozorovsky	17	7	200.829388	10	184.84	1	195.54	1	195.54	1	195.54
prozorovsky	17	8	357.302857	17	336.23	4	347.47	1	352.11	1	352.11
prozorovsky	17	9	517.459592	32	490.16	7	505.26	2	511.16	1	512.28
prozorovsky	17	10	63.425306	3	57.06	1	58.14	1	58.14	1	58.14
prozorovsky	18	1	406.021224	22	363.81	5	379.54	2	385.25	1	387.36
prozorovsky	18	2	237.557551	13	220.56	4	229.94	2	233.4	1	236.06
prozorovsky	18	3	269.191837	26	238.53	3	260.05	1	262.7	1	262.7
prozorovsky	18	4	235.102041	21	207.33	2	224.8	1	226.75	1	226.75
prozorovsky	18	5	271.595102	27	249.72	2	269.8	1	270.25	1	270.25
prozorovsky	18	6	303.830204	30	268.39	2	294.8	1	296.17	1	296.17
prozorovsky	18	7	255.477551	21	236.14	2	253.26	1	254.25	1	254.25
prozorovsky	18	8	211.121633	22	184.0	2	204.79	1	206.2	1	206.2
prozorovsky	18	9	388.884898	35	344.81	2	379.0	1	380.41	1	380.41
prozorovsky	18	10	248.920816	22	229.86	2	246.6	1	247.07	1	247.07
prozorovsky	18	11	203.62449	20	181.46	2	196.46	1	198.05	1	198.05
prozorovsky	18	12	240.483265	25	211.1	2	228.88	1	230.4	1	230.4
prozorovsky	18	13	278.93551	28	247.2	2	275.05	1	275.62	1	275.62
prozorovsky	18	14	245.96898	22	223.4	2	244.71	1	244.95	1	244.95
prozorovsky	18	15	348.525714	35	316.91	2	342.52	1	344.03	1	344.03
prozorovsky	18	16	257.48898	22	225.91	2	246.1	1	248.33	1	248.33
prozorovsky	18	17	166.661224	16	150.55	2	164.69	1	165.2	1	165.2
prozorovsky	18	18	202.631837	21	176.38	2	195.51	1	196.91	1	196.91
prozorovsky	18	19	305.319184	29	276.49	2	298.02	1	299.65	1	299.65
prozorovsky	18	20	288.130612	29	262.06	2	281.93	1	283.15	1	283.15
prozorovsky	18	21	315.585306	34	282.51	2	306.6	1	308.52	1	308.52
prozorovsky	18	22	297.560816	30	265.95	2	287.95	1	290.07	1	290.07
prozorovsky	18	23	179.252245	17	157.77	2	168.97	1	170.88	1	170.88
prozorovsky	18	24	295.262041	25	265.89	3	235.63	1	293.45	1	293.45
prozorovsky	18	25	58.827755	6	50.08	2	52.83	1	54.01	1	54.01
prozorovsky	18	26	138.631837	14	121.38	2	129.0	1	130.07	1	130.07
prozorovsky	18	27	226.716735	23	209.16	2	222.61	1	223.17	1	223.17
prozorovsky	18	28	292.336327	28	265.8	2	288.09	1	289.84	1	289.84
prozorovsky	18	29	242.181224	25	221.74	2	238.38	1	239.99	1	239.99
prozorovsky	18	30	319.451429	31	294.5	2	317.82	1	318.37	1	318.37
prozorovsky	18	31	439.693061	40	405.78	2	437.56	1	438.0	1	438.0
prozorovsky	18	32	200.75102	22	180.81	3	192.8	2	193.51	1	194.45
prozorovsky	18	33	278.517551	33	251.31	2	272.49	1	273.11	1	273.11
prozorovsky	18	34	333.792653	37	302.25	2	328.06	1	329.27	1	329.27
prozorovsky	18	35	139.702857	16	120.77	2	129.75	1	131.35	1	131.35
prozorovsky	18	36	293.32898	33	264.69	2	289.72	1	290.78	1	290.78
prozorovsky	18	37	243.800816	24	226.33	2	241.74	1	242.29	1	242.29
prozorovsky	18	38	354.403265	41	313.24	2	344.24	1	345.57	1	345.57
prozorovsky	18	39	319.764898	35	288.89	5	311.95	2	316.65	1	318.12
prozorovsky	18	40	242.599184	27	214.1	2	232.77	1	234.24	1	234.24
prozorovsky	18	41	237.061224	26	216.9	2	234.61	1	235.38	1	235.38
prozorovsky	18	42	279.980408	17	253.57	4	267.14	2	269.94	1	272.72
prozorovsky	19	1	68.362449	6	59.09	1	61.43	1	61.43	1	61.43
prozorovsky	19	2	122.174694	12	109.1	1	116.74	1	116.74	1	116.74
prozorovsky	19	3	81.737143	9	71.25	2	74.24	1	77.5	1	77.5
prozorovsky	19	4	109.740408	9	96.77	2	101.42	1	104.27	1	104.27
prozorovsky	19	5	168.097959	13	155.89	2	162.48	1	164.68	1	164.68
prozorovsky	19	6	108.852245	11	99.15	2	104.19	1	105.64	1	105.64
prozorovsky	19	7	164.205714	18	152.29	2	158.69	1	159.74	1	159.74
prozorovsky	19	8	99.892245	10	91.03	2	94.38	1	96.45	1	96.45
prozorovsky	19	9	422.478367	39	390.89	2	415.83	1	418.38	1	418.38
prozorovsky	19	10	89.80898	7	81.46	2	85.47	1	85.68	1	85.68
prozorovsky	19	11	98.246531	9	85.73	2	91.41	1	93.99	1	93.99
prozorovsky	19	12	73.273469	6	64.77	2	67.02	1	69.07	1	69.07
prozorovsky	19	13	103.78449	7	93.78	2	98.29	1	99.27	1	99.27
prozorovsky	19	14	69.433469	5	62.23	2	64.36	1	65.23	1	65.23
prozorovsky	19	15	117.55102	11	103.98	2	111.65	1	113.24	1	113.24
prozorovsky	19	16	174.915918	15	159.53	2	168.83	1	169.76	1	169.76
prozorovsky	19	17	494.262857	51	459.18	2	488.32	1	489.91	1	489.91
prozorovsky	19	18	168.228571	15	153.18	2	160.22	1	162.56	1	162.56
prozorovsky	19	19	115.722449	10	101.15	2	107.82	1	110.83	1	110.83
prozorovsky	19	20	146.755918	14	131.43	2	139.34	1	141.88	1	141.88
prozorovsky	19	21	336.64	32	309.07	2	329.03	1	331.06	1	331.06
prozorovsky	19	22	71.444898	6	63.57	2	66.59	1	67.09	1	67.09
prozorovsky	19	23	115.513469	10	103.39	2	109.95	1	110.5	1	110.5
prozorovsky	19	24	214.595918	22	191.41	2	208.51	1	209.17	1	209.17
prozorovsky	19	25	102.870204	12	92.08	2	97.27	1	97.96	1	97.96
prozorovsky	19	26	172.225306	14	158.09	2	166.24	1	167.12	1	167.12
prozorovsky	19	27	119.954286	9	110.69	2	114.74	1	115.44	1	115.44
prozorovsky	19	28	112.875102	11	104.32	2	108.47	1	109.18	1	109.18
prozorovsky	19	29	141.217959	13	129.32	2	135.01	1	136.26	1	136.26
prozorovsky	19	30	299.363265	25	275.79	2	291.61	1	294.66	1	294.66
prozorovsky	19	31	132.754286	11	122.2	2	128.38	1	128.79	1	128.79
prozorovsky	19	32	192.156735	22	175.43	1	186.45	1	186.45	1	186.45
prozorovsky	19	33	202.292245	23	185.08	2	196.55	1	197.74	1	197.74
prozorovsky	19	34	307.591837	28	288.09	2	302.41	1	302.8	1	302.8
prozorovsky	19	35	144.483265	13	129.45	2	137.3	1	139.58	1	139.58
prozorovsky	19	36	381.962449	40	348.68	2	376.48	1	377.06	1	377.06
prozorovsky	19	37	199.497143	23	180.81	2	193.29	1	194.94	1	194.94
prozorovsky	19	38	186.383673	14	171.41	2	179.98	1	181.87	1	181.87
prozorovsky	19	39	234.292245	18	218.26	2	228.04	1	229.35	1	229.35
prozorovsky	19	40	136.907755	14	122.44	2	129.86	1	132.68	1	132.68
prozorovsky	19	41	144.457143	12	131.94	2	137.25	1	140.0	1	140.0
prozorovsky	19	42	77.844898	5	70.64	1	73.03	1	73.03	1	73.03
prozorovsky	19	43	283.663673	27	258.84	2	276.45	1	279.54	1	279.54
prozorovsky	19	44	248.816327	18	230.32	2	241.47	1	242.84	1	242.84
prozorovsky	19	45	124.05551	12	111.04	2	116.27	1	119.53	1	119.53
prozorovsky	19	46	91.977143	10	82.53	2	85.53	1	87.29	1	87.29
prozorovsky	19	47	143.960816	15	129.3	2	136.27	1	139.63	1	139.63
prozorovsky	19	48	199.627755	21	181.56	2	193.77	1	195.17	1	195.17
prozorovsky	19	49	266.710204	23	247.95	2	261.98	1	261.98	1	261.98
prozorovsky	19	50	212.871837	21	190.02	2	204.04	2	206.76	1	208.16
prozorovsky	19	51	118.386939	11	104.77	2	111.21	1	112.57	1	112.57
prozorovsky	19	52	105.430204	7	93.78	2	98.42	1	100.16	1	100.16
prozorovsky	19	53	87.092245	9	75.66	2	80.3	2	80.83	1	81.72
prozorovsky	19	54	235.937959	24	215.21	2	228.28	1	231.26	1	231.26
prozorovsky	19	55	158.014694	14	142.2	2	149.64	1	152.26	1	152.26
prozorovsky	19	56	135.862857	12	125.18	2	129.96	1	131.19	1	131.19
prozorovsky	19	57	134.556735	12	122.68	2	128.26	1	129.79	1	129.79
prozorovsky	19	58	218.592653	18	200.76	2	210.43	1	213.05	1	213.05
prozorovsky	19	59	155.324082	14	141.16	2	148.7	2	148.78	1	149.96
prozorovsky	19	60	91.794286	9	78.83	2	83.63	1	86.67	1	86.67
prozorovsky	19	61	152.555102	13	135.96	2	144.21	1	147.82	1	147.82
prozorovsky	19	62	121.70449	12	109.92	2	115.57	1	117.21	1	117.21
prozorovsky	19	63	117.446531	11	103.93	2	109.61	1	111.65	1	111.65
prozorovsky	19	64	165.250612	14	149.02	2	157.23	1	160.03	1	160.03
prozorovsky	19	65	208.84898	20	191.86	2	203.34	1	203.9	1	203.9
prozorovsky	19	66	69.381224	8	60.54	2	62.93	1	64.71	1	64.71
prozorovsky	19	67	425.822041	35	400.0	3	418.61	1	420.75	1	420.75
prozorovsky	19	68	443.036735	37	411.69	2	436.62	1	438.38	1	438.38
prozorovsky	19	69	74.083265	6	63.04	2	65.1	1	68.71	1	68.71
prozorovsky	19	70	253.622857	24	234.96	1	248.83	1	248.83	1	248.83
prozorovsky	19	71	230.556735	20	214.16	2	225.41	1	225.98	1	225.98
prozorovsky	19	72	288.391837	28	264.23	2	279.4	1	280.13	1	280.13
prozorovsky	19	73	251.297959	23	234.19	2	245.92	1	246.13	1	246.13
prozorovsky	19	74	115.356735	11	101.24	2	105.78	1	107.34	1	107.34
prozorovsky	19	75	134.870204	13	123.42	2	128.91	1	129.81	1	129.81
prozorovsky	19	76	212.27102	21	193.62	2	204.72	1	207.63	1	207.63
prozorovsky	19	77	750.315102	72	706.06	2	744.66	1	745.39	1	745.39
prozorovsky	19	78	169.06449	13	158.46	2	164.19	1	164.62	1	164.62
prozorovsky	19	79	214.230204	20	195.98	2	206.23	1	208.29	1	208.29
prozorovsky	19	80	166.4	17	154.4	2	160.2	1	161.8	1	161.8
prozorovsky	19	81	87.170612	8	76.0	2	80.41	1	81.25	1	81.25
prozorovsky	19	82	159.111837	19	144.15	2	151.3	1	153.3	1	153.3
prozorovsky	19	83	162.429388	13	145.76	2	155.23	1	157.37	1	157.37
prozorovsky	19	84	145.240816	14	129.56	2	138.55	1	140.28	1	140.28
prozorovsky	19	85	232.463673	17	199.74	2	211.56	1	212.57	1	212.57
prozorovsky	19	86	87.823673	7	77.66	2	81.77	1	82.88	1	82.88
prozorovsky	19	87	224.470204	19	204.86	2	217.73	1	218.7	1	218.7
prozorovsky	19	88	545.28	53	506.99	2	538.38	1	539.42	1	539.42
prozorovsky	19	89	205.479184	17	185.32	2	198.51	1	199.85	1	199.85
prozorovsky	19	90	168.515918	16	152.58	1	162.18	1	162.18	1	162.18
prozorovsky	19	91	147.957551	16	132.74	2	141.8	1	142.92	1	142.92
prozorovsky	19	92	72.463673	5	64.98	1	67.92	1	67.92	1	67.92
prozorovsky	19	93	249.547755	23	225.68	1	242.01	1	242.01	1	242.01
prozorovsky	19	94	125.962449	11	116.01	1	120.63	1	120.63	1	120.63
prozorovsky	19	95	142.132245	13	131.02	1	137.1	1	137.1	1	137.1
prozorovsky	19	96	121.678367	12	110.65	1	116.23	1	116.23	1	116.23
prozorovsky	19	97	100.022857	9	90.93	2	94.93	1	95.7	1	95.7
prozorovsky	19	98	128.156735	9	117.74	1	123.05	1	123.05	1	123.05
prozorovsky	19	99	64.626939	5	57.11	2	59.22	1	59.96	1	59.96
prozorovsky	19	100	111.647347	8	102.08	2	105.53	1	106.46	1	106.46
prozorovsky	19	101	290.272653	29	264.28	2	283.31	1	285.48	1	285.48
prozorovsky	19	102	246.465306	22	229.25	2	241.35	1	242.11	1	242.11
prozorovsky	19	103	390.765714	35	364.1	1	385.69	1	385.69	1	385.69
prozorovsky	19	104	445.988571	44	413.43	2	439.18	1	440.25	1	440.25
prozorovsky	19	105	570.566531	48	529.67	1	564.82	1	564.82	1	564.82
prozorovsky	19	106	436.244898	43	403.53	1	430.09	1	430.09	1	430.09
prozorovsky	19	107	149.446531	14	134.14	2	141.78	1	145.47	1	145.47
prozorovsky	19	108	343.301224	31	319.58	2	336.91	1	337.44	1	337.44
prozorovsky	19	109	103.183673	7	93.41	2	97.33	1	98.48	1	98.48
prozorovsky	19	110	120.241633	10	109.44	1	115.33	1	115.33	1	115.33
prozorovsky	19	111	126.61551	10	115.02	1	121.12	1	121.12	1	121.12
prozorovsky	19	112	83.069388	9	72.97	1	77.3	1	77.3	1	77.3
prozorovsky	19	113	256.679184	26	233.31	1	249.53	1	249.53	1	249.53
prozorovsky	19	114	98.115918	9	84.2	1	91.27	1	91.27	1	91.27
prozorovsky	19	115	95.111837	10	82.35	1	88.97	1	88.97	1	88.97
prozorovsky	19	116	26.383673	2	18.82	1	19.38	1	19.38	1	19.38
prozorovsky	19	117	304.352653	29	279.06	1	298.49	1	298.49	1	298.49
prozorovsky	19	118	1848.058776	176	1596.47	1	1817.67	22	1697.26	1	1817.67
prozorovsky	19	119	69.22449	7	59.63	2	63.46	1	64.28	1	64.28
prozorovsky	19	120	76.69551	8	67.13	2	71.06	1	72.1	1	72.1
prozorovsky	19	121	98.742857	9	89.24	2	92.7	1	93.34	1	93.34
prozorovsky	19	122	52.636735	4	45.8	2	46.7	1	47.64	1	47.64
prozorovsky	19	123	70.50449	8	62.34	2	65.63	1	65.83	1	65.83
prozorovsky	19	124	75.650612	5	66.85	2	69.2	1	70.11	1	70.11
prozorovsky	19	125	78.28898	6	70.51	2	72.91	1	73.75	1	73.75
prozorovsky	19	126	84.767347	5	76.65	2	78.89	1	79.73	1	79.73
prozorovsky	19	127	72.385306	6	63.21	2	66.69	1	67.85	1	67.85
prozorovsky	19	128	92.186122	8	81.56	2	85.8	1	86.54	1	86.54
prozorovsky	19	129	98.481633	8	88.33	2	92.99	1	93.48	1	93.48
prozorovsky	19	130	61.518367	3	54.82	2	55.97	1	56.4	1	56.4
prozorovsky	19	131	190.51102	18	177.5	2	185.18	1	185.38	1	185.38
prozorovsky	19	132	60.16	3	52.58	2	53.58	1	54.56	1	54.56
prozorovsky	19	133	38.478367	3	32.33	2	33.17	1	33.66	1	33.66
prozorovsky	19	134	234.840816	21	217.78	1	228.61	1	228.61	1	228.61
prozorovsky	19	135	242.964898	26	226.24	1	235.71	1	235.71	1	235.71
prozorovsky	19	136	125.33551	9	112.43	1	119.2	1	119.2	1	119.2
prozorovsky	19	137	130.977959	8	120.98	2	125.01	1	125.7	1	125.7
prozorovsky	19	138	271.56898	24	248.52	2	265.68	1	266.56	1	266.56
prozorovsky	19	139	177.188571	14	158.73	2	168.23	1	171.58	1	171.58
prozorovsky	19	140	148.453878	10	137.38	2	142.4	1	143.05	1	143.05
prozorovsky	19	141	118.622041	7	109.21	2	113.07	1	113.7	1	113.7
prozorovsky	19	142	168.202449	12	154.37	2	162.76	1	163.47	1	163.47
prozorovsky	19	143	207.777959	15	195.15	2	202.72	1	203.13	1	203.13
prozorovsky	19	144	259.474286	21	240.02	2	254.05	1	254.91	1	254.91
prozorovsky	19	145	106.971429	10	95.22	1	100.52	1	100.52	1	100.52
prozorovsky	19	146	113.867755	11	100.13	1	107.17	1	107.17	1	107.17
prozorovsky	19	147	88.52898	9	76.51	1	82.25	1	82.25	1	82.25
prozorovsky	19	148	132.989388	14	121.94	1	126.05	1	126.05	1	126.05
prozorovsky	19	149	99.918367	9	90.28	1	93.89	1	93.89	1	93.89
prozorovsky	19	150	62.563265	6	53.86	1	55.56	1	55.56	1	55.56
prozorovsky	20	1	276.950204	33	249.13	1	268.72	3	266.75	1	268.72
prozorovsky	20	2	158.171429	22	143.21	1	154.09	1	154.09	1	154.09
prozorovsky	20	3	271.647347	35	244.68	1	267.4	4	264.2	1	267.4
prozorovsky	20	4	212.793469	27	191.04	1	207.99	2	206.56	1	207.99
prozorovsky	20	5	194.638367	23	178.01	1	189.65	1	189.65	1	189.65
prozorovsky	20	6	284.525714	35	261.52	1	280.17	1	280.17	1	280.17
prozorovsky	20	7	194.298776	27	174.93	1	190.33	1	190.33	1	190.33
prozorovsky	20	8	300.773878	36	277.54	1	294.53	2	293.84	1	294.53
prozorovsky	20	9	138.893061	18	125.64	1	134.73	3	133.12	1	134.73
prozorovsky	20	10	308.767347	32	251.3	2	301.99	1	303.52	1	303.52
prozorovsky	20	11	317.910204	31	268.91	1	312.7	1	312.7	1	312.7
prozorovsky	20	12	265.900408	28	222.1	1	260.91	1	260.91	1	260.91
prozorovsky	20	13	243.2	25	204.82	1	238.17	1	238.17	1	238.17
prozorovsky	20	14	322.638367	35	273.29	1	316.94	1	316.94	1	316.94
prozorovsky	20	15	310.465306	33	260.33	1	304.87	1	304.87	1	304.87
prozorovsky	20	16	307.774694	33	259.65	1	302.15	1	302.15	1	302.15
prozorovsky	20	17	279.562449	28	233.72	1	274.12	1	274.12	1	274.12
prozorovsky	20	18	226.533878	24	184.22	1	221.62	1	221.62	1	221.62
prozorovsky	20	19	301.061224	29	249.91	1	294.24	1	294.24	1	294.24
prozorovsky	20	20	302.106122	30	242.32	1	298.31	1	298.31	1	298.31
prozorovsky	20	21	314.644898	31	256.45	1	309.39	1	309.39	1	309.39
prozorovsky	20	22	278.569796	29	225.66	1	272.5	1	272.5	1	272.5
prozorovsky	20	23	308.244898	35	262.36	1	299.31	1	299.31	1	299.31
prozorovsky	20	24	309.106939	34	264.25	1	303.87	2	302.33	1	303.87
prozorovsky	20	25	260.153469	28	216.64	1	255.32	1	255.32	1	255.32
prozorovsky	20	26	239.908571	28	193.12	1	235.8	1	235.8	1	235.8
prozorovsky	20	27	260.466939	27	216.56	1	254.84	1	254.84	1	254.84
prozorovsky	20	28	332.930612	28	260.99	1	328.03	1	328.03	1	328.03
prozorovsky	20	29	283.820408	27	219.39	1	278.82	1	278.82	1	278.82
prozorovsky	20	30	345.991837	33	309.69	1	341.54	1	341.54	1	341.54
prozorovsky	20	31	236.251429	31	211.83	1	231.13	21	217.9	1	231.13
prozorovsky	21	1	187.663673	18	157.81	5	174.38	2	176.39	1	178.46
prozorovsky	21	2	318.432653	26	299.17	6	311.13	3	312.95	1	315.03
prozorovsky	21	3	223.634286	22	204.06	5	213.0	2	216.4	1	217.65
prozorovsky	21	4	193.985306	17	179.28	7	184.22	2	187.74	1	188.47
prozorovsky	21	5	195.709388	19	176.62	10	181.88	1	190.97	1	190.97
prozorovsky	21	6	127.399184	12	116.36	3	121.89	1	122.91	1	122.91
prozorovsky	21	7	286.275918	29	252.78	8	273.95	1	281.96	1	281.96
prozorovsky	21	8	205.531429	17	190.37	5	197.66	3	199.86	1	201.24
prozorovsky	21	9	235.598367	18	222.34	6	228.08	4	229.47	1	231.54
prozorovsky	21	10	177.397551	20	161.11	4	170.27	1	173.52	1	173.52
prozorovsky	21	11	120.999184	10	106.84	8	108.87	2	114.24	1	115.18
prozorovsky	21	12	171.258776	14	156.13	5	160.53	2	164.16	1	165.73
prozorovsky	22	1	215.222857	16	194.49	1	205.49	3	203.43	1	205.49
prozorovsky	22	2	219.689796	17	201.82	1	215.07	2	213.73	1	215.07
prozorovsky	22	3	172.982857	11	161.92	1	169.16	2	167.75	1	169.16
prozorovsky	22	4	269.923265	16	247.61	1	261.89	1	261.89	1	261.89
prozorovsky	22	5	279.902041	16	261.83	1	273.95	2	272.65	1	273.95
prozorovsky	22	6	186.98449	12	170.45	1	180.56	2	179.04	1	180.56
prozorovsky	22	7	206.132245	14	189.18	1	199.52	1	199.52	1	199.52
prozorovsky	22	8	245.838367	14	225.91	1	241.11	2	239.09	1	241.11
prozorovsky	23	1	534.151837	31	493.34	4	519.57	3	519.88	1	523.32
prozorovsky	23	2	341.342041	22	318.15	2	334.47	2	334.54	1	336.37
prozorovsky	23	3	369.240816	25	343.7	4	359.66	3	358.82	1	362.78
prozorovsky	23	4	122.435918	6	115.6	2	120.49	2	120.49	1	122.26
prozorovsky	23	5	579.761633	30	543.54	2	573.57	2	573.48	1	574.36
prozorovsky	23	6	245.916735	13	231.46	6	238.11	1	243.23	1	243.23
prozorovsky	23	7	389.146122	25	366.48	9	376.23	2	383.39	1	385.79
prozorovsky	23	8	374.204082	22	348.36	6	360.17	5	361.18	1	368.88
prozorovsky	23	9	357.799184	21	333.75	2	349.83	2	349.02	1	351.45
prozorovsky	23	10	532.950204	34	499.06	8	522.82	4	525.86	1	532.16
prozorovsky	23	11	286.197551	16	268.22	4	277.32	2	278.38	1	280.65
prozorovsky	23	12	80.666122	6	73.36	2	75.36	1	75.95	1	75.95
prozorovsky	23	13	340.27102	22	315.2	2	331.28	1	333.49	1	333.49
prozorovsky	23	14	493.949388	32	465.91	7	484.5	5	487.45	1	493.88
prozorovsky	23	15	134.112653	9	123.93	2	128.35	1	128.6	1	128.6
prozorovsky	23	16	235.389388	14	225.95	4	232.04	1	234.83	1	234.83
prozorovsky	23	17	238.968163	14	225.97	5	230.94	1	234.81	1	234.81
prozorovsky	23	18	138.396735	7	127.6	3	131.22	1	133.77	1	133.77
prozorovsky	23	19	383.320816	25	357.99	7	371.75	1	378.48	1	378.48
prozorovsky	23	20	96.261224	6	89.24	1	92.36	1	92.36	1	92.36
prozorovsky	23	21	266.422857	17	244.6	7	253.35	3	257.39	1	261.05
prozorovsky	23	22	363.441633	25	342.24	5	353.98	2	357.05	1	358.4
prozorovsky	23	23	277.603265	18	257.96	7	265.57	1	272.74	1	272.74
prozorovsky	23	24	331.546122	23	309.82	2	325.93	1	327.33	1	327.33
prozorovsky	23	25	217.6	12	203.75	2	211.54	2	210.68	1	212.36
prozorovsky	23	26	338.651429	21	314.96	2	333.1	2	332.32	1	333.55
prozorovsky	23	27	227.94449	13	213.89	3	221.16	1	224.77	1	224.77
prozorovsky	23	28	503.353469	29	471.42	2	497.77	4	493.47	1	498.98
prozorovsky	23	29	451.84	24	427.81	6	443.06	3	444.34	1	447.61
prozorovsky	23	30	623.986939	33	587.22	6	611.87	4	613.2	1	619.51
prozorovsky	23	31	197.511837	9	184.66	4	189.51	1	193.96	1	193.96
prozorovsky	23	32	296.359184	20	274.29	2	291.13	2	290.05	1	291.53
prozorovsky	23	33	401.057959	24	372.96	2	396.11	2	393.67	1	397.04
prozorovsky	23	34	318.093061	17	299.7	2	312.72	1	313.65	1	313.65
prozorovsky	23	35	172.016327	10	163.68	1	168.48	1	168.48	1	168.48
prozorovsky	23	36	378.148571	22	354.94	5	369.2	1	374.74	1	374.74
prozorovsky	23	37	694.386939	38	651.54	9	677.42	3	686.53	1	690.77
prozorovsky	23	38	358.112653	22	329.73	6	345.73	1	353.87	1	353.87
prozorovsky	23	39	163.787755	8	152.26	2	158.14	1	159.2	1	159.2
prozorovsky	23	40	480.992653	31	450.03	2	476.45	1	476.9	1	476.9
prozorovsky	23	41	515.474286	29	482.27	2	509.49	2	507.96	1	510.54
prozorovsky	23	42	452.519184	25	418.15	2	445.62	4	434.43	1	446.49
prozorovsky	23	43	467.722449	28	439.2	2	463.14	4	458.77	1	464.06
prozorovsky	23	44	548.075102	28	513.88	6	534.59	2	540.1	1	544.11
prozorovsky	23	45	488.646531	25	450.15	2	478.38	3	470.05	1	480.15
prozorovsky	23	46	221.884082	13	207.64	2	218.05	1	218.61	1	218.61
prozorovsky	23	47	278.987755	15	261.51	2	274.47	1	275.08	1	275.08
prozorovsky	23	48	381.962449	22	356.09	2	376.13	2	374.79	1	377.27
prozorovsky	23	49	540.238367	26	509.42	2	534.14	2	533.35	1	535.32
prozorovsky	23	50	243.800816	11	228.64	2	239.31	2	237.75	1	240.31
prozorovsky	23	51	468.610612	23	438.0	1	460.3	2	457.89	1	460.3
prozorovsky	23	52	244.924082	15	225.66	4	234.33	2	236.07	1	237.67
prozorovsky	23	53	253.387755	12	241.07	2	252.49	1	253.19	1	253.19
prozorovsky	23	54	318.667755	17	298.54	2	314.16	2	312.05	1	314.59
prozorovsky	23	55	235.72898	13	219.06	2	229.45	1	230.11	1	230.11
prozorovsky	23	56	234.213878	12	219.54	2	228.41	2	228.37	1	229.65
prozorovsky	23	57	372.610612	21	350.91	1	368.18	2	366.66	1	368.18
prozorovsky	23	58	316.421224	14	300.33	2	311.32	1	312.27	1	312.27
prozorovsky	23	59	376.267755	21	350.27	3	369.05	2	369.3	1	371.65
prozorovsky	23	60	405.289796	22	383.0	1	401.65	1	401.65	1	401.65
prozorovsky	23	61	232.907755	11	220.77	2	228.33	1	228.8	1	228.8
prozorovsky	23	62	215.222857	12	204.11	2	210.68	1	211.29	1	211.29
prozorovsky	23	63	347.794286	19	325.41	2	341.12	3	338.24	1	342.33
prozorovsky	23	64	192.365714	12	180.34	2	191.17	1	192.05	1	192.05
prozorovsky	23	65	495.751837	25	471.24	2	490.9	2	489.61	1	491.51
prozorovsky	23	66	522.553469	24	492.49	6	511.2	3	514.25	1	517.24
prozorovsky	24	1	287.869388	19	263.04	10	269.57	3	276.23	1	279.07
prozorovsky	24	2	722.546939	37	678.72	4	713.46	3	714.2	1	717.83
prozorovsky	24	3	507.062857	25	479.33	8	491.76	2	497.99	1	499.9
prozorovsky	24	4	571.898776	31	538.28	7	563.32	4	563.62	1	570.04
prozorovsky	24	5	586.501224	31	548.65	3	578.54	3	577.98	1	581.43
prozorovsky	24	6	571.480816	30	535.62	2	565.45	4	560.48	1	566.39
prozorovsky	24	7	571.062857	34	536.02	9	552.06	2	560.77	1	563.13
prozorovsky	24	8	440.685714	22	413.8	2	436.23	3	432.56	1	438.89
prozorovsky	24	9	472.52898	26	448.0	6	463.62	2	468.55	1	470.79
prozorovsky	24	10	429.322449	25	399.68	1	424.17	2	421.9	1	424.17
prozorovsky	24	11	451.84	23	426.74	6	439.42	2	443.6	1	446.34
prozorovsky	24	12	313.652245	17	291.47	3	306.51	4	301.96	1	309.05
prozorovsky	24	13	425.769796	27	397.11	4	416.65	3	418.05	1	421.79
prozorovsky	24	14	461.374694	22	431.58	5	448.41	2	452.71	1	454.7
prozorovsky	24	15	445.33551	21	418.38	6	430.57	2	436.74	1	440.05
prozorovsky	24	16	388.963265	21	363.24	7	373.93	4	377.04	1	383.17
prozorovsky	24	17	512.078367	27	482.28	4	505.13	3	504.2	1	510.36
prozorovsky	24	18	375.928163	23	346.51	6	361.29	3	365.34	1	370.89
prozorovsky	24	19	294.321633	15	279.05	3	286.27	1	288.78	1	288.78
prozorovsky	24	20	363.441633	18	340.12	2	355.74	2	355.74	1	358.02
prozorovsky	24	21	269.897143	14	255.12	5	260.45	2	263.77	1	265.46
prozorovsky	24	22	571.010612	30	532.69	10	552.19	1	563.9	1	563.9
prozorovsky	24	23	745.299592	40	702.68	8	727.07	3	733.83	1	739.21
prozorovsky	24	24	213.211429	10	197.95	3	204.01	1	206.87	1	206.87
prozorovsky	24	25	611.500408	38	578.2	10	595.59	2	605.11	1	607.45
prozorovsky	24	26	452.832653	24	424.58	9	435.17	1	446.4	1	446.4
prozorovsky	24	27	413.387755	22	390.35	4	404.49	1	407.44	1	407.44
prozorovsky	24	28	274.755918	17	253.44	5	264.55	1	270.05	1	270.05
prozorovsky	24	29	555.52	32	526.15	5	546.66	2	549.58	1	550.43
prozorovsky	24	30	437.185306	24	408.61	5	427.24	1	432.26	1	432.26
prozorovsky	24	31	767.686531	40	718.03	11	744.36	2	758.0	1	760.54
prozorovsky	24	32	713.06449	44	672.75	8	697.12	3	704.08	1	708.13
prozorovsky	24	33	473.129796	26	444.63	8	456.68	2	464.71	1	467.81
prozorovsky	24	34	405.080816	22	383.28	3	396.23	2	397.73	1	400.17
prozorovsky	24	35	342.047347	19	320.25	3	332.31	1	335.34	1	335.34
prozorovsky	24	36	534.93551	32	498.6	7	521.3	1	529.65	1	529.65
prozorovsky	24	37	308.244898	21	282.38	7	294.09	2	300.29	1	303.53
prozorovsky	24	38	498.364082	27	462.76	6	485.53	2	490.49	1	493.19
prozorovsky	24	39	321.645714	18	300.26	3	313.86	1	316.8	1	316.8
prozorovsky	24	40	332.199184	16	312.64	4	322.85	2	326.02	1	327.49
prozorovsky	24	41	319.869388	18	298.8	5	309.19	2	313.4	1	314.93
prozorovsky	24	42	400.770612	22	383.9	3	397.42	1	399.4	1	399.4
prozorovsky	24	43	229.877551	13	215.27	4	220.58	1	224.45	1	224.45
prozorovsky	24	44	636.760816	30	605.66	7	623.25	1	631.06	1	631.06
prozorovsky	24	45	99.996735	5	91.14	1	95.27	1	95.27	1	95.27
prozorovsky	24	46	489.038367	28	454.29	7	474.01	2	482.87	1	484.27
prozorovsky	24	47	129.854694	7	120.61	2	123.86	1	125.65	1	125.65
prozorovsky	24	48	714.631837	47	670.43	11	697.08	1	709.18	1	709.18
prozorovsky	24	49	736.626939	39	694.06	13	714.7	5	722.37	1	731.82
prozorovsky	24	50	954.853878	46	899.57	17	925.53	1	948.29	1	948.29
prozorovsky	24	51	1187.892245	64	1122.03	5	1181.44	1	1186.65	1	1186.65
prozorovsky	24	52	494.837551	34	459.72	6	481.57	2	486.52	1	488.82
prozorovsky	25	1	556.721633	22	521.55	1	541.81	22	521.55	1	541.81
prozorovsky	25	2	589.270204	22	556.24	1	579.23	22	556.24	1	579.23
prozorovsky	25	3	644.257959	66	579.82	1	631.17	21	608.0	1	631.17
prozorovsky	25	4	433.528163	22	405.76	1	426.97	22	405.76	1	426.97
prozorovsky	25	5	245.342041	22	212.75	1	233.02	2	230.56	1	233.02
prozorovsky	26	1	440.241633	28	400.88	5	421.16	1	428.03	1	428.03
prozorovsky	26	2	149.080816	10	136.41	2	142.75	1	143.76	1	143.76
prozorovsky	26	3	398.602449	27	365.61	6	383.23	4	386.45	1	394.12
prozorovsky	26	4	248.42449	17	231.59	4	240.3	1	243.51	1	243.51
prozorovsky	26	5	326.164898	17	310.83	3	320.54	1	323.18	1	323.18
prozorovsky	26	6	272.979592	14	257.35	3	265.43	1	268.56	1	268.56
prozorovsky	26	7	439.222857	27	413.77	5	428.72	1	433.5	1	433.5
prozorovsky	26	8	346.566531	18	322.4	5	336.14	1	340.9	1	340.9
prozorovsky	26	9	233.377959	11	218.36	3	224.58	1	227.78	1	227.78
prozorovsky	26	10	347.585306	22	326.44	6	336.62	1	342.55	1	342.55
prozorovsky	26	11	381.100408	25	357.25	5	370.57	2	374.74	1	376.86
prozorovsky	26	12	433.162449	28	400.72	6	417.8	3	422.32	1	427.75
prozorovsky	26	13	422.112653	23	398.45	4	412.23	1	416.19	1	416.19
prozorovsky	26	14	421.537959	23	396.98	5	410.45	2	413.95	1	415.17
prozorovsky	26	15	112.822857	8	102.56	3	106.24	1	108.39	1	108.39
prozorovsky	26	16	1009.031837	63	958.27	10	989.62	6	993.67	1	1004.21
prozorovsky	26	17	440.920816	24	414.04	7	428.8	1	436.07	1	436.07
prozorovsky	26	18	458.684082	32	432.01	8	446.44	1	453.88	1	453.88
prozorovsky	26	19	216.189388	14	201.66	2	209.37	1	209.95	1	209.95
prozorovsky	26	20	925.831837	49	885.65	8	912.74	3	919.45	1	923.43
prozorovsky	26	21	584.333061	32	554.45	10	569.21	1	578.81	1	578.81
prozorovsky	26	22	515.996735	31	482.64	5	503.33	3	505.17	1	509.39
prozorovsky	26	23	754.520816	49	713.04	10	737.94	2	747.44	1	749.75
prozorovsky	26	24	488.202449	27	461.09	6	476.05	2	480.89	1	482.22
prozorovsky	26	25	293.616327	17	275.47	4	282.96	3	284.04	1	287.74
prozorovsky	26	26	399.46449	21	376.87	7	387.08	1	393.43	1	393.43
prozorovsky	26	27	493.348571	36	470.28	4	486.04	1	488.09	1	488.09
prozorovsky	26	28	491.859592	26	460.97	7	473.88	4	478.03	1	486.18
prozorovsky	26	29	416.548571	21	392.48	6	403.19	2	408.14	1	411.08
prozorovsky	26	30	411.689796	26	388.28	7	401.3	2	405.94	1	407.09
prozorovsky	26	31	364.747755	18	344.02	7	353.67	1	360.2	1	360.2
prozorovsky	26	32	536.868571	32	508.6	11	522.03	2	528.91	1	531.63
prozorovsky	26	33	601.286531	33	568.16	7	587.17	3	592.88	1	597.05
prozorovsky	26	34	533.106939	31	506.88	7	522.34	2	528.31	1	529.56
prozorovsky	26	35	230.50449	15	213.83	4	221.52	1	224.23	1	224.23
prozorovsky	26	36	660.662857	38	626.38	8	648.63	2	654.59	1	656.81
prozorovsky	26	37	503.666939	28	474.25	5	491.02	2	494.89	1	497.44
prozorovsky	26	38	419.604898	23	400.09	5	409.62	2	412.04	1	413.87
prozorovsky	26	39	487.523265	29	461.58	7	473.74	3	478.41	1	482.92
prozorovsky	26	40	694.360816	49	652.8	11	678.21	8	681.24	1	688.64
prozorovsky	26	41	375.170612	25	351.18	7	362.47	7	363.19	1	370.53
prozorovsky	26	42	249.49551	20	231.37	3	242.39	2	243.27	1	244.8
prozorovsky	26	43	418.194286	27	394.94	6	408.76	2	412.44	1	413.64
prozorovsky	26	44	548.806531	31	514.27	6	536.36	4	538.74	1	543.31
prozorovsky	26	45	433.789388	25	409.27	8	420.44	3	425.6	1	428.45
prozorovsky	26	46	443.428571	24	418.46	8	430.27	4	434.97	1	438.48
prozorovsky	26	47	379.533061	23	355.7	9	366.64	2	373.34	1	374.95
prozorovsky	26	48	543.425306	35	504.04	6	528.28	4	530.89	1	535.99
prozorovsky	27	1	319.190204	21	293.91	4	306.53	1	310.68	1	310.68
prozorovsky	27	2	812.564898	49	766.38	9	798.05	2	807.41	1	809.07
prozorovsky	27	3	560.509388	33	527.37	6	546.43	2	554.26	1	554.26
prozorovsky	27	4	747.337143	34	672.26	11	690.8	3	699.2	1	703.01
prozorovsky	27	5	566.726531	31	528.31	8	552.43	2	561.99	1	563.43
prozorovsky	27	6	524.69551	28	492.73	9	510.55	1	521.04	1	521.04
prozorovsky	27	7	539.768163	28	505.96	10	521.0	3	531.16	1	534.81
prozorovsky	27	8	478.223673	27	445.76	8	463.65	2	471.9	1	473.05
prozorovsky	27	9	585.978776	27	554.12	7	572.62	1	582.42	1	582.42
prozorovsky	27	10	386.56	21	359.86	5	373.72	1	379.66	1	379.66
prozorovsky	27	11	845.505306	45	805.43	10	833.5	2	843.45	1	844.75
prozorovsky	27	12	258.951837	13	242.33	2	255.07	1	257.16	1	257.16
prozorovsky	28	1	215.771429	11	195.86	6	200.17	2	204.6	1	206.1
prozorovsky	28	2	424.620408	23	400.9	3	416.64	3	416.32	1	419.4
prozorovsky	28	3	123.324082	5	114.16	1	118.95	1	118.95	1	118.95
prozorovsky	28	4	339.435102	19	317.69	2	333.06	2	333.64	1	333.73
prozorovsky	28	5	251.193469	15	234.46	2	245.63	1	245.8	1	245.8
prozorovsky	28	6	177.684898	11	161.43	2	170.31	2	169.04	1	170.87
prozorovsky	28	7	310.543673	16	294.78	1	309.37	2	308.0	1	309.37
prozorovsky	28	8	251.611429	14	232.44	2	244.95	1	245.71	1	245.71
prozorovsky	28	9	357.067755	17	330.82	2	346.53	1	347.04	1	347.04
prozorovsky	28	10	323.343673	15	305.48	2	320.33	1	320.82	1	320.82
prozorovsky	28	11	266.187755	12	251.42	4	260.75	3	261.93	1	264.08
prozorovsky	28	12	258.220408	14	241.97	2	255.36	1	256.29	1	256.29
prozorovsky	28	13	290.612245	15	271.5	1	286.13	1	286.13	1	286.13
prozorovsky	28	14	227.970612	10	213.44	2	224.49	3	222.15	1	226.86
prozorovsky	29	1	343.875918	20	316.79	2	332.22	4	330.43	1	334.03
prozorovsky	29	2	636.577959	32	603.73	3	628.85	4	625.66	1	630.48
prozorovsky	29	3	381.492245	20	361.63	3	373.89	2	374.44	1	375.66
prozorovsky	30	1	285.178776	15	261.79	12	263.42	2	271.67	1	272.64
prozorovsky	30	2	299.493878	16	284.43	6	292.15	2	296.27	1	298.19
prozorovsky	30	3	265.560816	15	240.95	4	254.82	2	258.22	1	260.08
prozorovsky	30	4	323.866122	13	305.29	2	317.21	2	315.92	1	318.06
prozorovsky	30	5	482.690612	27	446.62	5	472.53	2	475.8	1	476.97
prozorovsky	30	6	287.634286	14	265.49	3	276.47	1	280.49	1	280.49
prozorovsky	30	7	294.739592	17	271.1	11	275.72	2	287.13	1	288.51
prozorovsky	30	8	296.568163	14	276.72	8	283.17	1	290.6	1	290.6
prozorovsky	30	9	384.417959	15	361.38	2	376.07	3	373.67	1	377.25
prozorovsky	31	1	435.487347	21	406.19	2	427.79	5	422.45	1	428.63
prozorovsky	32	1	263.653878	16	237.51	4	251.84	1	255.42	1	255.42
prozorovsky	32	2	150.700408	11	136.52	2	144.37	1	146.01	1	146.01
prozorovsky	32	3	157.831837	10	145.26	3	151.39	1	153.06	1	153.06
prozorovsky	32	4	189.936327	11	176.01	2	184.47	1	186.51	1	186.51
prozorovsky	33	1	342.256327	16	317.41	2	330.78	2	331.24	1	333.23
prozorovsky	33	2	288.0	13	268.69	2	281.55	3	278.23	1	282.07
prozorovsky	33	3	247.431837	12	230.91	2	241.12	1	241.75	1	241.75
prozorovsky	33	4	304.169796	13	283.58	2	295.38	1	296.03	1	296.03
prozorovsky	33	5	273.998367	15	259.56	2	270.78	3	270.21	1	272.22
prozorovsky	33	6	322.063673	16	302.18	2	316.32	1	316.99	1	316.99
prozorovsky	33	7	393.116735	20	367.88	2	385.99	3	383.34	1	387.45
prozorovsky	34	1	169.920979	15	151.610979	6	158.210979	2	158.210979	1	161.350979
prozorovsky	34	2	140.496979	13	131.296979	2	135.726979	1	136.466979	1	136.466979
prozorovsky	34	3	210.912979	19	193.432979	2	201.882979	1	202.982979	1	202.982979
prozorovsky	35	1	319.582041	17	292.29	2	306.0	4	301.9	1	309.58
prozorovsky	35	2	388.858776	20	362.7	2	381.15	3	379.65	1	382.99
prozorovsky	35	3	335.751837	19	310.88	1	330.27	1	330.27	1	330.27
prozorovsky	36	1	342.491429	18	315.95	2	329.54	4	327.54	1	331.49
prozorovsky	36	2	304.43102	15	290.28	2	302.19	4	298.79	1	302.38
prozorovsky	36	3	401.606531	19	378.41	3	393.95	1	396.2	1	396.2
prozorovsky	37	1	295.78449	15	270.08	3	283.14	1	285.7	1	285.7
prozorovsky	37	2	470.491429	23	444.06	4	459.3	4	459.3	1	464.47
prozorovsky	38	1	349.361633	21	319.1	4	333.46	3	334.74	1	338.62
prozorovsky	38	2	198.008163	13	184.78	3	191.18	1	193.75	1	193.75
prozorovsky	38	3	204.251429	9	193.0	2	198.98	1	200.29	1	200.29
prozorovsky	38	4	213.733878	14	197.55	3	206.29	1	209.03	1	209.03
prozorovsky	38	5	175.934694	11	160.93	2	168.96	2	168.96	1	170.62
prozorovsky	38	6	241.580408	15	224.68	3	234.13	2	235.37	1	236.68
prozorovsky	38	7	211.252245	14	195.23	3	204.0	1	206.85	1	206.85
prozorovsky	38	8	410.749388	23	389.02	5	400.33	1	404.81	1	404.81
prozorovsky	38	9	356.310204	17	336.86	2	350.95	3	347.73	1	351.55
prozorovsky	38	10	267.62449	12	252.34	2	261.38	1	262.24	1	262.24
prozorovsky	38	11	304.692245	17	284.26	6	294.29	2	298.38	1	300.22
prozorovsky	38	12	292.675918	14	275.06	4	283.81	2	286.19	1	288.01
prozorovsky	38	13	178.964898	9	167.77	3	171.41	2	172.18	1	173.97
prozorovsky	38	14	390.922449	20	365.01	8	376.31	1	384.53	1	384.53
prozorovsky	39	1	305.81551	14	281.34	3	291.35	3	291.35	1	294.99
prozorovsky	39	2	323.474286	17	300.78	5	312.11	3	314.51	1	318.41
prozorovsky	39	3	347.637551	18	324.75	6	334.08	2	340.94	1	342.05
prozorovsky	39	4	119.510204	6	106.23	2	110.14	1	111.8	1	111.8
prozorovsky	40	1	300.042449	25	276.11	7	285.67	2	291.05	1	292.08
prozorovsky	40	2	311.379592	23	288.26	12	294.91	3	304.61	1	307.29
prozorovsky	40	3	231.444898	17	213.19	7	219.31	2	225.5	1	227.09
prozorovsky	40	4	307.931429	25	282.23	13	289.25	4	298.63	1	303.31
prozorovsky	40	5	571.062857	48	524.03	15	550.28	4	562.58	1	565.97
prozorovsky	40	6	411.402449	34	375.37	14	391.64	2	406.0	1	407.5
prozorovsky	40	7	322.76898	29	291.84	10	307.14	8	309.17	1	318.73
prozorovsky	40	8	418.899592	34	381.64	19	392.35	6	406.9	1	413.87
prozorovsky	40	9	468.297143	38	422.78	18	440.91	7	453.38	1	463.1
prozorovsky	40	10	491.598367	42	450.23	13	472.96	4	483.77	1	487.77
prozorovsky	40	11	388.388571	30	358.88	11	371.38	5	377.17	1	383.2
prozorovsky	40	12	622.445714	50	571.05	18	597.06	6	609.51	1	616.81
prozorovsky	40	13	721.841633	58	656.8	24	685.41	8	705.15	1	716.78
prozorovsky	40	14	379.924898	36	341.82	16	357.9	3	371.95	1	374.37
prozorovsky	40	15	424.202449	39	382.35	19	397.61	3	414.97	1	418.2
prozorovsky	40	16	361.221224	28	329.07	13	341.03	3	352.31	1	354.95
prozorovsky	40	17	341.55102	27	312.46	15	320.28	4	331.34	1	336.85
prozorovsky	40	18	441.417143	35	406.47	16	420.33	4	431.73	1	435.6
prozorovsky	40	19	401.449796	30	361.8	19	371.46	3	391.61	1	396.26
prozorovsky	40	20	411.245714	33	373.1	18	385.54	4	400.82	1	407.1
prozorovsky	40	21	613.093878	46	560.91	26	576.69	7	600.58	1	608.13
prozorovsky	40	22	478.014694	46	423.43	20	448.03	5	465.13	1	473.7
prozorovsky	40	23	519.706122	39	480.36	12	500.63	2	512.32	1	514.48
prozorovsky	40	24	549.302857	51	498.79	12	529.56	4	539.85	1	543.09
prozorovsky	40	25	527.830204	46	482.67	24	496.86	3	520.02	1	522.67
prozorovsky	40	26	916.897959	75	834.0	42	858.76	9	897.48	1	910.49
prozorovsky	40	27	671.634286	66	609.48	28	634.77	5	660.16	1	665.54
prozorovsky	40	28	241.684898	20	218.5	6	228.41	3	232.09	1	234.82
prozorovsky	41	1	531.226122	45	474.78	19	495.76	6	511.63	1	521.33
prozorovsky	41	2	353.17551	28	322.8	12	333.83	5	342.01	1	348.54
prozorovsky	41	3	378.462041	34	342.83	12	358.37	5	365.73	1	373.84
prozorovsky	41	4	489.247347	41	447.14	13	470.03	6	477.11	1	484.13
prozorovsky	41	5	473.965714	43	435.5	12	457.33	2	466.95	1	468.76
prozorovsky	41	6	632.293878	56	576.98	20	603.45	5	620.59	1	626.87
prozorovsky	41	7	433.893878	37	393.06	17	408.11	3	424.94	1	428.74
prozorovsky	41	8	445.622857	38	407.87	20	420.71	6	433.81	1	440.7
prozorovsky	41	9	588.982857	50	539.13	29	551.09	7	572.18	1	582.49
prozorovsky	41	10	624.43102	52	572.71	30	587.9	6	611.61	1	619.6
prozorovsky	41	11	397.217959	33	367.9	14	378.7	5	388.27	1	392.86
prozorovsky	41	12	575.477551	44	533.57	20	548.75	6	562.18	1	570.05
prozorovsky	41	13	406.491429	37	370.35	13	387.92	1	401.23	1	401.23
prozorovsky	41	14	885.054694	72	811.48	40	836.77	9	868.01	1	879.87
prozorovsky	41	15	490.34449	47	444.6	21	461.91	5	479.32	1	485.22
prozorovsky	41	16	282.331429	20	258.01	8	269.61	2	273.74	1	276.12
prozorovsky	42	1	859.036735	78	784.82	24	818.23	7	839.79	1	848.74
prozorovsky	42	2	580.702041	52	531.06	17	555.42	4	571.16	1	575.88
prozorovsky	42	3	424.85551	38	399.26	11	408.83	3	416.65	1	420.65
prozorovsky	42	4	561.319184	43	511.42	23	526.15	4	550.05	1	555.51
prozorovsky	42	5	537.234286	39	489.36	18	508.89	4	526.97	1	532.23
prozorovsky	42	6	705.880816	49	643.84	19	670.86	7	689.37	1	700.53
prozorovsky	42	7	675.657143	50	620.51	21	644.73	4	665.23	1	670.9
prozorovsky	42	8	794.096327	56	729.8	22	761.96	8	776.15	1	789.25
prozorovsky	42	9	822.334694	62	743.56	26	774.92	11	796.5	1	816.94
prozorovsky	42	10	571.219592	42	520.76	18	540.93	4	558.8	1	565.66
prozorovsky	42	11	694.569796	54	637.24	25	656.95	6	677.81	1	688.33
prozorovsky	42	12	716.199184	59	658.0	22	686.41	7	703.28	1	712.3
prozorovsky	42	13	485.537959	35	443.47	15	459.03	5	469.54	1	479.03
prozorovsky	42	14	421.32898	35	383.34	16	398.44	4	410.1	1	416.09
prozorovsky	42	15	377.39102	32	345.92	11	362.08	3	368.97	1	371.31
prozorovsky	42	16	392.777143	31	359.78	18	369.21	3	383.89	1	386.46
prozorovsky	42	17	417.515102	37	375.93	14	392.93	5	404.74	1	411.74
prozorovsky	42	18	488.254694	43	438.86	23	454.51	6	474.36	1	483.59
prozorovsky	42	19	555.363265	48	506.11	27	520.87	4	546.04	1	550.2
prozorovsky	42	20	527.124898	47	478.38	22	498.32	5	518.96	1	522.79
prozorovsky	42	21	431.542857	38	390.32	12	411.63	2	423.49	1	425.85
prozorovsky	42	22	788.140408	71	707.58	31	743.6	8	773.27	1	781.64
prozorovsky	42	23	607.425306	56	547.76	24	572.77	6	592.18	1	602.99
prozorovsky	42	24	552.150204	53	495.64	15	527.23	4	539.69	1	545.44
prozorovsky	43	1	658.02449	51	585.0	23	614.44	5	636.98	1	645.32
prozorovsky	43	2	305.319184	25	271.65	12	283.93	3	297.62	1	300.29
prozorovsky	43	3	448.470204	36	403.68	12	428.19	2	441.24	1	443.5
prozorovsky	43	4	666.174694	53	598.7	29	621.24	2	659.25	1	660.56
prozorovsky	43	5	589.792653	47	538.12	10	574.44	3	582.09	1	585.04
prozorovsky	43	6	884.506122	71	799.28	29	839.71	3	874.34	1	877.75
prozorovsky	43	7	636.917551	53	573.08	24	599.49	3	626.98	1	631.1
prozorovsky	43	8	826.77551	59	751.52	35	779.01	6	816.15	1	823.1
prozorovsky	43	9	528.587755	41	474.92	27	486.94	3	518.12	1	521.13
prozorovsky	43	10	494.628571	42	448.69	13	473.82	2	486.82	1	488.68
prozorovsky	43	11	670.798367	57	599.67	34	620.87	2	662.22	1	663.77
prozorovsky	43	12	680.124082	50	621.42	24	646.29	4	668.66	1	673.87
prozorovsky	43	13	486.112653	38	441.64	20	458.87	4	476.81	1	480.48
prozorovsky	43	14	406.517551	31	368.5	7	393.04	3	397.65	1	400.8
prozorovsky	43	15	350.51102	27	318.36	1	344.29	2	342.8	1	344.29
prozorovsky	43	16	404.401633	33	365.78	6	391.88	3	395.33	1	397.69
prozorovsky	43	17	345.756735	26	316.71	1	339.64	1	339.64	1	339.64
prozorovsky	43	18	526.733061	40	473.18	27	483.75	4	515.05	1	520.16
prozorovsky	43	19	608.182857	42	553.29	18	575.87	4	597.65	1	602.09
prozorovsky	43	20	438.961633	31	402.43	17	414.35	3	430.86	1	433.13
prozorovsky	43	21	447.869388	25	410.84	16	421.26	2	437.71	1	439.72
prozorovsky	44	1	353.985306	26	325.91	9	335.36	4	340.86	1	344.18
prozorovsky	44	2	631.588571	47	593.25	15	612.87	3	624.38	1	626.23
prozorovsky	44	3	358.243265	26	334.64	6	348.04	2	352.81	1	354.08
prozorovsky	44	4	494.445714	37	460.11	13	477.78	3	486.72	1	490.18
prozorovsky	44	5	555.911837	42	513.72	14	535.2	3	546.91	1	549.45
prozorovsky	44	6	194.246531	15	179.19	7	183.61	2	188.43	1	189.34
prozorovsky	44	7	856.790204	60	803.29	21	832.08	2	850.68	1	852.11
prozorovsky	44	8	500.662857	40	457.27	15	476.72	3	491.09	1	493.75
prozorovsky	44	9	553.639184	43	508.85	15	531.25	4	544.96	1	547.87
prozorovsky	44	10	561.946122	48	516.33	16	537.86	3	553.97	1	557.0
prozorovsky	44	11	344.137143	30	316.33	11	328.82	2	337.78	1	339.17
prozorovsky	44	12	358.426122	25	332.6	12	342.3	2	353.02	1	353.69
prozorovsky	44	13	709.32898	51	662.26	17	687.28	3	701.22	1	703.75
prozorovsky	44	14	353.332245	27	325.73	7	340.72	3	345.24	1	348.05
prozorovsky	44	15	535.275102	41	496.07	10	520.82	3	528.09	1	530.58
prozorovsky	44	16	497.057959	40	459.9	13	480.92	4	490.62	1	493.38
prozorovsky	44	17	520.646531	34	488.83	9	508.28	3	514.32	1	516.32
prozorovsky	44	18	369.632653	28	340.75	10	354.84	3	362.47	1	365.19
prozorovsky	44	19	562.729796	40	525.24	12	544.67	2	556.7	1	557.87
prozorovsky	44	20	487.47102	38	449.64	9	472.72	3	478.85	1	481.99
prozorovsky	44	21	546.35102	40	505.97	14	527.49	3	539.1	1	541.6
prozorovsky	44	22	457.299592	30	425.14	17	434.28	2	450.34	1	451.63
prozorovsky	44	23	483.395918	35	444.0	17	457.96	3	474.7	1	477.28
prozorovsky	44	24	400.822857	26	371.03	8	384.52	1	395.48	1	395.48
prozorovsky	44	25	417.018776	27	388.84	10	400.64	3	408.97	1	411.5
prozorovsky	44	26	528.326531	32	493.97	12	511.06	1	523.57	1	523.57
prozorovsky	44	27	520.672653	44	483.03	10	505.81	2	514.04	1	515.56
prozorovsky	44	28	446.458776	31	416.36	10	430.47	3	437.82	1	439.54
prozorovsky	45	1	429.479184	32	395.8	10	406.72	3	414.87	1	417.89
prozorovsky	45	2	361.06449	29	335.08	6	350.7	4	352.29	1	355.65
prozorovsky	45	3	367.673469	30	340.16	7	355.62	4	358.49	1	362.23
prozorovsky	45	4	329.665306	25	304.43	7	317.25	2	323.47	1	324.25
prozorovsky	45	5	313.338776	21	290.48	7	301.61	2	306.5	1	307.93
prozorovsky	45	6	276.58449	23	250.6	7	263.6	1	270.39	1	270.39
prozorovsky	45	7	338.102857	25	312.37	6	327.69	3	330.38	1	332.6
prozorovsky	45	8	527.15102	39	490.66	10	511.33	3	519.38	1	522.04
prozorovsky	45	9	414.589388	32	384.95	12	399.3	3	406.79	1	409.24
prozorovsky	45	10	312.372245	21	287.58	7	299.76	4	302.81	1	306.92
prozorovsky	45	11	492.382041	36	453.42	12	475.07	4	481.82	1	486.58
prozorovsky	45	12	276.27102	21	252.29	6	264.54	2	269.46	1	270.88
prozorovsky	45	13	179.905306	14	162.75	4	170.54	3	171.44	1	174.51
prozorovsky	45	14	295.836735	23	272.87	7	285.22	3	289.12	1	291.02
prozorovsky	45	15	426.370612	33	399.49	12	411.52	4	417.94	1	421.87
prozorovsky	45	16	308.636735	27	282.35	19	287.27	3	298.09	1	302.18
prozorovsky	46	1	379.428571	31	345.79	9	361.13	3	365.86	1	368.02
prozorovsky	46	2	203.363265	16	185.62	4	195.42	2	198.33	1	199.41
prozorovsky	46	3	274.677551	23	250.88	6	263.17	1	270.16	1	270.16
prozorovsky	46	4	282.723265	21	263.3	5	273.78	1	278.06	1	278.06
prozorovsky	46	5	182.413061	13	168.84	4	175.04	1	177.9	1	177.9
prozorovsky	46	6	246.752653	20	225.94	5	237.11	2	240.68	1	242.23
prozorovsky	46	7	516.179592	40	478.41	11	499.5	3	508.91	1	511.74
prozorovsky	46	8	180.767347	13	166.58	4	173.31	1	176.25	1	176.25
prozorovsky	46	9	379.297959	27	352.17	6	368.96	2	373.81	1	374.52
prozorovsky	46	10	381.884082	33	350.92	9	368.57	2	375.11	1	376.17
prozorovsky	46	11	380.995918	34	348.54	8	368.61	3	373.13	1	376.41
prozorovsky	46	12	332.643265	31	305.26	7	320.17	2	325.93	1	327.14
prozorovsky	46	13	170.109388	13	154.7	4	160.23	1	164.03	1	164.03
prozorovsky	46	14	476.081633	40	438.96	10	460.81	3	468.59	1	471.16
prozorovsky	46	15	660.976327	58	603.45	13	640.01	3	652.63	1	655.06
prozorovsky	46	16	239.647347	24	211.23	11	221.46	3	230.44	1	233.03
prozorovsky	47	1	360.620408	24	326.91	8	340.1	3	345.64	1	348.14
prozorovsky	47	2	215.980408	17	197.01	4	208.5	3	209.79	1	212.28
prozorovsky	47	3	227.892245	18	206.39	4	218.4	2	220.8	1	222.05
prozorovsky	47	4	240.53551	18	221.86	4	231.67	2	234.09	1	235.36
prozorovsky	47	5	290.899592	21	267.07	4	282.01	2	284.47	1	285.86
prozorovsky	47	6	272.84898	18	255.06	5	263.97	3	266.25	1	268.29
prozorovsky	47	7	260.336327	16	242.05	4	251.46	2	253.56	1	254.75
prozorovsky	47	8	291.213061	24	269.58	6	281.65	2	284.83	1	285.89
prozorovsky	47	9	209.658776	15	194.21	4	201.91	2	203.81	1	204.85
prozorovsky	47	10	244.349388	18	227.31	3	237.0	1	238.84	1	238.84
prozorovsky	47	11	442.906122	33	413.06	5	433.78	2	436.94	1	437.98
prozorovsky	47	12	346.618776	21	324.15	5	336.76	3	339.24	1	341.47
prozorovsky	47	13	210.782041	13	193.17	5	200.46	2	202.86	1	204.63
prozorovsky	48	1	291.395918	24	261.26	7	271.46	3	277.22	1	280.77
prozorovsky	48	2	337.110204	21	314.99	6	326.19	2	330.05	1	331.99
prozorovsky	48	3	422.687347	29	390.93	8	409.11	4	413.34	1	417.05
prozorovsky	48	4	375.092245	31	341.57	7	360.82	3	366.45	1	369.54
prozorovsky	48	5	317.701224	26	290.63	7	305.46	2	310.67	1	312.39
prozorovsky	48	6	212.323265	18	189.76	7	199.99	2	205.53	1	206.65
prozorovsky	49	1	285.64898	22	260.66898	4	269.84898	3	271.54898	1	274.70898
prozorovsky	49	2	282.409796	22	261.89	4	275.2	2	276.94	1	278.08
prozorovsky	49	3	228.04898	20	213.62	5	221.01	2	223.7	1	224.62
prozorovsky	49	4	362.631837	32	338.1	7	351.73	2	357.22	1	358.7
prozorovsky	49	5	342.204082	33	317.27	7	333.36	2	337.3	1	338.29
prozorovsky	49	6	282.435918	24	260.44	8	269.62	4	274.35	1	277.55
prozorovsky	50	1	364.564898	30	333.68	8	346.57	3	352.01	1	354.66
prozorovsky	50	2	332.8	30	306.62	7	321.22	3	325.63	1	328.09
prozorovsky	50	3	281.782857	21	261.52	6	271.44	3	274.46	1	276.78
prozorovsky	50	4	267.937959	23	244.24	9	254.01	4	258.85	1	262.24
prozorovsky	51	1	366.053878	29	335.64	8	347.09	4	349.88	1	354.32
prozorovsky	51	2	303.46449	23	281.24	7	292.56	2	297.03	1	298.13
prozorovsky	51	3	288.626939	25	265.18	9	276.06	2	282.43	1	283.91
prozorovsky	51	4	208.013061	18	189.4	9	195.77	2	202.37	1	203.03
prozorovsky	52	1	153.077551	10	137.32	3	140.12	2	140.95	1	142.7
prozorovsky	52	2	283.585306	20	262.97	5	274.32	2	277.31	1	278.32
prozorovsky	52	3	191.425306	13	177.41	3	185.06	2	186.43	1	187.5
prozorovsky	52	4	218.592653	18	197.96	4	209.09	2	211.46	1	212.82
prozorovsky	52	5	269.296327	28	245.5	8	257.89	2	263.38	1	264.6
prozorovsky	53	1	188.290612	12	168.46	5	171.79	2	174.67	1	176.35
prozorovsky	53	2	247.510204	17	228.63	4	238.98	2	240.91	1	242.78
prozorovsky	53	3	212.192653	18	190.83	7	199.62	3	203.69	1	206.39
prozorovsky	54	1	290.429388	20	262.66	6	273.59	3	276.71	1	279.2
prozorovsky	54	2	176.74449	15	160.19	3	170.39	1	171.75	1	171.75
prozorovsky	54	3	205.00898	16	186.35	5	195.07	1	200.07	1	200.07
prozorovsky	54	4	179.121633	16	162.72	4	171.05	1	173.52	1	173.52
prozorovsky	54	5	316.107755	25	289.4	9	300.64	4	306.7	1	310.46
prozorovsky	54	6	337.737143	21	313.41	6	325.31	2	330.72	1	332.0
prozorovsky	55	1	257.28	18	229.62	6	238.22	2	242.53	1	244.13
prozorovsky	55	2	338.337959	26	314.04	6	327.38	2	331.71	1	332.92
prozorovsky	55	3	225.097143	17	208.42	3	217.79	2	218.51	1	219.7
prozorovsky	55	4	273.763265	22	249.45	8	260.07	2	267.36	1	268.88
prozorovsky	56	1	239.386122	16	219.99	4	226.24	2	227.76	1	229.53
prozorovsky	56	2	204.773878	15	189.72	5	195.99	1	200.51	1	200.51
prozorovsky	56	3	195.160816	15	178.81	4	186.76	2	188.89	1	190.33
prozorovsky	57	1	254.902857	25	227.62	8	239.3	1	247.59	1	247.59
prozorovsky	58	1	192.626939	14	174.25	5	181.02	1	183.94	1	183.94
prozorovsky	58	2	258.533878	18	240.53	6	249.19	2	252.61	1	253.44
prozorovsky	58	3	229.746939	19	210.71	6	221.01	2	223.59	1	224.72
prozorovsky	58	4	253.204898	16	235.86	4	244.41	2	247.11	1	248.65
prozorovsky	58	5	167.418776	14	151.76	5	158.32	2	160.71	1	161.73
prozorovsky	58	6	247.928163	20	229.97	5	239.95	2	242.8	1	244.08
prozorovsky	58	7	359.262041	27	332.25	8	346.84	2	352.97	1	354.05
prozorovsky	58	8	208.222041	13	195.08	5	200.28	2	202.8	1	203.64
prozorovsky	58	9	413.23102	28	385.44	6	403.6	2	407.81	1	408.82
prozorovsky	58	10	459.859592	39	422.53	15	439.2	1	454.38	1	454.38
prozorovsky	58	11	557.609796	40	521.09	19	537.31	1	551.89	1	551.89
prozorovsky	58	12	427.781224	29	398.34	10	412.61	4	418.13	1	421.97
prozorovsky	58	13	313.626122	25	285.72	14	293.8	1	308.35	1	308.35
prozorovsky	59	1	336.587755	27	304.91	9	317.14	3	324.73	1	327.19
prozorovsky	59	2	327.706122	26	305.47	8	316.61	2	321.01	1	322.32
prozorovsky	59	3	249.835102	18	231.47	6	238.98	2	242.38	1	243.17
prozorovsky	59	4	254.119184	17	233.65	5	244.28	2	246.92	1	248.43
prozorovsky	59	5	277.420408	20	257.1	7	266.2	3	269.42	1	271.95
prozorovsky	60	1	389.929796	25	360.81	7	372.55	3	378.08	1	380.66
prozorovsky	60	2	376.32	25	349.35	11	360.05	4	367.06	1	370.87
prozorovsky	60	3	333.792653	22	314.41	5	325.34	2	328.03	1	328.54
prozorovsky	60	4	286.093061	19	264.84	5	276.03	1	280.06	1	280.06
prozorovsky	60	5	206.262857	14	188.69	7	194.35	1	200.23	1	200.23
prozorovsky	61	1	319.216327	21	293.37	6	302.92	3	306.11	1	308.43
prozorovsky	61	2	375.24898	22	354.16	4	366.58	1	369.79	1	369.79
prozorovsky	61	3	289.436735	18	267.41	7	276.02	1	283.06	1	283.06
prozorovsky	62	1	158.51102	10	138.19	3	145.32	2	146.24	1	147.48
prozorovsky	62	2	408.032653	29	374.93	13	388.89	4	399.67	1	403.08
prozorovsky	62	3	314.200816	24	292.03	6	303.71	2	307.94	1	309.24
prozorovsky	62	4	286.850612	21	265.8	5	277.53	2	280.24	1	281.72
prozorovsky	62	5	280.816327	21	258.77	6	270.42	3	272.91	1	274.57
prozorovsky	63	1	196.571429	13	177.86	6	183.15	1	189.11	1	189.11
prozorovsky	64	1	188.786939	15	168.86	7	175.06	1	181.96	1	181.96
prozorovsky	65	1	434.912653	25	403.9	12	415.2	5	423.18	1	428.65
prozorovsky	66	1	348.05551	20	318.56	8	326.33	3	334.09	1	337.39
prozorovsky	66	2	466.155102	28	434.45	11	449.83	4	457.21	1	461.18
prozorovsky	66	3	416.130612	22	391.64	6	405.47	3	408.79	1	410.77
prozorovsky	66	4	209.580408	11	196.43	3	202.7	1	204.97	1	204.97
prozorovsky	66	5	264.280816	14	247.32	6	254.75	1	260.26	1	260.26
prozorovsky	66	6	313.6	17	293.31	7	300.99	1	308.03	1	308.03
prozorovsky	66	7	291.552653	17	275.96	8	280.12	2	286.36	1	287.13
prozorovsky	66	8	198.50449	13	180.04	9	183.39	2	192.59	1	193.39
prozorovsky	66	9	339.435102	21	315.37	6	329.4	1	334.69	1	334.69
prozorovsky	66	10	205.766531	11	191.43	4	197.2	1	200.47	1	200.47
prozorovsky	66	11	355.761633	19	334.22	8	342.19	2	349.1	1	350.43
prozorovsky	66	12	332.251429	17	311.17	5	321.74	1	326.84	1	326.84
prozorovsky	66	13	301.374694	18	281.79	6	291.25	3	294.76	1	296.83
prozorovsky	66	14	403.461224	20	378.25	7	390.22	3	394.72	1	397.68
prozorovsky	66	15	164.571429	8	153.44	3	158.0	1	159.59	1	159.59
prozorovsky	66	16	362.24	21	335.16	13	341.77	1	356.98	1	356.98
prozorovsky	66	17	356.179592	18	332.68	6	342.36	2	347.38	1	348.41
prozorovsky	66	18	547.604898	24	523.89	11	532.84	1	542.36	1	542.36
prozorovsky	66	19	381.492245	21	358.15	12	366.06	3	374.3	1	376.74
prozorovsky	66	20	273.162449	15	254.84	4	263.93	3	265.25	1	267.87
prozorovsky	66	21	449.828571	27	416.16	5	436.93	2	440.99	1	442.84
prozorovsky	66	22	378.644898	21	349.61	12	356.78	2	368.88	1	369.89
prudovsky	1	1	457.752979	31	398.27	8	420.48	2	429.22	1	430.74
prudovsky	1	2	310.368979	25	285.03	2	301.73	4	300.24	1	303.21
prudovsky	1	3	361.464979	24	329.22	6	349.4	4	352.68	1	355.25
prudovsky	1	4	359.976979	26	327.23	4	349.05	3	349.75	1	352.21
prudovsky	1	5	314.592979	32	281.14	10	298.12	2	305.97	1	307.45
prudovsky	1	6	290.376979	22	266.42	4	279.73	2	281.7	1	282.49
prudovsky	1	7	271.680979	24	249.83	3	263.11	2	263.32	1	264.48
prudovsky	1	8	292.464979	22	263.12	5	280.26	2	283.63	1	284.4
prudovsky	1	9	340.512979	29	310.11	5	329.83	2	332.46	1	334.18
prudovsky	1	10	312.432979	32	273.44	4	301.69	1	304.7	1	304.7
prudovsky	1	11	328.872979	32	293.71	3	319.48	2	320.74	1	322.09
prudovsky	1	12	281.424979	20	257.67	3	273.86	2	274.6	1	275.32
prudovsky	1	13	237.936979	18	213.93	3	228.13	2	229.26	1	230.18
prudovsky	1	14	343.632979	24	313.37	3	333.26	3	333.26	1	335.45
prudovsky	1	15	288.888979	21	259.25	3	279.35	2	279.89	1	281.26
prudovsky	1	16	245.904979	16	224.72	2	237.75	2	237.75	1	238.9
prudovsky	1	17	365.184979	27	335.18	2	357.02	3	356.27	1	358.3
prudovsky	1	18	407.400979	33	373.82	2	400.26	2	399.54	1	400.91
prudovsky	1	19	480.192979	38	438.53	5	468.24	4	469.03	1	473.12
prudovsky	1	20	241.344979	18	221.92	1	235.17	1	235.17	1	235.17
prudovsky	1	21	368.736979	34	331.97	3	358.26	3	358.26	1	360.21
prudovsky	1	22	321.024979	24	296.26	3	312.48	3	311.38	1	314.24
prudovsky	1	23	248.832979	20	223.41	2	239.79	2	239.94	1	240.92
prudovsky	1	24	798.288979	67	742.03	1	789.28	1	789.28	1	789.28
prudovsky	1	25	393.552979	34	355.78	3	385.41	5	382.77	1	386.89
prudovsky	1	26	437.064979	35	400.31	2	427.62	4	426.07	1	429.27
prudovsky	1	27	624.888979	46	580.14	2	615.19	4	613.9	1	617.16
prudovsky	1	28	307.848979	22	285.99	3	299.82	4	298.53	1	301.42
prudovsky	1	29	414.048979	35	375.63	3	405.47	3	405.47	1	407.59
prudovsky	1	30	532.704979	43	488.69	2	524.25	4	521.77	1	525.4
prudovsky	1	31	635.544979	55	591.03	3	626.16	4	625.23	1	627.72
prudovsky	1	32	374.640979	32	348.81	2	367.53	2	367.76	1	368.37
prudovsky	1	33	225.096979	20	207.49	1	217.06	2	216.03	1	217.06
prudovsky	1	34	354.864979	31	326.89	1	347.35	1	347.35	1	347.35
prudovsky	1	35	353.208979	29	322.33	5	340.94	3	343.36	1	345.08
prudovsky	1	36	498.672979	43	458.32	5	488.28	1	492.23	1	492.23
prudovsky	1	37	400.344979	36	369.28	2	390.52	4	389.04	1	391.16
prudovsky	1	38	345.360979	30	318.09	2	338.21	3	337.14	1	338.96
prudovsky	1	39	264.432979	23	240.74	3	254.87	3	254.87	1	257.23
prudovsky	1	40	245.640979	23	223.0	2	237.61	1	238.52	1	238.52
prudovsky	1	41	647.592979	57	597.85	4	635.77	4	636.64	1	640.19
prudovsky	1	42	432.312979	38	400.97	1	425.39	3	423.54	1	425.39
prudovsky	1	43	430.272979	34	398.58	1	422.8	2	422.17	1	422.8
prudovsky	1	44	376.152979	34	346.0	1	368.61	2	367.42	1	368.61
prudovsky	1	45	348.096979	28	320.05	3	338.24	2	339.52	1	340.88
prudovsky	1	46	412.608979	34	376.88	3	402.9	2	403.11	1	404.58
prudovsky	1	47	458.040979	31	424.03	3	449.49	3	449.49	1	450.84
prudovsky	1	48	337.080979	22	315.9	1	330.88	2	330.15	1	330.88
prudovsky	1	49	451.200979	33	409.78	13	426.72	2	443.41	1	444.29
prudovsky	1	50	336.528979	26	309.82	3	329.23	3	329.23	1	331.1
prudovsky	2	1	255.096979	22	224.12	3	239.94	3	240.99	1	242.32
prudovsky	2	2	309.096979	25	279.93	3	299.4	4	297.65	1	301.9
prudovsky	2	3	347.520979	22	319.98	1	339.57	3	337.99	1	339.57
prudovsky	2	4	442.152979	31	409.21	6	430.14	3	433.7	1	436.5
prudovsky	2	5	284.856979	23	258.23	2	276.96	2	276.44	1	277.72
prudovsky	2	6	395.256979	30	359.69	2	387.24	3	386.09	1	387.9
prudovsky	2	7	346.152979	25	313.55	3	336.41	3	336.41	1	339.37
prudovsky	2	8	452.280979	32	413.86	3	442.43	3	442.43	1	444.97
prudovsky	2	9	487.272979	35	445.34	3	478.71	1	481.06	1	481.06
prudovsky	2	10	451.704979	29	414.37	3	443.17	1	445.1	1	445.1
prudovsky	2	11	165.648979	10	149.85	2	158.88	2	158.45	1	159.83
prudovsky	2	12	710.112979	51	641.73	7	695.27	3	700.49	1	703.94
prudovsky	2	13	333.096979	22	302.76	2	323.57	2	323.57	1	324.72
prudovsky	2	14	456.672979	31	423.01	5	444.97	2	448.25	1	449.38
prudovsky	2	15	356.328979	27	317.35	4	346.58	2	348.29	1	349.6
prudovsky	2	16	502.920979	36	457.18	5	489.81	1	495.25	1	495.25
prudovsky	2	17	258.360979	16	226.65	2	248.91	2	248.91	1	250.13
prudovsky	2	18	361.104979	27	326.6	2	352.73	2	352.73	1	354.18
prudovsky	2	19	345.696979	25	316.27	4	336.6	1	339.55	1	339.55
prudovsky	2	20	309.480979	26	269.13	13	282.01	3	297.73	1	302.82
prudovsky	2	21	467.088979	36	411.41	12	440.11	3	453.96	1	457.83
prudovsky	2	22	406.080979	31	363.33	16	376.97	3	398.07	1	400.87
prudovsky	2	23	417.792979	33	365.5	12	394.04	3	406.86	1	411.36
prudovsky	2	24	258.528979	18	232.85	5	247.72	2	251.25	1	252.39
prudovsky	2	25	450.864979	40	402.61	5	438.64	4	439.98	1	443.6
prudovsky	2	26	438.864979	37	398.83	3	431.12	4	430.25	1	433.2
prudovsky	2	27	271.944979	21	245.76	3	262.89	3	262.89	1	265.48
prudovsky	2	28	564.504979	43	499.26	6	549.75	8	549.36	1	556.95
prudovsky	2	29	626.712979	46	564.36	3	617.13	2	618.31	1	619.71
prudovsky	2	30	485.112979	38	433.94	6	470.1	3	474.76	1	477.31
prudovsky	2	31	225.936979	18	200.86	3	215.84	3	215.84	1	219.77
prudovsky	2	32	503.064979	35	458.39	5	491.08	3	493.76	1	496.97
prudovsky	2	33	336.624979	23	304.94	3	326.9	3	326.57	1	328.91
prudovsky	2	34	458.448979	35	416.14	3	447.41	3	447.47	1	450.03
prudovsky	2	35	374.712979	35	343.95	3	364.02	3	364.02	1	367.89
prudovsky	2	36	413.184979	38	381.27	6	400.4	1	404.34	1	404.34
prudovsky	2	37	312.672979	29	288.42	4	303.91	1	306.92	1	306.92
prudovsky	2	38	362.064979	31	329.6	4	352.56	2	354.87	1	356.88
prudovsky	2	39	479.832979	43	439.67	6	467.33	2	472.51	1	473.37
prudovsky	2	40	361.776979	38	324.64	2	351.55	2	351.55	1	353.05
prudovsky	3	1	245.808979	17	218.47	3	229.1	1	231.68	1	231.68
prudovsky	3	2	224.208979	16	204.09	3	214.62	1	216.72	1	216.72
prudovsky	3	3	217.968979	17	200.34	3	210.28	1	212.09	1	212.09
prudovsky	3	4	476.592979	35	439.81	4	467.23	1	470.44	1	470.44
prudovsky	3	5	335.016979	19	306.69	2	323.64	2	323.64	1	326.24
prudovsky	3	6	431.424979	30	391.56	5	417.58	2	423.12	1	425.56
prudovsky	3	7	482.400979	38	439.76	4	469.89	5	469.19	1	475.83
prudovsky	3	8	448.704979	36	413.82	4	438.86	1	442.41	1	442.41
prudovsky	3	9	276.024979	24	256.98	2	269.42	1	270.2	1	270.2
prudovsky	3	10	293.088979	20	269.69	3	284.16	3	284.16	1	285.89
prudovsky	3	11	536.880979	47	493.84	3	527.4	1	529.36	1	529.36
prudovsky	3	12	132.552979	8	119.88	1	126.43	1	126.43	1	126.43
prudovsky	3	13	813.240979	59	765.42	6	800.62	1	805.47	1	805.47
prudovsky	3	14	693.936979	56	641.51	3	683.73	1	687.19	1	687.19
prudovsky	3	15	452.088979	33	421.44	2	445.19	1	446.5	1	446.5
prudovsky	3	16	506.088979	34	469.64	2	497.36	1	498.28	1	498.28
prudovsky	3	17	252.672979	16	232.37	2	244.2	2	244.15	1	245.39
prudovsky	3	18	337.488979	30	302.57	3	328.43	1	330.52	1	330.52
prudovsky	3	19	465.984979	37	413.89	1	460.15	1	460.15	1	460.15
prudovsky	3	20	429.240979	27	384.83	2	419.97	1	422.31	1	422.31
prudovsky	3	21	328.776979	24	292.59	3	318.0	1	321.47	1	321.47
prudovsky	3	22	442.992979	33	399.84	4	431.17	1	435.79	1	435.79
prudovsky	3	23	584.160979	44	532.23	5	573.04	1	578.1	1	578.1
prudovsky	3	24	261.840979	23	232.51	3	251.51	2	252.58	1	255.32
prudovsky	3	25	692.352979	55	634.07	3	682.58	1	685.27	1	685.27
prudovsky	3	26	562.056979	46	521.81	2	554.04	1	555.55	1	555.55
prudovsky	3	27	418.152979	34	376.38	2	409.66	1	411.1	1	411.1
prudovsky	4	1	512.376979	54	454.54	3	501.79	1	503.96	1	503.96
prudovsky	4	2	354.792979	34	317.52	1	348.38	1	348.38	1	348.38
prudovsky	4	3	556.416979	51	501.84	6	542.64	1	549.03	1	549.03
prudovsky	4	4	573.768979	49	526.42	3	565.08	1	566.95	1	566.95
prudovsky	4	5	428.112979	31	397.1	3	420.16	3	420.16	1	421.65
prudovsky	4	6	360.024979	27	329.47	2	350.77	2	350.77	1	352.86
prudovsky	4	7	936.048979	89	865.17	4	925.85	1	929.19	1	929.19
prudovsky	4	8	337.128979	26	305.02	3	328.24	2	329.42	1	330.05
prudovsky	4	9	335.232979	23	307.44	4	323.79	2	325.86	1	327.04
prudovsky	4	10	401.064979	36	360.06	3	389.36	2	391.22	1	392.52
prudovsky	4	11	467.064979	35	432.04	3	456.9	2	458.03	1	459.17
prudovsky	4	12	182.568979	15	165.59	2	175.5	1	175.74	1	175.74
prudovsky	4	13	365.688979	34	329.89	2	357.19	1	358.84	1	358.84
prudovsky	4	14	514.080979	45	470.74	5	501.33	4	502.4	1	505.61
prudovsky	4	15	481.056979	41	436.9	4	468.02	4	468.02	1	473.25
prudovsky	4	16	603.120979	50	554.9	5	592.48	1	596.44	1	596.44
prudovsky	4	17	141.024979	13	123.13	3	131.5	1	133.97	1	133.97
prudovsky	4	18	455.088979	32	417.2	4	443.82	1	448.32	1	448.32
prudovsky	4	19	299.088979	22	270.28	1	292.23	1	292.23	1	292.23
prudovsky	4	20	353.328979	29	321.59	5	341.55	2	344.78	1	345.61
prudovsky	4	21	413.952979	35	371.8	5	399.82	4	401.58	1	404.79
prudovsky	4	22	478.200979	41	441.48	4	469.57	1	472.72	1	472.72
prudovsky	4	23	343.968979	30	314.76	1	338.25	1	338.25	1	338.25
prudovsky	4	24	306.120979	25	275.2	2	296.07	1	297.32	1	297.32
prudovsky	4	25	192.696979	18	173.3	4	184.68	1	186.85	1	186.85
prudovsky	4	26	697.200979	65	626.39	4	686.99	1	689.41	1	689.41
prudovsky	4	27	273.264979	23	248.96	3	265.43	2	266.08	1	267.04
prudovsky	4	28	362.280979	31	320.74	2	355.13	1	355.94	1	355.94
prudovsky	4	29	418.080979	39	385.79	1	410.49	1	410.49	1	410.49
prudovsky	4	30	245.736979	17	222.53	2	236.2	1	237.56	1	237.56
prudovsky	4	31	538.200979	54	479.58	2	529.82	2	529.82	1	531.19
prudovsky	4	32	459.096979	42	412.69	1	450.52	1	450.52	1	450.52
prudovsky	4	33	478.632979	56	419.18	3	469.87	2	471.32	1	472.4
prudovsky	4	34	269.520979	29	233.19	2	260.3	1	261.92	1	261.92
prudovsky	4	35	431.112979	34	386.5	2	421.26	2	421.26	1	423.03
prudovsky	4	36	197.136979	13	180.07	2	189.21	1	191.07	1	191.07
prudovsky	5	1	572.064979	46	513.71	1	557.84	2	556.56	1	557.84
prudovsky	5	2	465.336979	37	423.13	1	459.63	1	459.63	1	459.63
prudovsky	5	3	383.880979	29	353.89	1	377.0	1	377.0	1	377.0
prudovsky	5	4	708.960979	49	656.13	3	699.95	3	699.95	1	703.33
prudovsky	5	5	412.728979	33	370.41	11	391.44	1	405.24	1	405.24
prudovsky	5	6	316.848979	25	283.24	5	304.81	1	310.35	1	310.35
prudovsky	5	7	395.328979	26	360.26	2	386.3	2	387.07	1	387.78
prudovsky	5	8	280.440979	20	257.82	1	274.65	1	274.65	1	274.65
prudovsky	5	9	413.304979	29	382.82	1	407.29	1	407.29	1	407.29
prudovsky	5	10	288.096979	22	258.27	1	282.1	2	280.0	1	282.1
prudovsky	5	11	446.400979	32	410.05	1	438.98	2	437.65	1	438.98
prudovsky	5	12	486.768979	32	450.64	4	476.53	3	478.21	1	480.92
prudovsky	5	13	274.896979	18	253.51	1	268.53	1	268.53	1	268.53
prudovsky	5	14	320.616979	29	285.97	3	309.5	2	310.77	1	313.47
prudovsky	5	15	319.368979	23	291.52	2	310.58	2	310.58	1	311.99
prudovsky	5	16	305.256979	22	274.26	5	292.69	2	296.94	1	298.16
prudovsky	5	17	298.368979	20	272.14	2	289.73	5	285.64	1	291.07
prudovsky	5	18	241.656979	22	219.26	2	233.17	3	231.96	1	234.19
prudovsky	5	19	266.064979	21	244.46	3	257.51	3	257.51	1	260.52
prudovsky	5	20	255.144979	20	231.85	2	247.86	4	245.53	1	248.31
prudovsky	5	21	285.288979	23	260.25	5	271.88	2	276.22	1	277.48
prudovsky	5	22	379.820408	30	344.02	7	365.71	2	370.79	1	371.74
prudovsky	5	23	291.456979	25	254.75	7	275.18	1	283.81	1	283.81
prudovsky	5	24	285.096979	22	256.22	9	268.89	6	272.54	1	278.81
prudovsky	5	25	228.240979	19	200.84	5	214.46	1	220.74	1	220.74
prudovsky	5	26	277.704979	19	251.1	1	268.66	3	264.98	1	268.66
prudovsky	5	27	302.784979	26	264.59	3	290.94	1	293.54	1	293.54
prudovsky	5	28	919.392979	68	838.29	1	911.98	2	910.19	1	911.98
prudovsky	5	29	388.992979	29	357.08	2	379.76	1	381.5	1	381.5
prudovsky	5	30	299.400979	20	273.2	1	291.61	3	288.92	1	291.61
prudovsky	5	31	452.688979	30	416.97	3	442.77	4	441.85	1	445.52
prudovsky	5	32	625.824979	52	570.69	3	614.07	3	614.07	1	617.7
prudovsky	5	33	370.920979	29	338.55	1	363.88	1	363.88	1	363.88
prudovsky	5	34	169.080979	12	152.85	2	160.65	2	161.45	1	162.34
prudovsky	6	1	246.528979	18	220.97	2	235.39	3	234.53	1	236.34
prudovsky	6	2	293.112979	24	269.66	1	285.77	1	285.77	1	285.77
prudovsky	6	3	222.384979	17	202.61	2	214.17	3	213.42	1	214.8
prudovsky	6	4	277.608979	24	254.19	2	269.81	2	269.97	1	270.88
prudovsky	6	5	230.160979	16	212.09	4	220.66	4	220.46	1	223.45
prudovsky	6	6	359.280979	26	329.82	3	349.64	3	350.38	1	352.28
prudovsky	6	7	370.752979	26	339.62	3	360.58	2	361.96	1	363.33
prudovsky	6	8	435.408979	35	399.12	4	425.5	2	426.95	1	428.7
prudovsky	6	9	320.064979	27	292.21	1	311.25	2	310.36	1	311.25
prudovsky	6	10	575.784979	43	530.66	3	566.72	4	564.33	1	568.36
prudovsky	6	11	293.448979	23	268.23	4	282.71	3	283.09	1	285.58
prudovsky	6	12	279.048979	24	237.4	2	268.2	1	270.4	1	270.4
prudovsky	6	13	450.408979	33	395.71	2	437.61	2	438.09	1	439.3
prudovsky	6	14	218.232979	15	197.96	1	211.3	2	210.29	1	211.3
prudovsky	6	15	504.336979	63	442.04	3	495.16	3	495.16	1	497.08
prudovsky	6	16	111.960979	10	97.24	2	104.59	1	105.67	1	105.67
prudovsky	6	17	281.976979	18	257.25	2	275.16	1	276.23	1	276.23
prudovsky	6	18	324.144979	28	290.06	2	315.32	3	314.1	1	316.39
prudovsky	6	19	450.192979	51	400.94	6	435.39	7	434.03	1	441.87
prudovsky	6	20	136.224979	9	119.48	1	126.36	1	126.36	1	126.36
prudovsky	6	21	464.544979	45	422.57	2	456.73	1	457.5	1	457.5
prudovsky	6	22	561.864979	34	523.06	2	553.32	4	551.12	1	554.63
prudovsky	6	23	245.664979	16	222.97	1	235.36	1	235.36	1	235.36
prudovsky	6	24	485.256979	33	446.59	2	473.57	5	470.25	1	475.11
prudovsky	7	1	443.832979	36	392.65	2	430.88	2	431.2	1	431.74
prudovsky	7	2	309.720979	23	277.8	3	299.72	5	297.47	1	302.68
prudovsky	7	3	402.144979	31	361.77	2	393.58	4	390.42	1	395.42
prudovsky	7	4	336.480979	24	307.03	4	326.99	4	327.06	1	330.64
prudovsky	7	5	381.216979	31	345.36	1	373.56	1	373.56	1	373.56
prudovsky	7	6	541.776979	40	503.27	2	535.25	8	530.63	1	535.84
prudovsky	7	7	392.520979	25	364.41	2	384.48	5	382.1	1	385.47
prudovsky	7	8	458.472979	35	406.38	5	448.05	4	448.94	1	452.51
prudovsky	7	9	712.440979	57	662.93	3	704.23	4	702.48	1	705.71
prudovsky	7	10	222.888979	18	199.71	2	215.41	3	213.88	1	216.78
prudovsky	7	11	542.064979	40	498.34	3	533.54	4	532.55	1	535.82
prudovsky	7	12	190.776979	15	168.7	2	183.87	2	183.87	1	186.56
prudovsky	7	13	321.600979	25	291.8	2	313.48	5	309.95	1	314.65
prudovsky	7	14	306.576979	20	277.55	1	299.87	3	297.67	1	299.87
prudovsky	7	15	273.288979	20	249.88	1	266.75	2	265.98	1	266.75
prudovsky	7	16	467.496979	31	432.23	1	458.46	3	456.53	1	458.46
prudovsky	7	17	169.368979	13	150.37	2	161.0	2	161.18	1	162.53
prudovsky	7	18	408.096979	31	372.29	1	399.19	4	395.71	1	399.19
prudovsky	7	19	411.552979	30	377.98	1	402.94	4	400.34	1	402.94
prudovsky	7	20	604.800979	48	546.94	3	595.62	5	593.49	1	597.59
prudovsky	7	21	306.936979	25	277.7	2	298.89	4	297.1	1	299.44
prudovsky	8	1	336.096979	22	296.58	1	326.1	5	321.31	1	326.1
prudovsky	8	2	329.736979	23	301.68	1	322.74	3	320.73	1	322.74
prudovsky	8	3	226.152979	18	202.39	1	219.47	2	218.21	1	219.47
prudovsky	8	4	305.376979	22	277.43	2	296.35	2	297.01	1	297.96
prudovsky	9	1	371.760979	28	330.46	3	351.76	3	351.57	1	353.67
prudovsky	9	2	501.816979	36	461.98	4	490.35	4	490.04	1	494.06
prudovsky	9	3	259.464979	21	233.84	2	250.89	3	250.41	1	251.98
prudovsky	9	4	319.920979	22	292.79	1	312.33	4	309.27	1	312.33
prudovsky	9	5	180.912979	12	163.85	1	174.48	2	173.5	1	174.48
prudovsky	9	6	317.616979	21	288.12	1	309.78	3	306.57	1	309.78
prudovsky	9	7	240.912979	17	214.6	2	231.24	3	230.74	1	232.55
prudovsky	9	8	244.200979	22	215.27	2	235.16	3	234.41	1	236.15
prudovsky	9	9	390.120979	27	360.06	1	382.8	2	382.29	1	382.8
prudovsky	9	10	336.048979	27	308.25	2	327.43	4	325.0	1	328.86
prudovsky	9	11	190.104979	15	173.75	1	182.35	3	181.42	1	182.35
prudovsky	9	12	324.456979	25	297.74	1	317.01	3	315.02	1	317.01
prudovsky	9	13	299.424979	23	269.13	1	292.23	3	290.22	1	292.23
prudovsky	9	14	726.768979	52	669.49	3	716.24	6	713.66	1	718.13
prudovsky	9	15	428.376979	35	389.83	2	419.83	3	418.38	1	420.06
prudovsky	9	16	311.112979	23	285.85	2	302.88	2	303.26	1	304.06
prudovsky	9	17	740.160979	58	681.95	2	729.51	5	726.54	1	730.91
prudovsky	9	18	369.768979	30	337.28	2	362.16	3	360.8	1	362.76
prudovsky	9	19	318.888979	24	287.94	1	309.91	3	307.44	1	309.91
prudovsky	9	20	536.472979	43	487.77	2	526.73	3	526.1	1	528.4
prudovsky	9	21	201.624979	15	179.42	1	192.52	2	191.44	1	192.52
prudovsky	9	22	324.192979	23	293.02	1	315.82	4	312.27	1	315.82
prudovsky	9	23	345.672979	28	309.19	2	331.14	3	330.44	1	331.78
prudovsky	9	24	295.848979	23	265.48	1	287.5	3	286.09	1	287.5
prudovsky	9	25	611.832979	44	554.01	2	601.34	4	597.8	1	603.0
prudovsky	9	26	379.536979	25	348.6	1	372.17	3	370.17	1	372.17
prudovsky	9	27	169.704979	12	149.44	1	161.48	2	160.53	1	161.48
prudovsky	9	28	321.504979	25	293.45	3	310.91	4	310.85	1	312.76
prudovsky	9	29	158.808979	11	143.26	1	150.34	1	150.34	1	150.34
prudovsky	9	30	349.008979	31	319.88	2	338.41	4	336.62	1	339.56
prudovsky	9	31	160.992979	13	141.83	1	151.22	2	149.49	1	151.22
prudovsky	10	1	318.648979	27	280.21	2	298.78	3	297.71	1	300.05
prudovsky	10	2	392.928979	32	359.25	2	384.0	4	381.76	1	384.47
prudovsky	10	3	494.232979	39	455.41	2	485.06	5	481.46	1	486.41
prudovsky	10	4	193.272979	12	175.55	2	183.08	2	184.15	1	184.48
prudovsky	10	5	312.312979	25	283.83	4	301.37	3	301.83	1	304.47
prudovsky	10	6	314.688979	23	284.42	2	304.0	4	301.66	1	304.96
prudovsky	10	7	371.112979	29	341.59	2	361.58	3	360.96	1	362.81
prudovsky	10	8	241.944979	18	218.87	1	233.34	2	232.35	1	233.34
prudovsky	10	9	166.200979	13	152.1	1	159.49	1	159.49	1	159.49
prudovsky	10	10	241.632979	19	224.13	1	235.17	2	234.29	1	235.17
prudovsky	10	11	371.928979	27	341.72	2	362.7	4	360.36	1	363.47
prudovsky	10	12	411.048979	31	377.87	3	400.11	3	400.95	1	402.8
prudovsky	10	13	514.296979	39	476.35	2	504.38	3	503.0	1	505.64
prudovsky	10	14	447.576979	33	414.25	2	438.59	3	437.46	1	440.03
prudovsky	10	15	471.072979	37	433.93	2	458.83	3	457.9	1	459.89
prudovsky	10	16	301.344979	23	276.05	2	292.55	3	290.86	1	293.77
prudovsky	10	17	386.160979	29	357.77	1	379.96	3	377.07	1	379.96
prudovsky	10	18	456.696979	33	422.21	2	447.54	6	443.29	1	449.02
prudovsky	10	19	601.152979	43	563.31	1	594.57	5	590.52	1	594.57
prudovsky	10	20	378.024979	26	352.86	1	370.17	2	369.3	1	370.17
prudovsky	10	21	341.496979	22	315.69	2	331.13	5	328.37	1	332.53
prudovsky	10	22	402.840979	51	369.47	1	394.09	1	394.09	1	394.09
prudovsky	10	23	413.304979	39	374.02	3	402.37	2	403.55	1	405.04
prudovsky	10	24	373.368979	25	346.17	2	363.61	5	360.43	1	364.71
prudovsky	11	1	634.944979	53	585.0	3	618.45	4	618.42	1	620.44
prudovsky	11	2	788.592979	46	746.24	3	778.12	5	774.72	1	780.36
prudovsky	11	3	366.432979	28	337.19	3	356.67	4	355.15	1	358.68
prudovsky	11	4	350.040979	34	311.1	3	338.53	3	339.07	1	341.51
prudovsky	11	5	225.192979	18	203.1	2	216.64	2	216.09	1	217.48
prudovsky	11	6	405.768979	38	372.13	3	396.16	4	395.91	1	398.24
prudovsky	11	7	596.736979	51	553.7	3	585.77	2	586.69	1	588.35
prudovsky	11	8	922.800979	66	871.01	4	910.12	5	909.17	1	914.26
prudovsky	11	9	360.576979	28	335.27	2	352.1	4	349.44	1	353.03
prudovsky	11	10	412.488979	29	384.13	3	402.97	3	403.94	1	405.19
prudovsky	11	11	587.832979	43	546.73	3	576.85	5	574.49	1	579.33
prudovsky	11	12	479.064979	33	443.54	3	468.73	4	467.21	1	470.63
prudovsky	11	13	495.792979	34	461.2	2	485.39	4	482.77	1	487.1
prudovsky	11	14	439.800979	31	403.33	3	428.12	6	424.36	1	431.17
prudovsky	11	15	429.960979	34	392.77	7	414.33	4	418.03	1	421.85
prudovsky	11	16	452.832979	34	413.98	10	435.12	5	440.24	1	445.72
prudovsky	11	17	286.824979	24	257.11	1	279.34	3	277.11	1	279.34
prudovsky	11	18	615.744979	46	550.24	2	603.84	7	582.25	1	605.06
prudovsky	11	19	319.752979	21	295.59	1	311.96	4	308.92	1	311.96
prudovsky	11	20	606.600979	43	558.49	5	592.5	5	593.38	1	598.57
prudovsky	11	21	412.920979	29	378.0	2	402.55	4	400.49	1	403.8
prudovsky	11	22	675.408979	53	614.87	6	660.21	4	661.9	1	665.34
prudovsky	12	1	299.040979	18	267.49	3	279.65	3	278.86	1	281.35
prudovsky	12	2	356.784979	25	327.39	2	347.92	4	345.74	1	348.75
prudovsky	12	3	352.344979	27	325.74	3	341.08	4	339.97	1	343.29
prudovsky	12	4	534.096979	44	493.68	3	524.1	4	521.38	1	526.47
prudovsky	12	5	413.976979	27	386.22	3	404.13	3	404.19	1	406.2
prudovsky	12	6	408.120979	33	378.3	3	397.52	5	396.09	1	401.38
prudovsky	12	7	298.176979	20	281.21	1	290.91	4	287.89	1	290.91
prudovsky	12	8	407.016979	29	377.56	5	394.38	5	394.06	1	400.34
prudovsky	12	9	523.896979	37	491.82	2	514.19	4	512.17	1	515.45
prudovsky	12	10	516.240979	36	481.19	6	503.98	4	505.2	1	508.39
prudovsky	12	11	287.064979	21	262.15	3	276.59	3	276.59	1	277.97
prudovsky	12	12	293.040979	21	268.15	4	280.86	3	281.81	1	285.45
prudovsky	12	13	338.256979	25	308.75	6	323.94	4	325.27	1	330.02
prudovsky	12	14	374.928979	29	343.86	8	358.1	5	360.97	1	367.03
prudovsky	12	15	459.264979	38	418.78	14	437.25	7	443.9	1	451.07
prudovsky	12	16	283.344979	20	260.42	2	273.7	4	271.93	1	275.3
prudovsky	12	17	545.640979	41	507.22	4	532.79	3	532.81	1	535.2
prudovsky	12	18	522.072979	37	483.86	4	509.06	5	507.95	1	512.48
prudovsky	12	19	509.136979	37	471.74	4	498.08	5	496.82	1	502.18
prudovsky	12	20	301.104979	21	271.58	4	287.67	4	286.61	1	291.21
prudovsky	12	21	333.024979	26	303.48	5	318.38	4	320.01	1	323.8
prudovsky	12	22	288.120979	20	266.37	3	279.58	4	278.2	1	281.98
prudovsky	12	23	588.048979	37	545.16	6	572.63	7	571.72	1	579.81
prudovsky	12	24	253.080979	20	228.75	5	239.05	3	241.56	1	243.73
prudovsky	12	25	409.152979	30	369.04	3	390.26	6	386.37	1	394.04
prudovsky	13	1	476.472979	54	428.92	9	453.78	3	458.7	1	459.4
prudovsky	13	2	483.696979	55	434.08	11	464.21	1	475.65	1	475.65
prudovsky	13	3	218.640979	24	194.72	4	207.62	2	209.23	1	210.29
prudovsky	13	4	442.272979	43	400.09	11	423.13	3	429.51	1	432.08
prudovsky	13	5	315.312979	26	288.69	6	302.87	5	303.57	1	307.91
prudovsky	13	6	679.392979	81	615.67	7	661.68	7	661.2	1	668.41
prudovsky	13	7	457.632979	40	417.33	6	441.98	6	441.98	1	448.76
prudovsky	13	8	285.096979	40	250.01	4	273.75	2	275.04	1	276.38
prudovsky	13	9	438.312979	44	400.91	7	423.74	5	424.84	1	429.51
prudovsky	13	10	165.888979	14	149.33	2	156.25	3	155.67	1	157.48
prudovsky	13	11	476.280979	47	433.91	6	459.81	5	460.5	1	466.58
prudovsky	13	12	413.640979	40	383.94	6	400.86	5	401.47	1	405.44
prudovsky	13	13	164.184979	14	146.22	1	155.58	3	154.16	1	155.58
prudovsky	13	14	167.256979	17	149.02	2	157.93	3	157.54	1	159.44
prudovsky	13	15	330.384979	29	302.02	4	319.87	3	320.66	1	322.78
prudovsky	13	16	406.416979	43	367.84	4	392.69	4	392.71	1	397.46
prudovsky	13	17	343.872979	27	313.59	3	331.94	2	333.36	1	334.52
prudovsky	13	18	193.488979	17	172.3	3	182.05	2	182.69	1	183.76
prudovsky	13	19	261.096979	19	239.18	3	250.05	3	249.45	1	251.72
prudovsky	13	20	127.368979	8	115.88	2	117.92	2	117.92	1	118.93
prudovsky	13	21	425.136979	30	391.69	4	413.3	5	411.58	1	415.98
prudovsky	13	22	261.024979	19	237.82	3	248.67	2	250.38	1	251.71
prudovsky	13	23	303.672979	32	273.22	4	290.68	5	287.67	1	292.16
prudovsky	13	24	269.424979	31	241.37	2	259.74	2	259.74	1	260.77
prudovsky	13	25	280.752979	31	254.78	2	272.32	1	272.55	1	272.55
prudovsky	13	26	346.080979	32	312.66	3	332.85	3	332.92	1	336.12
prudovsky	13	27	377.112979	34	332.89	4	363.72	4	363.72	1	368.44
prudovsky	13	28	328.056979	21	303.13	3	316.53	3	316.53	1	318.95
prudovsky	13	29	426.144979	30	389.3	6	408.86	5	410.34	1	416.78
prudovsky	14	1	234.456979	17	205.5	3	216.78	4	214.9	1	218.7
prudovsky	14	2	273.552979	18	251.18	3	261.88	3	261.88	1	264.22
prudovsky	14	3	193.248979	17	171.6	1	182.71	2	181.83	1	182.71
prudovsky	14	4	238.056979	22	217.18	1	230.66	3	228.63	1	230.66
prudovsky	14	5	202.200979	14	185.54	2	192.35	4	191.0	1	193.23
prudovsky	14	6	634.272979	42	592.11	2	622.13	2	622.13	1	623.91
prudovsky	14	7	322.320979	22	294.22	3	309.92	3	311.28	1	313.39
prudovsky	14	8	233.904979	18	207.54	4	220.99	4	220.99	1	224.55
prudovsky	14	9	414.696979	31	379.99	4	400.62	3	403.2	1	405.23
prudovsky	14	10	259.080979	19	233.39	3	246.97	2	248.5	1	249.87
prudovsky	14	11	256.920979	23	231.14	4	242.64	4	242.64	1	247.44
prudovsky	14	12	231.360979	16	209.1	4	218.46	3	219.2	1	222.19
prudovsky	14	13	306.360979	22	278.17	3	292.97	3	293.24	1	296.7
prudovsky	14	14	215.424979	15	196.08	2	205.06	2	205.06	1	207.08
prudovsky	14	15	240.312979	19	214.22	2	228.62	2	229.59	1	230.91
prudovsky	14	16	212.184979	14	191.87	3	199.97	3	200.16	1	203.28
prudovsky	14	17	216.744979	19	192.26	3	205.15	2	205.66	1	207.08
prudovsky	14	18	457.392979	34	421.04	3	445.48	3	445.06	1	448.79
prudovsky	14	19	171.744979	11	151.65	2	160.37	2	160.37	1	161.78
prudovsky	14	20	517.248979	37	473.04	8	498.87	6	501.31	1	508.03
prudovsky	14	21	287.640979	20	260.34	6	271.28	5	271.18	1	276.55
prudovsky	14	22	213.984979	12	192.35	2	201.1	3	199.72	1	202.15
prudovsky	14	23	321.792979	21	297.37	2	311.31	3	310.0	1	313.07
prudovsky	14	24	404.040979	27	370.6	5	388.11	4	390.26	1	393.49
prudovsky	14	25	413.136979	28	381.56	4	398.28	7	395.89	1	404.61
prudovsky	14	26	322.824979	23	297.42	4	310.23	4	310.68	1	313.06
prudovsky	14	27	114.144979	9	99.75	2	104.37	1	105.34	1	105.34
prudovsky	14	28	408.696979	27	375.45	5	393.4	5	393.15	1	398.91
prudovsky	14	29	524.640979	36	481.71	3	512.45	5	508.09	1	515.21
prudovsky	14	30	396.528979	27	362.91	3	384.87	3	383.86	1	387.09
prudovsky	14	31	354.648979	21	326.86	3	342.65	3	341.85	1	345.26
prudovsky	14	32	486.048979	33	441.82	4	469.78	7	463.85	1	475.39
prudovsky	14	33	345.192979	25	314.67	4	331.29	5	330.51	1	336.35
prudovsky	14	34	535.896979	33	494.97	5	518.69	6	517.19	1	525.02
prudovsky	14	35	535.248979	27	496.11	4	518.64	2	521.13	1	524.39
prudovsky	14	36	481.416979	23	457.35	6	467.14	7	467.14	1	472.0
prudovsky	15	1	170.448979	11	152.36	3	157.32	2	158.19	1	159.26
prudovsky	15	2	478.560979	70	421.85	8	461.26	9	460.24	1	469.47
prudovsky	15	3	236.568979	13	215.32	4	222.28	2	224.94	1	226.8
prudovsky	15	4	332.016979	24	303.84	4	317.66	4	318.86	1	322.47
prudovsky	15	5	238.848979	17	216.68	3	227.86	3	227.86	1	230.05
prudovsky	15	6	341.054694	22	312.43	2	329.28	4	327.44	1	330.83
prudovsky	15	7	386.112979	28	351.71	3	371.87	5	370.17	1	376.82
prudovsky	15	8	492.024979	36	449.01	4	477.58	6	474.73	1	482.74
prudovsky	15	9	296.304979	15	273.8	2	286.09	2	286.69	1	287.47
prudovsky	15	10	492.024979	44	445.23	4	477.06	4	476.21	1	481.79
prudovsky	16	1	203.064979	11	179.94	2	189.83	2	189.83	1	191.09
prudovsky	16	2	313.248979	20	289.46	4	302.12	2	303.87	1	305.65
prudovsky	16	3	393.552979	32	362.71	1	384.8	1	384.8	1	384.8
prudovsky	16	4	302.784979	23	275.65	4	290.65	3	291.6	1	294.52
prudovsky	16	5	317.736979	19	292.84	3	306.26	4	305.53	1	310.22
prudovsky	16	6	284.352979	19	257.52	4	269.75	4	269.92	1	274.59
prudovsky	16	7	569.592979	73	509.81	3	558.3	8	553.99	1	561.87
prudovsky	16	8	347.976979	18	321.03	3	333.95	2	335.85	1	337.72
prudovsky	16	9	655.608979	38	616.79	1	646.53	3	644.82	1	646.53
prudovsky	16	10	348.960979	39	319.5	1	340.54	3	338.21	1	340.54
prudovsky	16	11	384.624979	36	347.3	3	372.48	8	365.38	1	374.16
prudovsky	16	12	492.408979	47	442.08	5	476.84	6	474.36	1	483.04
prudovsky	16	13	457.176979	31	415.72	4	443.39	5	441.07	1	448.58
prudovsky	17	1	509.352979	22	305.62	22	305.62	3	320.76	1	322.05
prudovsky	17	2	367.800979	23	340.02	23	340.02	6	354.04	1	360.27
prudovsky	17	3	402.840979	15	384.5	15	384.5	2	393.68	1	393.97
prudovsky	17	4	576.096979	17	535.64	17	535.64	4	547.3	1	567.76
prudovsky	17	5	326.472979	14	311.78	14	311.78	3	317.22	1	317.63
prudovsky	17	6	207.744979	14	190.21	14	190.21	3	199.25	1	199.75
prudovsky	17	7	146.280979	10	132.53	10	132.53	3	137.71	1	139.34
prudovsky	17	8	548.952979	17	531.24	17	531.24	3	540.4	1	542.25
prudovsky	17	9	450.528979	32	418.79	32	418.79	5	439.15	1	442.59
prudovsky	17	10	173.856979	3	162.46	3	162.46	1	163.79	1	163.79
prudovsky	18	1	297.960979	22	268.89	4	282.75	4	282.75	1	287.0
prudovsky	18	2	221.784979	13	205.27	2	214.31	3	213.51	1	215.44
prudovsky	18	3	202.392979	26	178.42	1	196.46	2	195.78	1	196.46
prudovsky	18	4	164.088979	21	141.77	1	157.41	2	155.99	1	157.41
prudovsky	18	5	195.552979	27	173.79	1	190.26	3	188.59	1	190.26
prudovsky	18	6	218.616979	30	193.74	1	211.85	4	209.52	1	211.85
prudovsky	18	7	178.056979	21	158.67	1	171.61	2	171.03	1	171.61
prudovsky	18	8	149.664979	22	129.47	1	143.24	3	141.48	1	143.24
prudovsky	18	9	258.432979	35	232.82	1	252.19	3	251.01	1	252.19
prudovsky	18	10	189.696979	22	165.86	1	182.59	3	180.69	1	182.59
prudovsky	18	11	167.712979	20	148.61	1	160.98	3	159.32	1	160.98
prudovsky	18	12	177.960979	25	155.96	1	170.51	2	169.92	1	170.51
prudovsky	18	13	200.040979	28	175.46	1	192.27	3	191.2	1	192.27
prudovsky	18	14	178.080979	22	159.2	1	171.43	4	168.99	1	171.43
prudovsky	18	15	254.280979	35	226.97	1	247.47	2	246.65	1	247.47
prudovsky	18	16	181.632979	22	156.64	1	174.1	2	172.88	1	174.1
prudovsky	18	17	124.776979	16	105.2	1	118.34	2	117.79	1	118.34
prudovsky	18	18	148.464979	21	127.64	1	142.08	1	142.08	1	142.08
prudovsky	18	19	220.824979	29	195.01	1	213.84	5	211.38	1	213.84
prudovsky	18	20	205.128979	29	180.57	1	198.85	2	197.98	1	198.85
prudovsky	18	21	238.224979	34	208.55	1	231.09	3	229.45	1	231.09
prudovsky	18	22	211.272979	30	186.31	1	203.75	3	202.02	1	203.75
prudovsky	18	23	127.056979	17	108.46	1	119.04	2	118.63	1	119.04
prudovsky	18	24	202.008979	25	179.45	1	193.99	4	191.67	1	193.99
prudovsky	18	25	50.232979	6	39.53	1	43.46	1	43.46	1	43.46
prudovsky	18	26	96.072979	14	82.08	1	88.81	2	88.61	1	88.81
prudovsky	18	27	168.024979	23	146.19	1	160.64	3	160.05	1	160.64
prudovsky	18	28	213.744979	28	187.35	1	206.31	4	204.42	1	206.31
prudovsky	18	29	168.432979	25	145.87	1	161.14	1	161.14	1	161.14
prudovsky	18	30	223.104979	31	199.29	1	216.66	4	214.72	1	216.66
prudovsky	18	31	314.424979	40	281.61	1	307.86	10	300.17	1	307.86
prudovsky	18	32	188.760979	22	167.64	1	182.42	4	179.88	1	182.42
prudovsky	18	33	245.952979	33	219.37	1	239.17	5	236.19	1	239.17
prudovsky	18	34	300.024979	37	267.78	1	293.64	5	289.58	1	293.64
prudovsky	18	35	129.264979	16	112.28	1	123.25	2	122.53	1	123.25
prudovsky	18	36	258.072979	33	228.61	1	250.25	4	247.99	1	250.25
prudovsky	18	37	188.064979	24	166.82	1	181.54	3	180.28	1	181.54
prudovsky	18	38	306.096979	41	266.98	1	299.1	2	297.72	1	299.1
prudovsky	18	39	257.064979	35	223.53	1	249.88	6	244.68	1	249.88
prudovsky	18	40	206.088979	27	175.94	1	199.09	3	196.31	1	199.09
prudovsky	18	41	180.072979	26	163.53	1	173.83	2	173.82	1	173.83
prudovsky	18	42	227.040979	17	205.07	4	216.41	4	216.91	1	220.96
prudovsky	19	1	71.064979	6	54.05	1	58.07	1	58.07	1	58.07
prudovsky	19	2	108.960979	12	94.65	1	102.9	1	102.9	1	102.9
prudovsky	19	3	80.544979	9	69.39	1	76.77	1	76.77	1	76.77
prudovsky	19	4	92.256979	9	79.83	1	87.89	1	87.89	1	87.89
prudovsky	19	5	126.312979	13	111.37	1	121.59	1	121.59	1	121.59
prudovsky	19	6	93.552979	11	81.66	1	89.55	1	89.55	1	89.55
prudovsky	19	7	170.736979	18	151.62	1	166.02	1	166.02	1	166.02
prudovsky	19	8	94.104979	10	81.88	1	89.42	1	89.42	1	89.42
prudovsky	19	9	338.856979	39	310.13	1	334.4	1	334.4	1	334.4
prudovsky	19	10	77.064979	7	62.76	1	66.67	1	66.67	1	66.67
prudovsky	19	11	81.072979	9	69.61	1	76.86	1	76.86	1	76.86
prudovsky	19	12	58.968979	6	50.19	1	54.07	1	54.07	1	54.07
prudovsky	19	13	81.192979	7	67.47	1	71.75	1	71.75	1	71.75
prudovsky	19	14	63.096979	5	51.46	1	54.71	1	54.71	1	54.71
prudovsky	19	15	110.256979	11	94.55	1	102.38	1	102.38	1	102.38
prudovsky	19	16	144.360979	15	128.57	1	135.81	1	135.81	1	135.81
prudovsky	19	17	451.128979	51	408.22	1	446.31	1	446.31	1	446.31
prudovsky	19	18	152.472979	15	133.24	1	146.26	1	146.26	1	146.26
prudovsky	19	19	94.080979	10	79.11	1	87.84	1	87.84	1	87.84
prudovsky	19	20	126.528979	14	109.42	1	121.47	1	121.47	1	121.47
prudovsky	19	21	313.944979	32	283.81	1	309.09	1	309.09	1	309.09
prudovsky	19	22	66.120979	6	53.41	1	58.19	1	58.19	1	58.19
prudovsky	19	23	100.056979	10	84.14	1	92.22	1	92.22	1	92.22
prudovsky	19	24	180.864979	22	158.12	1	175.43	1	175.43	1	175.43
prudovsky	19	25	100.176979	12	83.04	1	91.88	1	91.88	1	91.88
prudovsky	19	26	163.248979	14	143.71	1	155.78	1	155.78	1	155.78
prudovsky	19	27	105.168979	9	92.21	1	99.25	1	99.25	1	99.25
prudovsky	19	28	102.864979	11	87.6	1	94.76	1	94.76	1	94.76
prudovsky	19	29	118.536979	13	103.64	1	113.66	1	113.66	1	113.66
prudovsky	19	30	241.536979	25	217.85	1	235.71	1	235.71	1	235.71
prudovsky	19	31	124.704979	11	105.44	1	114.89	1	114.89	1	114.89
prudovsky	19	32	172.728979	22	149.26	1	164.31	1	164.31	1	164.31
prudovsky	19	33	185.064979	23	162.49	1	180.16	1	180.16	1	180.16
prudovsky	19	34	294.000979	28	261.71	1	279.55	1	279.55	1	279.55
prudovsky	19	35	124.152979	13	108.2	1	119.76	1	119.76	1	119.76
prudovsky	19	36	354.024979	40	317.9	1	346.91	1	346.91	1	346.91
prudovsky	19	37	192.216979	23	170.33	1	185.86	1	185.86	1	185.86
prudovsky	19	38	163.104979	14	143.95	1	156.49	1	156.49	1	156.49
prudovsky	19	39	202.224979	18	181.58	1	196.66	1	196.66	1	196.66
prudovsky	19	40	127.848979	14	111.21	1	122.98	1	122.98	1	122.98
prudovsky	19	41	136.896979	12	117.99	1	131.34	1	131.34	1	131.34
prudovsky	19	42	61.992979	5	52.36	1	55.14	1	55.14	1	55.14
prudovsky	19	43	231.192979	27	204.7	1	225.04	1	225.04	1	225.04
prudovsky	19	44	205.128979	18	182.49	1	197.63	1	197.63	1	197.63
prudovsky	19	45	109.248979	12	95.02	1	104.19	1	104.19	1	104.19
prudovsky	19	46	83.952979	10	70.3	1	78.28	1	78.28	1	78.28
prudovsky	19	47	119.856979	15	102.67	1	114.7	1	114.7	1	114.7
prudovsky	19	48	177.048979	21	152.0	1	171.22	1	171.22	1	171.22
prudovsky	19	49	201.336979	23	172.87	1	193.22	1	193.22	1	193.22
prudovsky	19	50	180.048979	21	156.98	2	173.35	1	174.56	1	174.56
prudovsky	19	51	102.336979	11	88.27	2	96.18	1	97.8	1	97.8
prudovsky	19	52	87.600979	7	74.87	1	81.61	1	81.61	1	81.61
prudovsky	19	53	81.312979	9	69.28	2	75.32	1	76.46	1	76.46
prudovsky	19	54	212.040979	24	190.02	1	207.36	1	207.36	1	207.36
prudovsky	19	55	131.328979	14	113.39	1	125.28	1	125.28	1	125.28
prudovsky	19	56	121.752979	12	108.99	1	117.11	1	117.11	1	117.11
prudovsky	19	57	113.088979	12	102.06	1	108.83	1	108.83	1	108.83
prudovsky	19	58	187.152979	18	170.11	1	181.82	1	181.82	1	181.82
prudovsky	19	59	130.056979	14	113.17	2	122.94	1	123.72	1	123.72
prudovsky	19	60	70.728979	9	59.19	1	65.39	1	65.39	1	65.39
prudovsky	19	61	125.736979	13	110.18	1	120.6	1	120.6	1	120.6
prudovsky	19	62	106.800979	12	91.76	1	100.75	1	100.75	1	100.75
prudovsky	19	63	93.096979	11	81.47	1	88.04	1	88.04	1	88.04
prudovsky	19	64	140.280979	14	124.93	1	135.12	1	135.12	1	135.12
prudovsky	19	65	175.680979	20	146.56	1	161.22	1	161.22	1	161.22
prudovsky	19	66	67.008979	8	55.66	1	62.2	1	62.2	1	62.2
prudovsky	19	67	363.072979	36	331.72	1	359.07	1	359.07	1	359.07
prudovsky	19	68	355.320979	37	319.89	1	350.07	1	350.07	1	350.07
prudovsky	19	69	70.104979	6	57.12	1	63.85	1	63.85	1	63.85
prudovsky	19	70	224.040979	24	202.38	1	217.71	1	217.71	1	217.71
prudovsky	19	71	182.712979	20	157.93	1	172.97	1	172.97	1	172.97
prudovsky	19	72	221.568979	28	194.59	1	211.94	1	211.94	1	211.94
prudovsky	19	73	203.280979	23	183.46	1	196.27	1	196.27	1	196.27
prudovsky	19	74	98.904979	11	85.13	1	92.93	1	92.93	1	92.93
prudovsky	19	75	105.720979	13	90.26	1	100.84	1	100.84	1	100.84
prudovsky	19	76	169.416979	21	149.86	1	164.33	1	164.33	1	164.33
prudovsky	19	77	580.560979	72	526.72	1	574.73	1	574.73	1	574.73
prudovsky	19	78	144.936979	13	126.89	1	136.76	1	136.76	1	136.76
prudovsky	19	79	171.336979	20	152.19	1	166.01	1	166.01	1	166.01
prudovsky	19	80	158.376979	17	139.49	1	152.82	1	152.82	1	152.82
prudovsky	19	81	77.496979	8	63.43	1	70.02	1	70.02	1	70.02
prudovsky	19	82	151.344979	19	130.6	1	144.86	1	144.86	1	144.86
prudovsky	19	83	136.800979	13	118.59	1	130.84	1	130.84	1	130.84
prudovsky	19	84	117.216979	14	99.19	1	111.34	1	111.34	1	111.34
prudovsky	19	85	165.816979	17	146.73	1	158.99	1	158.99	1	158.99
prudovsky	19	86	72.456979	7	61.49	1	67.03	1	67.03	1	67.03
prudovsky	19	87	182.640979	19	158.58	1	176.96	1	176.96	1	176.96
prudovsky	19	88	418.752979	53	373.99	1	413.12	1	413.12	1	413.12
prudovsky	19	89	170.496979	17	148.36	1	164.08	1	164.08	1	164.08
prudovsky	19	90	139.752979	16	117.68	1	127.05	1	127.05	1	127.05
prudovsky	19	91	121.056979	16	102.83	1	113.96	1	113.96	1	113.96
prudovsky	19	92	58.872979	5	47.61	1	51.94	1	51.94	1	51.94
prudovsky	19	93	194.592979	23	172.78	1	189.77	1	189.77	1	189.77
prudovsky	19	94	105.384979	11	91.8	1	98.53	1	98.53	1	98.53
prudovsky	19	95	121.320979	13	107.63	1	114.67	1	114.67	1	114.67
prudovsky	19	96	101.520979	12	87.21	1	93.85	1	93.85	1	93.85
prudovsky	19	97	81.720979	9	69.89	1	73.74	1	73.74	1	73.74
prudovsky	19	98	92.232979	9	78.93	1	84.35	1	84.35	1	84.35
prudovsky	19	99	49.752979	5	37.68	1	39.67	1	39.67	1	39.67
prudovsky	19	100	86.328979	8	74.47	1	79.46	1	79.46	1	79.46
prudovsky	19	101	228.408979	29	202.62	1	222.56	1	222.56	1	222.56
prudovsky	19	102	169.224979	22	145.57	1	160.29	1	160.29	1	160.29
prudovsky	19	103	267.648979	35	242.07	1	261.68	1	261.68	1	261.68
prudovsky	19	104	335.088979	45	297.04	1	326.67	1	326.67	1	326.67
prudovsky	19	105	359.832979	48	319.34	1	350.73	1	350.73	1	350.73
prudovsky	19	106	308.616979	43	277.41	1	300.15	1	300.15	1	300.15
prudovsky	19	107	122.976979	14	104.18	1	118.13	1	118.13	1	118.13
prudovsky	19	108	244.536979	31	215.61	1	234.02	1	234.02	1	234.02
prudovsky	19	109	78.696979	7	63.68	1	69.15	1	69.15	1	69.15
prudovsky	19	110	91.080979	10	75.63	1	83.2	1	83.2	1	83.2
prudovsky	19	111	93.648979	10	77.76	1	85.84	1	85.84	1	85.84
prudovsky	19	112	73.128979	9	61.35	1	66.28	1	66.28	1	66.28
prudovsky	19	113	199.464979	26	173.0	1	193.43	1	193.43	1	193.43
prudovsky	19	114	71.928979	8	58.42	1	64.09	1	64.09	1	64.09
prudovsky	19	115	72.984979	10	60.62	1	67.5	1	67.5	1	67.5
prudovsky	19	116	20.856979	2	14.38	1	14.89	1	14.89	1	14.89
prudovsky	19	117	219.048979	29	192.46	1	211.43	1	211.43	1	211.43
prudovsky	19	118	1289.424979	176	1131.9	3	1276.41	1	1277.14	1	1277.14
prudovsky	19	119	57.144979	7	40.97	1	45.78	1	45.78	1	45.78
prudovsky	19	120	59.880979	8	47.02	1	52.67	1	52.67	1	52.67
prudovsky	19	121	71.880979	9	59.52	1	66.18	1	66.18	1	66.18
prudovsky	19	122	45.144979	4	34.7	1	36.79	1	36.79	1	36.79
prudovsky	19	123	64.176979	8	49.12	1	53.36	1	53.36	1	53.36
prudovsky	19	124	61.392979	5	46.37	1	49.02	1	49.02	1	49.02
prudovsky	19	125	53.328979	6	40.49	1	44.27	1	44.27	1	44.27
prudovsky	19	126	67.512979	5	57.05	1	61.13	1	61.13	1	61.13
prudovsky	19	127	54.840979	6	41.1	1	45.79	1	45.79	1	45.79
prudovsky	19	128	64.464979	8	51.66	1	56.05	1	56.05	1	56.05
prudovsky	19	129	66.672979	8	51.19	1	57.63	1	57.63	1	57.63
prudovsky	19	130	45.336979	3	33.22	1	35.13	1	35.13	1	35.13
prudovsky	19	131	139.056979	18	117.0	1	128.73	1	128.73	1	128.73
prudovsky	19	132	36.864979	3	25.39	1	27.03	1	27.03	1	27.03
prudovsky	19	133	30.960979	3	20.37	1	22.07	1	22.07	1	22.07
prudovsky	19	134	166.320979	21	143.59	1	157.8	1	157.8	1	157.8
prudovsky	19	135	174.528979	26	151.76	1	166.38	1	166.38	1	166.38
prudovsky	19	136	86.592979	9	70.69	1	78.38	1	78.38	1	78.38
prudovsky	19	137	82.728979	8	68.9	1	74.33	1	74.33	1	74.33
prudovsky	19	138	202.392979	24	174.64	1	192.23	1	192.23	1	192.23
prudovsky	19	139	130.032979	14	108.49	1	121.41	1	121.41	1	121.41
prudovsky	19	140	109.896979	10	91.52	1	100.1	1	100.1	1	100.1
prudovsky	19	141	89.904979	7	77.68	1	82.9	1	82.9	1	82.9
prudovsky	19	142	132.288979	12	114.05	1	123.14	1	123.14	1	123.14
prudovsky	19	143	158.952979	15	141.86	1	151.81	1	151.81	1	151.81
prudovsky	19	144	180.504979	21	158.96	1	172.2	1	172.2	1	172.2
prudovsky	19	145	98.160979	10	86.24	1	92.15	1	92.15	1	92.15
prudovsky	19	146	89.088979	11	76.21	1	83.77	1	83.77	1	83.77
prudovsky	19	147	73.848979	9	61.02	1	68.41	1	68.41	1	68.41
prudovsky	19	148	113.016979	14	100.69	1	107.26	1	107.26	1	107.26
prudovsky	19	149	80.160979	9	66.3	1	72.74	1	72.74	1	72.74
prudovsky	19	150	62.496979	6	50.87	1	55.25	1	55.25	1	55.25
prudovsky	20	1	294.960979	33	253.0	3	278.26	4	276.43	1	281.67
prudovsky	20	2	162.096979	22	139.85	1	153.92	2	153.72	1	153.92
prudovsky	20	3	272.352979	35	246.09	2	265.36	4	263.69	1	266.13
prudovsky	20	4	220.488979	29	193.6	3	211.05	3	211.05	1	214.1
prudovsky	20	5	185.400979	23	162.83	2	177.52	2	177.52	1	178.88
prudovsky	20	6	300.936979	35	270.42	4	290.26	4	290.26	1	294.46
prudovsky	20	7	182.904979	27	164.58	1	176.75	3	174.9	1	176.75
prudovsky	20	8	264.216979	36	234.4	3	254.52	5	253.03	1	256.59
prudovsky	20	9	184.248979	18	165.43	2	176.81	2	176.81	1	178.06
prudovsky	20	10	257.040979	32	225.77	2	249.24	1	250.07	1	250.07
prudovsky	20	11	276.408979	31	245.37	1	269.45	1	269.45	1	269.45
prudovsky	20	12	237.504979	28	209.66	1	230.37	1	230.37	1	230.37
prudovsky	20	13	210.432979	26	185.42	1	203.59	1	203.59	1	203.59
prudovsky	20	14	282.048979	35	243.09	1	274.61	1	274.61	1	274.61
prudovsky	20	15	283.824979	33	246.68	1	277.19	1	277.19	1	277.19
prudovsky	20	16	289.080979	33	251.66	1	281.19	1	281.19	1	281.19
prudovsky	20	17	242.280979	28	211.16	1	236.12	1	236.12	1	236.12
prudovsky	20	18	188.976979	25	158.53	1	181.69	1	181.69	1	181.69
prudovsky	20	19	233.136979	29	201.6	1	226.27	1	226.27	1	226.27
prudovsky	20	20	235.296979	30	198.85	1	226.75	1	226.75	1	226.75
prudovsky	20	21	257.472979	31	220.2	1	250.71	1	250.71	1	250.71
prudovsky	20	22	250.512979	29	217.63	3	240.88	7	236.49	1	244.21
prudovsky	20	23	286.032979	35	246.91	3	274.55	15	262.06	1	278.56
prudovsky	20	24	276.072979	34	238.16	1	269.5	13	255.71	1	269.5
prudovsky	20	25	266.088979	28	232.21	1	259.71	7	253.24	1	259.71
prudovsky	20	26	214.080979	28	183.21	1	207.85	3	205.38	1	207.85
prudovsky	20	27	241.392979	27	205.5	2	232.68	4	230.1	1	233.79
prudovsky	20	28	253.752979	28	216.66	2	246.57	3	245.22	1	247.68
prudovsky	20	29	232.176979	27	197.52	2	224.0	2	223.93	1	225.05
prudovsky	20	30	310.920979	33	267.68	3	301.93	12	287.99	1	304.19
prudovsky	20	31	218.520979	31	187.82	2	210.74	2	210.74	1	212.36
prudovsky	21	1	232.080979	18	191.86	3	212.21	2	214.17	1	217.14
prudovsky	21	2	334.056979	26	305.47	4	321.73	4	321.82	1	326.79
prudovsky	21	3	262.104979	22	231.94	5	249.0	4	250.56	1	254.48
prudovsky	21	4	193.680979	17	171.1	6	179.81	4	182.67	1	186.04
prudovsky	21	5	223.560979	19	199.41	4	211.81	3	214.06	1	215.96
prudovsky	21	6	156.984979	12	137.64	1	150.0	3	146.99	1	150.0
prudovsky	21	7	307.824979	29	274.04	5	296.5	3	298.44	1	300.13
prudovsky	21	8	228.288979	17	204.88	4	218.86	4	218.22	1	221.42
prudovsky	21	9	249.312979	18	226.09	3	237.85	5	235.82	1	240.53
prudovsky	21	10	195.888979	20	167.67	2	187.06	2	185.83	1	188.19
prudovsky	21	11	120.096979	10	103.97	1	112.58	2	111.98	1	112.58
prudovsky	21	12	174.072979	14	153.66	3	162.47	4	161.93	1	166.09
prudovsky	22	1	171.072979	16	137.04	3	152.96	4	151.01	1	154.89
prudovsky	22	2	153.120979	17	135.24	4	143.92	4	144.32	1	146.32
prudovsky	22	3	128.088979	11	113.0	3	118.08	2	118.67	1	120.3
prudovsky	22	4	194.880979	16	176.31	2	186.68	3	185.42	1	187.82
prudovsky	22	5	195.216979	16	179.21	2	186.56	2	187.01	1	187.82
prudovsky	22	6	136.224979	12	122.23	2	128.23	2	128.23	1	129.56
prudovsky	22	7	159.768979	14	145.48	1	152.61	3	148.7	1	152.61
prudovsky	22	8	177.552979	14	159.3	5	165.87	4	166.81	1	169.84
prudovsky	23	1	392.112979	31	357.52	5	376.36	5	374.7	1	381.05
prudovsky	23	2	238.680979	22	219.24	2	232.09	3	230.06	1	233.14
prudovsky	23	3	270.480979	25	247.6	3	261.99	3	262.12	1	264.38
prudovsky	23	4	97.056979	6	86.08	2	88.74	2	88.74	1	90.0
prudovsky	23	5	416.112979	30	387.2	2	407.99	6	404.0	1	409.4
prudovsky	23	6	198.648979	13	183.92	2	191.57	1	192.34	1	192.34
prudovsky	23	7	315.504979	25	294.15	2	307.55	3	307.67	1	308.94
prudovsky	23	8	269.136979	22	242.69	3	258.44	3	259.53	1	260.8
prudovsky	23	9	300.024979	21	279.81	2	292.65	2	292.65	1	293.73
prudovsky	23	10	425.856979	34	394.36	2	417.54	4	415.09	1	419.01
prudovsky	23	11	232.296979	16	217.19	2	225.14	2	225.14	1	226.02
prudovsky	23	12	76.824979	6	67.81	1	69.96	1	69.96	1	69.96
prudovsky	23	13	247.320979	22	230.55	1	240.77	3	240.32	1	240.77
prudovsky	23	14	392.040979	32	365.07	2	383.53	4	382.36	1	385.11
prudovsky	23	15	117.528979	9	108.01	1	111.49	1	111.49	1	111.49
prudovsky	23	16	196.032979	14	181.46	2	188.3	2	188.33	1	189.34
prudovsky	23	17	188.328979	14	171.9	2	180.1	2	180.21	1	181.24
prudovsky	23	18	111.816979	7	102.44	1	105.8	1	105.8	1	105.8
prudovsky	23	19	304.104979	25	285.68	1	296.88	5	294.31	1	296.88
prudovsky	23	20	88.200979	6	80.04	1	81.89	1	81.89	1	81.89
prudovsky	23	21	203.928979	17	186.9	3	193.82	3	193.82	1	196.86
prudovsky	23	22	304.800979	25	279.48	2	294.88	4	293.56	1	296.7
prudovsky	23	23	224.088979	18	204.78	2	214.42	1	216.35	1	216.35
prudovsky	23	24	279.360979	23	259.98	2	271.55	6	268.15	1	272.78
prudovsky	23	25	164.832979	12	151.29	1	157.64	3	155.4	1	157.64
prudovsky	23	26	250.944979	21	230.89	1	244.44	4	242.29	1	244.44
prudovsky	23	27	193.440979	13	179.08	1	186.84	3	185.4	1	186.84
prudovsky	23	28	377.088979	29	350.23	5	366.21	5	366.23	1	370.0
prudovsky	23	29	314.976979	24	294.34	2	307.07	4	304.62	1	307.72
prudovsky	23	30	429.216979	33	405.1	3	421.41	5	419.54	1	422.59
prudovsky	23	31	136.056979	9	123.91	1	127.53	2	127.24	1	127.53
prudovsky	23	32	202.872979	20	185.15	2	195.0	3	194.59	1	195.97
prudovsky	23	33	274.272979	24	254.11	3	265.45	3	264.67	1	267.13
prudovsky	23	34	216.528979	17	203.39	1	209.47	2	208.92	1	209.47
prudovsky	23	35	139.656979	10	124.95	1	131.61	4	128.99	1	131.61
prudovsky	23	36	300.048979	22	277.16	2	291.3	3	290.19	1	292.75
prudovsky	23	37	493.680979	38	460.32	5	480.87	5	480.56	1	485.28
prudovsky	23	38	260.472979	22	239.91	3	250.41	3	250.41	1	253.5
prudovsky	23	39	119.592979	8	109.2	2	112.95	2	112.95	1	113.76
prudovsky	23	40	348.528979	31	320.78	2	341.0	7	336.94	1	342.06
prudovsky	23	41	368.064979	29	346.62	2	359.93	3	359.11	1	361.2
prudovsky	23	42	299.760979	25	282.11	3	291.09	3	291.09	1	293.04
prudovsky	23	43	327.096979	28	305.17	4	318.17	3	317.97	1	319.54
prudovsky	23	44	384.048979	28	362.53	3	375.37	3	373.57	1	376.56
prudovsky	23	45	341.424979	25	316.83	2	332.74	3	332.15	1	334.85
prudovsky	23	46	158.928979	13	144.4	2	149.73	1	150.57	1	150.57
prudovsky	23	47	209.280979	15	194.7	1	201.42	2	200.96	1	201.42
prudovsky	23	48	286.536979	22	268.22	3	277.04	4	276.64	1	279.09
prudovsky	23	49	360.312979	26	340.16	3	351.42	3	351.13	1	353.33
prudovsky	23	50	164.352979	11	150.87	1	157.08	2	156.08	1	157.08
prudovsky	23	51	323.232979	23	304.87	1	317.0	4	314.56	1	317.0
prudovsky	23	52	187.920979	15	173.1	1	180.92	4	177.78	1	180.92
prudovsky	23	53	192.048979	12	173.61	1	181.96	2	181.0	1	181.96
prudovsky	23	54	215.088979	17	200.56	1	207.66	2	206.44	1	207.66
prudovsky	23	55	179.400979	13	165.27	2	172.6	2	172.6	1	172.91
prudovsky	23	56	164.448979	12	148.19	2	156.63	2	155.61	1	157.25
prudovsky	23	57	270.312979	21	252.0	2	261.36	3	260.7	1	262.68
prudovsky	23	58	246.120979	14	227.09	1	238.18	2	236.64	1	238.18
prudovsky	23	59	306.768979	21	284.96	1	299.17	3	297.78	1	299.17
prudovsky	23	60	325.488979	22	303.19	1	318.42	3	316.44	1	318.42
prudovsky	23	61	185.832979	11	167.49	1	178.78	2	177.42	1	178.78
prudovsky	23	62	174.168979	12	159.21	1	165.78	3	163.45	1	165.78
prudovsky	23	63	259.872979	19	240.7	2	252.2	3	250.38	1	252.74
prudovsky	23	64	140.448979	12	126.38	1	133.26	1	133.26	1	133.26
prudovsky	23	65	385.920979	25	357.68	2	378.02	3	376.24	1	379.1
prudovsky	23	66	402.528979	24	375.92	2	393.77	3	392.99	1	394.96
prudovsky	24	1	239.088979	19	213.38	4	223.66	2	226.66	1	227.9
prudovsky	24	2	492.672979	37	457.41	2	484.77	6	481.62	1	485.53
prudovsky	24	3	349.392979	25	327.82	2	340.27	4	339.13	1	341.39
prudovsky	24	4	383.040979	31	356.19	2	374.01	5	372.83	1	375.13
prudovsky	24	5	378.552979	31	356.22	3	369.73	4	369.23	1	370.65
prudovsky	24	6	376.728979	30	349.57	3	366.36	4	366.9	1	368.48
prudovsky	24	7	438.768979	34	403.34	2	430.15	3	429.17	1	430.85
prudovsky	24	8	298.416979	22	278.56	1	291.87	5	287.82	1	291.87
prudovsky	24	9	356.064979	26	331.26	3	345.99	6	343.27	1	348.58
prudovsky	24	10	300.744979	25	277.8	1	293.94	3	291.83	1	293.94
prudovsky	24	11	330.072979	23	306.23	2	318.32	3	317.65	1	319.77
prudovsky	24	12	256.440979	17	234.83	1	249.25	3	245.95	1	249.25
prudovsky	24	13	335.112979	27	307.4	2	326.59	3	326.99	1	328.11
prudovsky	24	14	329.784979	22	304.63	2	321.29	3	319.94	1	322.21
prudovsky	24	15	320.304979	21	294.26	2	313.2	3	311.37	1	313.93
prudovsky	24	16	291.792979	21	267.15	1	284.43	3	280.97	1	284.43
prudovsky	24	17	355.104979	27	328.27	3	344.75	6	341.15	1	347.41
prudovsky	24	18	271.968979	23	250.04	1	264.51	3	262.46	1	264.51
prudovsky	24	19	219.240979	15	205.12	2	211.64	1	213.15	1	213.15
prudovsky	24	20	265.944979	18	243.71	1	258.48	3	255.05	1	258.48
prudovsky	24	21	202.176979	14	185.25	3	192.04	3	191.99	1	194.39
prudovsky	24	22	382.656979	30	355.72	1	375.43	5	370.45	1	375.43
prudovsky	24	23	526.560979	40	496.73	3	516.01	3	516.01	1	518.44
prudovsky	24	24	152.352979	10	141.99	2	144.82	1	145.38	1	145.38
prudovsky	24	25	443.304979	38	421.69	2	435.55	3	435.51	1	435.84
prudovsky	24	26	323.088979	24	301.44	2	315.3	5	313.75	1	316.2
prudovsky	24	27	311.352979	22	293.89	1	304.15	2	303.13	1	304.15
prudovsky	24	28	230.832979	17	211.38	2	221.29	5	218.68	1	222.3
prudovsky	24	29	410.352979	32	381.89	3	398.53	2	399.79	1	400.48
prudovsky	24	30	296.664979	24	278.83	1	289.11	3	287.75	1	289.11
prudovsky	24	31	522.120979	40	488.91	4	511.38	8	508.41	1	514.94
prudovsky	24	32	534.720979	44	505.46	2	526.46	6	522.24	1	528.15
prudovsky	24	33	325.776979	26	302.67	3	318.44	4	317.74	1	320.01
prudovsky	24	34	318.768979	22	299.56	2	310.97	3	309.82	1	311.46
prudovsky	24	35	266.376979	19	249.8	2	259.37	3	259.24	1	259.97
prudovsky	24	36	434.064979	32	407.84	3	425.72	4	423.96	1	426.79
prudovsky	24	37	253.992979	21	232.31	2	244.14	2	244.14	1	245.68
prudovsky	24	38	376.152979	28	353.77	2	368.01	4	365.75	1	368.64
prudovsky	24	39	231.552979	18	214.04	2	224.46	4	222.91	1	224.99
prudovsky	24	40	271.512979	16	252.87	1	265.04	3	263.02	1	265.04
prudovsky	24	41	244.200979	18	228.58	1	237.76	2	237.31	1	237.76
prudovsky	24	42	274.896979	22	257.94	2	267.83	2	267.83	1	268.67
prudovsky	24	43	176.184979	13	161.4	2	167.53	2	167.53	1	169.12
prudovsky	24	44	460.848979	30	435.39	2	451.5	3	449.67	1	453.7
prudovsky	24	45	65.832979	5	56.61	1	59.55	1	59.55	1	59.55
prudovsky	24	46	332.688979	28	309.51	2	325.0	4	323.44	1	326.25
prudovsky	24	47	91.728979	7	80.64	1	84.89	1	84.89	1	84.89
prudovsky	24	48	501.120979	47	468.18	1	494.18	3	491.71	1	494.18
prudovsky	24	49	490.944979	39	462.3	5	479.56	5	479.56	1	483.54
prudovsky	24	50	597.576979	46	563.36	2	590.14	5	586.53	1	590.7
prudovsky	24	51	778.896979	64	738.86	2	769.86	4	769.52	1	771.42
prudovsky	24	52	426.216979	34	400.44	3	416.69	5	414.72	1	419.68
prudovsky	25	1	428.664979	22	357.78	1	412.94	4	405.27	1	412.94
prudovsky	25	2	415.536979	22	363.37	1	407.85	3	402.25	1	407.85
prudovsky	25	3	500.568979	66	397.37	1	491.79	4	486.52	1	491.79
prudovsky	25	4	311.016979	22	268.99	1	303.42	4	297.94	1	303.42
prudovsky	25	5	143.880979	22	123.43	1	137.4	2	136.63	1	137.4
prudovsky	26	1	360.048979	28	330.05	2	348.37	5	345.65	1	350.31
prudovsky	26	2	131.832979	10	119.6	1	125.55	2	124.36	1	125.55
prudovsky	26	3	342.408979	27	320.46	3	335.03	5	333.11	1	336.53
prudovsky	26	4	211.080979	17	195.69	1	204.72	3	202.66	1	204.72
prudovsky	26	5	248.976979	17	230.46	2	239.6	3	238.9	1	240.79
prudovsky	26	6	195.792979	14	180.87	1	188.57	3	186.98	1	188.57
prudovsky	26	7	313.368979	27	290.05	1	306.5	3	303.98	1	306.5
prudovsky	26	8	262.992979	18	245.16	1	256.56	5	253.16	1	256.56
prudovsky	26	9	166.176979	11	153.41	1	159.33	1	159.33	1	159.33
prudovsky	26	10	258.768979	22	238.25	1	252.27	2	251.65	1	252.27
prudovsky	26	11	275.232979	25	254.86	3	267.05	5	264.98	1	268.25
prudovsky	26	12	323.064979	28	298.89	1	316.01	3	312.76	1	316.01
prudovsky	26	13	308.640979	23	289.29	1	301.81	3	299.52	1	301.81
prudovsky	26	14	345.840979	23	322.78	1	339.67	2	338.52	1	339.67
prudovsky	26	15	103.704979	8	88.84	1	95.46	1	95.46	1	95.46
prudovsky	26	16	840.264979	63	790.86	1	834.6	5	829.13	1	834.6
prudovsky	26	17	348.768979	24	320.99	1	340.69	3	336.69	1	340.69
prudovsky	26	18	413.064979	32	385.03	1	406.06	3	404.36	1	406.06
prudovsky	26	19	163.416979	14	148.72	1	157.17	2	156.15	1	157.17
prudovsky	26	20	665.352979	49	627.85	2	655.92	4	654.08	1	657.11
prudovsky	26	21	415.968979	32	390.2	2	406.98	4	404.38	1	408.33
prudovsky	26	22	370.968979	31	343.9	1	364.34	3	360.62	1	364.34
prudovsky	26	23	606.696979	49	571.83	1	600.49	6	595.08	1	600.49
prudovsky	26	24	343.800979	27	321.0	2	336.08	2	336.08	1	336.81
prudovsky	26	25	230.352979	17	211.23	1	222.89	4	219.13	1	222.89
prudovsky	26	26	285.864979	21	264.55	1	278.79	2	277.5	1	278.79
prudovsky	26	27	399.024979	36	371.58	1	390.17	3	388.66	1	390.17
prudovsky	26	28	362.568979	26	335.24	2	353.96	4	351.11	1	355.14
prudovsky	26	29	305.064979	21	283.75	2	295.21	3	294.57	1	297.34
prudovsky	26	30	303.072979	26	278.1	2	293.87	3	293.17	1	295.29
prudovsky	26	31	287.592979	18	271.08	1	281.24	3	279.84	1	281.24
prudovsky	26	32	410.592979	32	385.99	2	401.75	3	401.52	1	403.41
prudovsky	26	33	485.208979	33	453.27	2	476.59	5	472.8	1	478.26
prudovsky	26	34	387.744979	31	363.16	1	379.96	4	377.3	1	379.96
prudovsky	26	35	176.976979	15	160.04	1	169.03	1	169.03	1	169.03
prudovsky	26	36	494.400979	38	462.12	2	484.78	3	483.6	1	486.22
prudovsky	26	37	377.232979	28	353.15	2	368.06	2	368.06	1	369.61
prudovsky	26	38	319.944979	23	298.81	1	312.7	2	311.65	1	312.7
prudovsky	26	39	367.104979	29	339.33	1	358.81	4	355.63	1	358.81
prudovsky	26	40	621.048979	49	579.58	1	615.17	4	612.06	1	615.17
prudovsky	26	41	313.920979	26	286.84	1	306.0	5	302.66	1	306.0
prudovsky	26	42	242.256979	20	218.79	1	235.53	2	233.6	1	235.53
prudovsky	26	43	385.008979	27	358.68	2	377.91	4	374.51	1	378.54
prudovsky	26	44	454.848979	31	424.27	1	447.38	4	445.02	1	447.38
prudovsky	26	45	380.904979	25	353.44	1	373.94	5	369.51	1	373.94
prudovsky	26	46	354.504979	24	331.55	1	348.09	4	344.7	1	348.09
prudovsky	26	47	316.128979	23	294.71	2	308.32	2	308.32	1	309.12
prudovsky	26	48	454.224979	35	419.89	1	447.26	4	443.22	1	447.26
prudovsky	27	1	262.032979	21	238.44	1	253.18	5	249.58	1	253.18
prudovsky	27	2	631.104979	49	583.36	3	622.92	9	614.65	1	624.61
prudovsky	27	3	1054.296979	100	984.13	7	1038.11	7	1041.81	1	1046.8
prudovsky	27	4	520.848979	34	478.18	3	511.65	5	508.1	1	513.89
prudovsky	27	5	444.096979	31	411.96	3	433.63	7	429.65	1	436.46
prudovsky	27	6	399.072979	28	371.02	2	390.75	5	387.69	1	392.09
prudovsky	27	7	413.088979	28	386.76	1	406.96	4	404.23	1	406.96
prudovsky	27	8	337.104979	27	314.18	2	330.02	4	327.83	1	330.6
prudovsky	27	9	421.536979	27	396.85	1	415.1	4	411.32	1	415.1
prudovsky	27	10	264.192979	21	243.54	1	257.17	2	255.86	1	257.17
prudovsky	27	11	567.888979	45	530.11	1	560.75	4	558.51	1	560.75
prudovsky	27	12	172.176979	13	154.82	1	164.98	4	161.74	1	164.98
prudovsky	28	1	155.976979	11	137.81	2	146.55	2	145.96	1	147.51
prudovsky	28	2	263.688979	23	245.83	1	258.88	2	257.71	1	258.88
prudovsky	28	3	63.456979	5	56.22	1	58.16	2	57.8	1	58.16
prudovsky	28	4	213.864979	19	197.35	1	207.81	2	207.38	1	207.81
prudovsky	28	5	144.360979	15	131.16	1	138.67	2	138.11	1	138.67
prudovsky	28	6	105.792979	11	93.51	1	100.18	2	99.29	1	100.18
prudovsky	28	7	169.104979	16	152.49	1	162.13	2	161.53	1	162.13
prudovsky	28	8	148.080979	14	133.8	1	142.43	1	142.43	1	142.43
prudovsky	28	9	209.400979	17	193.13	1	204.05	2	203.44	1	204.05
prudovsky	28	10	188.520979	15	173.56	1	183.16	2	182.44	1	183.16
prudovsky	28	11	154.344979	12	138.66	1	149.1	2	147.88	1	149.1
prudovsky	28	12	143.376979	14	126.04	1	137.66	1	137.66	1	137.66
prudovsky	28	13	166.128979	15	149.85	1	160.22	2	159.87	1	160.22
prudovsky	28	14	128.040979	10	114.15	1	122.63	1	122.63	1	122.63
prudovsky	29	1	218.904979	20	194.54	1	209.38	4	206.19	1	209.38
prudovsky	29	2	377.160979	32	349.62	2	369.58	4	367.66	1	370.69
prudovsky	29	3	244.776979	21	225.22	2	237.41	4	235.23	1	238.62
prudovsky	30	1	182.160979	15	162.36	2	172.09	7	167.22	1	172.66
prudovsky	30	2	181.152979	16	166.45	1	174.74	3	173.23	1	174.74
prudovsky	30	3	180.792979	15	160.21	1	173.88	2	172.22	1	173.88
prudovsky	30	4	208.752979	13	191.71	1	201.83	2	200.31	1	201.83
prudovsky	30	5	307.584979	27	282.65	1	301.54	2	300.46	1	301.54
prudovsky	30	6	164.088979	14	151.15	1	159.45	2	158.95	1	159.45
prudovsky	30	7	209.496979	17	189.12	4	199.59	4	199.59	1	203.45
prudovsky	30	8	161.976979	14	145.18	2	154.31	2	154.31	1	155.36
prudovsky	30	9	211.992979	15	194.76	1	206.88	2	206.18	1	206.88
prudovsky	31	1	257.064979	21	235.31	1	249.94	3	247.78	1	249.94
prudovsky	32	1	186.120979	16	166.15	1	177.2	2	175.74	1	177.2
prudovsky	32	2	104.472979	11	89.86	1	98.54	2	97.3	1	98.54
prudovsky	32	3	102.648979	10	90.58	1	96.46	2	95.73	1	96.46
prudovsky	32	4	130.104979	11	117.64	1	124.53	3	122.28	1	124.53
prudovsky	33	1	193.656979	16	176.42	2	184.72	3	184.0	1	185.89
prudovsky	33	2	164.856979	13	152.24	1	159.72	4	157.56	1	159.72
prudovsky	33	3	144.312979	12	130.56	1	139.7	3	137.68	1	139.7
prudovsky	33	4	188.496979	13	171.98	1	182.63	3	179.15	1	182.63
prudovsky	33	5	172.104979	15	156.37	2	165.42	3	164.46	1	166.74
prudovsky	33	6	201.096979	16	180.69	2	194.54	2	194.46	1	195.58
prudovsky	33	7	224.016979	20	205.86	1	218.23	2	217.44	1	218.23
prudovsky	34	1	169.920979	15	148.62	3	159.1	3	159.83	1	161.83
prudovsky	34	2	140.496979	13	128.64	1	134.55	4	132.98	1	134.55
prudovsky	34	3	210.912979	19	193.77	1	205.11	5	202.32	1	205.11
prudovsky	35	1	199.128979	17	177.32	2	189.37	3	188.19	1	190.79
prudovsky	35	2	228.144979	20	207.78	2	222.07	6	218.3	1	222.76
prudovsky	35	3	201.648979	19	182.42	1	196.26	4	194.19	1	196.26
prudovsky	36	1	219.144979	18	200.26	3	208.77	4	207.82	1	210.7
prudovsky	36	2	190.872979	15	178.98	1	185.39	4	183.42	1	185.39
prudovsky	36	3	251.472979	20	232.93	2	245.08	3	244.82	1	246.05
prudovsky	37	1	181.632979	15	163.96	3	173.18	2	173.75	1	174.82
prudovsky	37	2	288.264979	23	265.79	3	279.82	4	279.05	1	282.6
prudovsky	38	1	261.041633	21	236.76	2	250.98	4	248.45	1	252.26
prudovsky	38	2	129.024979	13	113.7	1	122.05	2	121.21	1	122.05
prudovsky	38	3	130.920979	10	117.9	1	124.27	1	124.27	1	124.27
prudovsky	38	4	150.288979	14	135.44	1	144.22	2	143.64	1	144.22
prudovsky	38	5	131.472979	11	117.01	1	124.74	2	123.4	1	124.74
prudovsky	38	6	166.920979	15	149.15	1	159.6	2	157.62	1	159.6
prudovsky	38	7	155.760979	14	137.42	1	148.02	2	146.5	1	148.02
prudovsky	38	8	280.248979	23	257.55	3	272.67	2	273.33	1	274.33
prudovsky	38	9	211.584979	17	193.77	2	203.75	3	202.75	1	204.57
prudovsky	38	10	149.136979	12	135.25	1	142.12	3	140.42	1	142.12
prudovsky	38	11	215.232979	17	196.44	1	207.59	3	205.87	1	207.59
prudovsky	38	12	184.032979	14	169.16	1	177.52	2	176.69	1	177.52
prudovsky	38	13	122.160979	9	111.55	1	115.92	2	114.77	1	115.92
prudovsky	38	14	260.904979	21	242.29	1	253.78	4	251.57	1	253.78
prudovsky	39	1	210.408979	14	191.91	2	200.66	2	200.94	1	201.65
prudovsky	39	2	242.904979	17	223.49	1	236.21	2	235.58	1	236.21
prudovsky	39	3	223.968979	18	204.25	1	217.4	3	215.09	1	217.4
prudovsky	39	4	80.520979	6	69.23	1	73.01	2	71.85	1	73.01
prudovsky	40	1	381.792979	25	312.85	3	341.43	2	343.36	1	344.7
prudovsky	40	2	342.576979	23	306.86	4	327.99	4	327.99	1	332.56
prudovsky	40	3	238.200979	17	211.66	2	228.51	2	228.51	1	229.84
prudovsky	40	4	317.016979	25	281.22	4	304.01	4	304.01	1	308.4
prudovsky	40	5	622.056979	48	559.16	20	589.41	9	602.29	1	613.24
prudovsky	40	6	468.048979	34	423.06	8	448.34	8	448.8	1	458.46
prudovsky	40	7	360.264979	29	315.82	8	341.38	9	340.03	1	352.05
prudovsky	40	8	391.464979	34	346.48	7	374.89	6	375.75	1	382.84
prudovsky	40	9	466.728979	38	412.44	9	444.69	7	447.24	1	456.63
prudovsky	40	10	473.616979	42	421.33	1	465.92	7	458.83	1	465.92
prudovsky	40	11	360.168979	30	321.73	4	346.4	5	344.97	1	349.92
prudovsky	40	12	570.000979	50	511.0	6	555.06	10	551.17	1	561.29
prudovsky	40	13	665.280979	58	597.71	10	646.13	10	647.41	1	658.4
prudovsky	40	14	334.800979	36	297.05	4	324.54	4	324.54	1	327.36
prudovsky	40	15	379.752979	39	338.51	5	366.06	4	367.09	1	369.77
prudovsky	40	16	342.504979	28	305.84	4	327.88	4	328.06	1	331.59
prudovsky	40	17	340.080979	27	309.68	4	330.05	4	330.05	1	333.68
prudovsky	40	18	429.792979	35	387.35	5	417.66	5	415.96	1	421.01
prudovsky	40	19	394.584979	30	356.76	5	382.26	4	383.24	1	386.52
prudovsky	40	20	383.928979	34	340.03	4	370.05	4	370.05	1	374.32
prudovsky	40	21	553.080979	46	496.08	6	537.61	6	537.61	1	544.27
prudovsky	40	22	428.760979	46	377.92	5	416.02	5	416.02	1	420.39
prudovsky	40	23	466.824979	39	417.74	2	455.59	4	453.23	1	456.59
prudovsky	40	24	500.592979	51	443.56	2	489.9	2	490.22	1	491.32
prudovsky	40	25	470.400979	46	428.0	3	462.05	3	462.05	1	463.7
prudovsky	40	26	836.736979	75	749.81	11	813.02	10	814.14	1	826.7
prudovsky	40	27	693.120979	66	611.61	8	675.22	6	677.46	1	684.98
prudovsky	40	28	231.624979	20	197.91	5	215.06	4	215.57	1	219.31
prudovsky	41	1	474.168979	45	413.5	10	449.12	5	455.46	1	460.55
prudovsky	41	2	333.720979	28	298.81	4	322.15	4	322.15	1	326.46
prudovsky	41	3	347.208979	35	307.5	5	336.06	4	337.08	1	340.38
prudovsky	41	4	447.072979	41	395.99	5	432.43	4	433.65	1	437.02
prudovsky	41	5	430.416979	43	383.61	4	419.95	2	421.99	1	422.94
prudovsky	41	6	632.304979	56	569.34	5	620.5	6	618.98	1	624.67
prudovsky	41	7	429.240979	37	383.2	3	418.12	3	418.12	1	421.49
prudovsky	41	8	395.424979	38	349.14	4	384.72	6	381.61	1	387.96
prudovsky	41	9	575.160979	50	517.97	4	561.25	6	558.83	1	565.03
prudovsky	41	10	587.352979	52	529.2	6	572.61	6	571.72	1	579.84
prudovsky	41	11	361.872979	33	322.58	5	347.55	3	350.5	1	352.62
prudovsky	41	12	541.368979	44	491.12	6	527.34	6	527.34	1	533.74
prudovsky	41	13	396.192979	37	353.11	1	388.14	3	385.93	1	388.14
prudovsky	41	14	773.088979	72	691.38	10	753.06	6	757.45	1	763.9
prudovsky	41	15	492.624979	47	426.61	5	481.29	4	482.9	1	486.46
prudovsky	41	16	248.256979	20	211.2	5	228.13	3	230.82	1	233.88
prudovsky	42	1	795.216979	80	699.51	6	775.28	5	776.74	1	782.35
prudovsky	42	2	556.080979	52	494.32	7	540.16	3	545.97	1	548.56
prudovsky	42	3	390.384979	38	349.5	4	378.87	3	380.34	1	383.61
prudovsky	42	4	450.792979	44	401.48	6	437.87	3	441.29	1	443.27
prudovsky	42	5	435.216979	39	394.76	4	425.01	4	424.91	1	429.14
prudovsky	42	6	628.464979	49	568.64	10	606.85	3	617.3	1	619.24
prudovsky	42	7	572.616979	50	517.81	5	560.59	3	563.21	1	565.12
prudovsky	42	8	648.024979	56	591.03	6	634.53	6	634.52	1	640.99
prudovsky	42	9	704.448979	62	638.92	11	685.13	7	689.07	1	697.14
prudovsky	42	10	481.104979	42	438.4	4	469.63	4	469.77	1	472.99
prudovsky	42	11	650.928979	54	588.96	7	635.74	5	637.74	1	642.39
prudovsky	42	12	669.072979	59	603.81	3	659.49	5	656.59	1	661.87
prudovsky	42	13	412.128979	35	367.22	6	397.51	6	397.29	1	404.78
prudovsky	42	14	359.136979	35	323.19	3	349.22	4	348.64	1	352.03
prudovsky	42	15	317.304979	32	286.27	2	308.64	3	307.66	1	309.8
prudovsky	42	16	372.696979	31	335.93	3	360.44	3	360.67	1	363.01
prudovsky	42	17	369.672979	37	327.7	4	356.94	3	357.86	1	361.18
prudovsky	42	18	412.032979	43	369.41	7	397.65	5	399.31	1	403.87
prudovsky	42	19	456.192979	48	413.31	3	446.16	5	443.82	1	448.41
prudovsky	42	20	487.104979	47	433.79	3	476.44	5	473.44	1	478.63
prudovsky	42	21	402.336979	38	358.05	3	391.5	4	390.75	1	395.03
prudovsky	42	22	707.472979	71	632.76	8	689.83	8	690.36	1	696.73
prudovsky	42	23	561.120979	56	502.5	5	547.24	5	548.51	1	553.2
prudovsky	42	24	516.696979	53	462.88	4	501.66	4	501.66	1	505.12
prudovsky	43	1	587.568979	51	526.65	8	567.13	4	570.94	1	575.62
prudovsky	43	2	267.168979	25	237.43	1	258.3	4	255.28	1	258.3
prudovsky	43	3	420.576979	36	381.03	2	412.02	2	412.02	1	413.35
prudovsky	43	4	564.456979	54	510.38	3	554.38	5	551.85	1	556.39
prudovsky	43	5	514.584979	47	468.68	2	506.66	2	506.44	1	507.4
prudovsky	43	6	731.040979	71	666.87	3	721.26	5	719.9	1	724.03
prudovsky	43	7	520.296979	53	467.52	4	509.76	4	510.48	1	512.89
prudovsky	43	8	667.128979	59	606.09	2	656.61	5	652.94	1	657.7
prudovsky	43	9	424.080979	41	380.96	2	414.22	3	412.37	1	414.79
prudovsky	43	10	428.040979	42	385.04	2	419.53	3	418.67	1	420.6
prudovsky	43	11	535.464979	57	475.83	3	524.39	3	525.13	1	526.89
prudovsky	43	12	515.520979	50	468.82	4	504.59	6	502.47	1	507.8
prudovsky	43	13	395.088979	38	352.79	2	385.92	3	384.68	1	386.38
prudovsky	43	14	361.656979	31	322.5	1	353.38	2	352.62	1	353.38
prudovsky	43	15	315.072979	27	272.84	1	304.86	3	302.14	1	304.86
prudovsky	43	16	381.072979	33	332.37	1	370.58	4	366.8	1	370.58
prudovsky	43	17	309.888979	26	274.94	1	301.28	2	300.58	1	301.28
prudovsky	43	18	455.400979	40	410.45	7	442.73	6	443.58	1	448.16
prudovsky	43	19	520.128979	42	466.79	6	505.18	6	505.89	1	511.49
prudovsky	43	20	386.448979	31	348.93	5	373.48	4	374.64	1	378.28
prudovsky	43	21	363.552979	25	327.8	2	350.89	4	348.42	1	352.5
prudovsky	44	1	362.184979	26	327.38	4	347.82	4	347.53	1	350.32
prudovsky	44	2	530.976979	47	484.45	4	520.32	3	521.05	1	523.39
prudovsky	44	3	313.272979	26	285.7	2	305.46	2	305.76	1	306.59
prudovsky	44	4	430.272979	37	386.11	5	416.28	5	416.28	1	421.25
prudovsky	44	5	454.104979	42	415.21	4	444.21	5	443.66	1	446.9
prudovsky	44	6	173.544979	15	155.8	3	165.42	2	166.38	1	167.17
prudovsky	44	7	661.488979	60	601.51	2	652.92	2	652.92	1	653.72
prudovsky	44	8	426.048979	40	386.27	6	413.7	4	415.41	1	418.73
prudovsky	44	9	480.264979	43	435.44	8	464.91	5	469.06	1	473.92
prudovsky	44	10	514.392979	48	466.02	5	501.64	6	501.03	1	506.13
prudovsky	44	11	292.824979	30	260.98	3	282.23	3	282.23	1	284.92
prudovsky	44	12	289.080979	25	261.42	5	277.27	5	278.13	1	281.22
prudovsky	44	13	592.560979	52	537.63	6	577.97	6	578.21	1	584.62
prudovsky	44	14	317.544979	28	286.15	4	304.85	4	305.07	1	308.59
prudovsky	44	15	468.024979	41	422.1	5	453.96	5	453.96	1	458.21
prudovsky	44	16	422.712979	40	381.43	6	409.69	6	409.69	1	414.54
prudovsky	44	17	412.560979	34	374.3	4	401.37	5	400.31	1	404.68
prudovsky	44	18	314.760979	28	287.64	5	304.06	4	304.67	1	307.79
prudovsky	44	19	453.576979	40	415.32	5	441.19	4	442.41	1	444.75
prudovsky	44	20	400.704979	38	369.75	4	391.8	4	391.8	1	393.54
prudovsky	44	21	450.840979	40	417.49	6	439.11	6	439.44	1	443.4
prudovsky	44	22	334.200979	30	306.72	3	324.72	3	324.72	1	326.69
prudovsky	44	23	371.664979	35	341.23	4	361.91	4	361.79	1	365.02
prudovsky	44	24	284.424979	27	259.29	4	273.92	3	274.59	1	276.45
prudovsky	44	25	307.368979	27	282.53	4	298.19	3	298.97	1	300.45
prudovsky	44	26	352.992979	32	328.89	1	347.42	3	346.14	1	347.42
prudovsky	44	27	427.728979	44	393.09	2	418.35	4	416.5	1	418.96
prudovsky	44	28	362.064979	31	332.03	5	351.35	4	352.24	1	354.34
prudovsky	45	1	326.496979	32	297.06	3	317.26	4	316.31	1	319.09
prudovsky	45	2	281.640979	29	254.74	3	273.41	2	274.09	1	275.37
prudovsky	45	3	272.448979	31	242.34	3	261.87	3	262.57	1	264.1
prudovsky	45	4	247.872979	25	219.92	1	239.1	1	239.1	1	239.1
prudovsky	45	5	248.208979	21	225.03	2	239.75	2	239.75	1	240.76
prudovsky	45	6	237.720979	23	211.49	3	227.79	2	228.39	1	229.34
prudovsky	45	7	279.048979	25	253.19	2	269.44	3	268.36	1	271.03
prudovsky	45	8	402.768979	39	363.66	4	392.96	3	394.13	1	395.42
prudovsky	45	9	330.696979	33	298.61	4	319.17	4	319.2	1	321.97
prudovsky	45	10	222.168979	21	199.6	2	212.68	2	212.68	1	213.46
prudovsky	45	11	391.536979	36	356.48	5	378.32	3	380.41	1	383.12
prudovsky	45	12	214.584979	21	189.98	2	204.33	3	203.66	1	205.28
prudovsky	45	13	175.464979	14	154.86	3	163.7	3	163.7	1	165.39
prudovsky	45	14	285.576979	26	254.96	2	272.01	2	272.01	1	272.71
prudovsky	45	15	337.080979	33	304.87	4	325.45	4	325.3	1	328.06
prudovsky	45	16	241.584979	24	213.59	5	227.3	3	229.06	1	230.7
prudovsky	46	1	325.224979	31	290.07	4	309.24	4	308.79	1	311.66
prudovsky	46	2	181.464979	16	162.94	2	173.63	2	173.63	1	174.26
prudovsky	46	3	227.304979	23	204.8	4	217.24	4	217.24	1	219.64
prudovsky	46	4	221.856979	21	200.11	3	211.66	3	211.66	1	213.33
prudovsky	46	5	155.736979	13	138.77	2	147.27	2	147.27	1	148.53
prudovsky	46	6	223.056979	20	202.19	4	212.73	2	214.56	1	215.44
prudovsky	46	7	432.360979	40	394.07	5	421.25	4	421.9	1	424.72
prudovsky	46	8	161.208979	13	144.03	2	153.04	2	152.92	1	153.74
prudovsky	46	9	299.616979	27	270.26	1	291.24	3	289.84	1	291.24
prudovsky	46	10	323.232979	33	288.77	5	309.62	3	311.39	1	313.73
prudovsky	46	11	318.816979	34	288.8	3	310.8	2	311.67	1	312.4
prudovsky	46	12	291.720979	31	264.79	1	284.79	2	284.21	1	284.79
prudovsky	46	13	145.752979	13	128.45	1	138.6	3	136.59	1	138.6
prudovsky	46	14	436.248979	40	397.12	4	425.0	3	425.84	1	427.62
prudovsky	46	15	566.184979	58	516.03	5	555.99	5	556.16	1	558.9
prudovsky	46	16	193.959184	24	168.02	8	179.42	3	183.29	1	184.71
prudovsky	47	1	272.592979	24	245.94	5	258.77	3	260.21	1	261.76
prudovsky	47	2	167.808979	17	148.32	2	158.99	3	158.33	1	160.23
prudovsky	47	3	191.784979	18	170.75	1	184.22	2	183.44	1	184.22
prudovsky	47	4	200.688979	18	181.1	2	192.01	3	191.49	1	192.76
prudovsky	47	5	215.688979	21	193.6	2	207.45	2	207.45	1	208.5
prudovsky	47	6	182.088979	18	164.54	3	173.81	2	174.6	1	175.15
prudovsky	47	7	199.104979	16	182.13	2	190.97	2	190.88	1	191.46
prudovsky	47	8	224.904979	24	204.33	3	216.53	2	217.18	1	217.96
prudovsky	47	9	157.704979	15	143.5	2	150.56	2	150.56	1	151.21
prudovsky	47	10	180.072979	18	161.42	1	172.5	1	172.5	1	172.5
prudovsky	47	11	326.496979	32	297.73	2	318.43	2	318.43	1	319.42
prudovsky	47	12	266.976979	21	242.36	3	254.57	3	254.66	1	259.19
prudovsky	47	13	158.208979	13	139.69	4	146.57	2	148.66	1	149.41
prudovsky	48	1	225.768979	24	197.47	3	211.46	3	211.46	1	213.73
prudovsky	48	2	243.960979	21	221.67	2	235.04	2	235.04	1	235.9
prudovsky	48	3	306.552979	29	278.51	3	296.69	4	295.85	1	298.92
prudovsky	48	4	288.816979	31	256.98	3	280.11	3	279.83	1	281.48
prudovsky	48	5	209.448979	26	184.83	3	201.35	3	201.35	1	203.11
prudovsky	48	6	156.960979	18	138.05	4	146.97	2	148.21	1	149.0
prudovsky	49	1	210.120979	23	186.81	3	197.47	3	197.47	1	199.88
prudovsky	49	2	185.736979	22	168.54	3	177.05	3	177.05	1	178.48
prudovsky	49	3	175.056979	21	158.57	3	167.86	3	167.86	1	168.97
prudovsky	49	4	282.696979	32	255.86	3	274.29	3	274.29	1	275.68
prudovsky	49	5	283.296979	33	254.01	4	273.45	4	273.62	1	276.36
prudovsky	49	6	232.560979	24	208.41	5	220.7	3	223.2	1	224.69
prudovsky	50	1	291.264979	30	263.16	3	279.18	4	278.24	1	280.86
prudovsky	50	2	283.080979	30	259.14	3	275.33	4	274.82	1	277.05
prudovsky	50	3	223.032979	21	201.33	3	214.84	2	215.58	1	216.38
prudovsky	50	4	227.976979	23	201.72	7	213.79	3	217.76	1	219.82
prudovsky	51	1	306.360979	29	275.14	3	292.8	6	289.77	1	295.38
prudovsky	51	2	236.688979	23	215.22	3	227.45	3	227.45	1	229.13
prudovsky	51	3	226.488979	25	205.76	4	217.39	3	218.26	1	219.77
prudovsky	51	4	173.784979	18	153.79	7	161.03	3	163.68	1	165.25
prudovsky	52	1	124.080979	10	106.61	2	111.35	3	110.51	1	112.52
prudovsky	52	2	225.384979	20	206.24	3	215.52	3	215.52	1	216.95
prudovsky	52	3	134.640979	13	118.8	1	126.19	2	125.37	1	126.19
prudovsky	52	4	173.568979	18	154.62	3	163.28	3	163.28	1	164.9
prudovsky	52	5	214.776979	28	187.83	4	204.0	3	204.86	1	206.3
prudovsky	53	1	139.728979	12	122.16	2	127.26	2	127.96	1	128.02
prudovsky	53	2	187.296979	17	168.29	3	177.31	2	177.93	1	178.64
prudovsky	53	3	166.224979	18	143.1	3	154.73	4	153.37	1	156.97
prudovsky	54	1	220.200979	20	195.66	4	206.02	4	206.02	1	210.4
prudovsky	54	2	135.768979	15	118.76	2	127.59	2	127.98	1	128.83
prudovsky	54	3	158.352979	16	139.01	2	149.89	3	148.5	1	150.84
prudovsky	54	4	149.016979	16	130.15	2	140.76	2	140.76	1	141.57
prudovsky	54	5	227.040979	25	202.18	3	218.84	3	218.64	1	219.82
prudovsky	54	6	243.120979	21	219.65	5	230.53	4	231.18	1	234.49
prudovsky	55	1	186.888979	18	161.79	3	173.26	3	173.26	1	175.72
prudovsky	55	2	236.064979	26	207.25	3	225.29	2	226.32	1	227.57
prudovsky	55	3	162.936979	17	143.78	1	155.59	2	154.97	1	155.59
prudovsky	55	4	207.456979	22	178.65	6	193.3	3	196.47	1	198.69
prudovsky	56	1	169.344979	16	148.37	3	157.36	3	157.36	1	159.57
prudovsky	56	2	140.712979	15	124.7	2	132.7	2	132.79	1	133.54
prudovsky	56	3	158.184979	15	137.8	3	147.51	3	147.64	1	150.3
prudovsky	57	1	203.064979	25	174.64	5	190.19	3	192.17	1	194.48
prudovsky	58	1	165.720979	14	143.42	1	154.21	2	152.71	1	154.21
prudovsky	58	2	205.536979	18	187.25	1	198.35	4	196.67	1	198.35
prudovsky	58	3	176.544979	19	156.66	1	168.36	2	167.33	1	168.36
prudovsky	58	4	182.088979	16	162.38	1	174.07	2	173.2	1	174.07
prudovsky	58	5	138.504979	14	122.94	1	131.8	2	130.63	1	131.8
prudovsky	58	6	193.728979	20	175.58	1	187.01	3	185.3	1	187.01
prudovsky	58	7	283.008979	28	257.14	1	275.1	4	272.12	1	275.1
prudovsky	58	8	166.128979	13	151.4	1	159.24	2	158.42	1	159.24
prudovsky	58	9	317.088979	28	291.08	1	309.32	4	306.98	1	309.32
prudovsky	58	10	383.376979	39	346.49	1	376.85	4	374.18	1	376.85
prudovsky	58	11	440.808979	40	401.01	1	432.84	4	430.22	1	432.84
prudovsky	58	12	341.112979	29	312.28	1	333.56	3	331.84	1	333.56
prudovsky	58	13	253.344979	25	216.6	1	244.5	5	239.73	1	244.5
prudovsky	59	1	316.368979	27	280.12	6	298.56	6	298.34	1	303.67
prudovsky	59	2	284.520979	26	253.5	2	274.72	2	274.72	1	276.07
prudovsky	59	3	213.360979	18	192.68	2	206.19	2	206.19	1	207.11
prudovsky	59	4	214.896979	17	190.96	4	202.66	3	203.42	1	205.94
prudovsky	59	5	247.320979	20	221.09	6	233.93	2	237.91	1	238.89
prudovsky	60	1	300.888979	25	269.71	4	285.9	4	285.89	1	289.25
prudovsky	60	2	291.432979	25	264.17	2	282.49	3	281.52	1	283.21
prudovsky	60	3	272.688979	22	247.31	4	261.81	3	262.48	1	263.75
prudovsky	60	4	230.616979	19	206.15	3	219.48	2	220.53	1	222.13
prudovsky	60	5	170.808979	14	147.65	4	157.96	2	159.7	1	161.21
prudovsky	61	1	258.168979	21	230.22	3	243.95	3	243.95	1	246.12
prudovsky	61	2	279.048979	22	252.57	1	268.04	2	267.21	1	268.04
prudovsky	61	3	237.984979	18	214.11	3	226.24	3	226.24	1	228.16
prudovsky	62	1	132.744979	10	112.12	2	119.53	2	119.53	1	120.53
prudovsky	62	2	333.648979	29	298.47	7	317.59	5	320.14	1	324.78
prudovsky	62	3	272.472979	24	246.6	4	261.32	4	261.48	1	263.37
prudovsky	62	4	246.192979	21	219.08	4	234.38	2	236.55	1	237.64
prudovsky	62	5	265.080979	21	235.81	4	252.34	4	252.4	1	255.82
prudovsky	63	1	140.400979	13	119.86	3	128.72	3	129.08	1	131.3
prudovsky	64	1	139.776979	15	119.74	5	126.86	4	127.63	1	130.2
prudovsky	65	1	303.120979	25	276.27	4	290.67	5	289.91	1	293.78
prudovsky	66	1	296.400979	20	265.52	4	281.79	3	283.39	1	287.19
prudovsky	66	2	380.352979	29	344.54	5	367.74	4	368.68	1	372.8
prudovsky	66	3	304.272979	22	273.83	3	295.31	3	295.31	1	298.11
prudovsky	66	4	176.832979	11	160.57	1	169.78	1	169.78	1	169.78
prudovsky	66	5	209.568979	14	188.41	1	201.86	1	201.86	1	201.86
prudovsky	66	6	256.656979	17	233.03	6	243.8	1	249.5	1	249.5
prudovsky	66	7	250.560979	17	228.76	1	244.12	2	242.19	1	244.12
prudovsky	66	8	186.144979	13	165.86	6	173.48	3	176.53	1	178.98
prudovsky	66	9	263.952979	21	239.91	3	254.22	2	255.57	1	257.08
prudovsky	66	10	174.576979	11	158.32	1	167.08	1	167.08	1	167.08
prudovsky	66	11	292.224979	19	264.84	4	278.34	2	281.78	1	284.06
prudovsky	66	12	234.480979	17	212.07	4	224.24	3	225.26	1	227.36
prudovsky	66	13	239.088979	18	218.94	2	232.08	2	232.08	1	233.45
prudovsky	66	14	312.744979	20	283.37	4	300.02	4	300.02	1	304.01
prudovsky	66	15	133.248979	8	120.34	2	125.74	3	125.0	1	126.62
prudovsky	66	16	266.976979	21	238.7	7	251.65	1	259.06	1	259.06
prudovsky	66	17	263.808979	18	240.44	1	256.91	2	256.42	1	256.91
prudovsky	66	18	354.072979	24	327.41	3	343.35	4	342.41	1	345.76
prudovsky	66	19	312.624979	21	289.38	3	304.2	3	303.84	1	305.95
prudovsky	66	20	217.776979	15	197.93	4	207.46	3	208.88	1	210.36
prudovsky	66	21	350.568979	27	320.48	2	341.56	2	341.56	1	342.81
prudovsky	66	22	285.264979	21	260.36	8	269.2	5	274.12	1	276.98
web_british	1	1	247.608	31	215.5	9	222.63	1	224.1	1	224.1
web_british	1	2	176.376	25	164.42	3	171.69	1	172.13	1	172.13
web_british	1	3	191.64	24	152.42	14	182.1	1	185.82	1	185.82
web_british	1	4	194.232	26	180.54	7	187.4	1	188.91	1	188.91
web_british	1	5	189.624	32	171.38	10	180.0	1	183.84	1	183.84
web_british	1	6	165.312	22	152.46	4	158.76	1	159.85	1	159.85
web_british	1	7	166.008	24	152.77	4	160.22	1	160.65	1	160.65
web_british	1	8	166.8	22	153.92	6	158.82	1	160.93	1	160.93
web_british	1	9	187.944	29	175.22	6	181.26	1	182.23	1	182.23
web_british	1	10	173.064	32	160.6	6	165.85	1	167.75	1	167.75
web_british	1	11	213.12	32	197.42	12	203.04	1	207.91	1	207.91
web_british	1	12	153.72	20	142.34	7	146.45	1	147.77	1	147.77
web_british	1	13	130.896	18	119.33	4	123.72	1	124.96	1	124.96
web_british	1	14	181.224	24	170.43	5	174.49	1	175.67	1	175.67
web_british	1	15	140.4	21	129.37	6	132.68	1	134.52	1	134.52
web_british	1	16	134.496	16	123.81	6	127.45	1	128.52	1	128.52
web_british	1	17	213.24	27	200.23	7	205.68	1	207.2	1	207.2
web_british	1	18	250.752	33	236.33	15	241.56	1	244.85	1	244.85
web_british	1	19	316.272	38	289.54	13	306.22	1	310.34	1	310.34
web_british	1	20	157.32	18	145.49	7	149.11	1	151.42	1	151.42
web_british	1	21	239.424	34	222.88	10	231.11	1	234.77	1	234.77
web_british	1	22	186.48	24	175.4	10	177.71	1	180.43	1	180.43
web_british	1	23	156.864	20	147.1	8	149.0	1	150.7	1	150.7
web_british	1	24	522.072	67	496.66	20	510.68	1	516.38	1	516.38
web_british	1	25	229.248	34	217.8	9	222.87	1	223.42	1	223.42
web_british	1	26	263.664	35	247.9	13	254.03	1	257.81	1	257.81
web_british	1	27	369.864	46	351.32	25	358.17	1	363.75	1	363.75
web_british	1	28	176.928	22	163.72	6	168.72	1	170.86	1	170.86
web_british	1	29	248.592	35	234.01	15	240.02	1	243.01	1	243.01
web_british	1	30	309.312	43	291.41	17	298.1	1	303.33	1	303.33
web_british	1	31	414.84	55	392.4	13	405.08	1	409.14	1	409.14
web_british	1	32	245.016	32	228.93	9	236.9	1	238.76	1	238.76
web_british	1	33	155.664	20	142.07	11	145.94	1	149.56	1	149.56
web_british	1	34	233.088	31	216.8	7	224.31	1	226.8	1	226.8
web_british	1	35	197.376	29	181.81	9	188.41	1	191.52	1	191.52
web_british	1	36	286.608	43	269.85	6	278.79	1	280.74	1	280.74
web_british	1	37	279.456	36	263.69	12	270.97	1	273.32	1	273.32
web_british	1	38	236.832	30	220.64	10	228.2	1	230.8	1	230.8
web_british	1	39	178.44	23	165.63	6	171.03	1	172.36	1	172.36
web_british	1	40	168.768	23	155.15	6	161.19	1	162.94	1	162.94
web_british	1	41	412.848	57	389.21	10	403.66	1	406.72	1	406.72
web_british	1	42	289.608	38	271.81	12	281.12	1	283.53	1	283.53
web_british	1	43	268.512	34	254.78	12	259.68	1	262.82	1	262.82
web_british	1	44	254.544	34	236.54	8	245.58	1	248.45	1	248.45
web_british	1	45	219.576	28	204.23	6	211.87	1	213.78	1	213.78
web_british	1	46	244.92	34	228.02	6	237.08	1	238.71	1	238.71
web_british	1	47	291.216	31	274.68	14	281.3	1	285.44	1	285.44
web_british	1	48	194.424	22	180.53	6	187.36	1	188.37	1	188.37
web_british	1	49	234.768	33	218.66	13	225.5	1	228.7	1	228.7
web_british	1	50	210.888	26	198.13	5	203.56	1	204.88	1	204.88
web_british	2	1	158.52	22	128.98	5	133.13	1	134.49	1	134.49
web_british	2	2	190.992	25	176.19	14	180.87	1	185.36	1	185.36
web_british	2	3	219.696	22	205.72	8	211.9	1	214.44	1	214.44
web_british	2	4	249.624	31	233.33	18	237.81	1	243.86	1	243.86
web_british	2	5	183.96	23	171.03	10	174.82	1	178.64	1	178.64
web_british	2	6	227.904	30	212.25	8	219.71	1	222.11	1	222.11
web_british	2	7	202.752	25	188.69	6	194.96	1	197.06	1	197.06
web_british	2	8	277.032	32	259.77	12	267.15	1	271.4	1	271.4
web_british	2	9	279.144	35	259.92	10	269.3	1	273.49	1	273.49
web_british	2	10	258.288	29	244.45	13	249.28	1	253.03	1	253.03
web_british	2	11	96.264	10	88.81	3	91.5	1	91.89	1	91.89
web_british	2	12	418.248	51	395.07	8	410.3	1	412.42	1	412.42
web_british	2	13	188.232	22	175.74	4	181.4	1	182.36	1	182.36
web_british	2	14	266.544	31	251.69	7	258.87	1	260.61	1	260.61
web_british	2	15	215.496	27	205.21	4	209.56	1	209.98	1	209.98
web_british	2	16	292.92	36	274.98	5	286.45	1	287.4	1	287.4
web_british	2	17	135.336	16	125.14	5	128.33	1	129.37	1	129.37
web_british	2	18	224.976	27	208.12	5	217.34	1	219.17	1	219.17
web_british	2	19	198.936	25	185.79	9	190.78	1	193.43	1	193.43
web_british	2	20	169.632	26	157.7	14	160.32	1	163.78	1	163.78
web_british	2	21	257.112	36	239.47	14	246.0	1	251.12	1	251.12
web_british	2	22	232.272	31	216.68	17	220.89	1	226.46	1	226.46
web_british	2	23	240.48	33	223.13	14	230.4	1	234.44	1	234.44
web_british	2	24	140.568	18	128.27	8	132.47	1	134.5	1	134.5
web_british	2	25	260.52	40	242.5	4	253.06	1	254.36	1	254.36
web_british	2	26	278.616	37	261.14	6	271.61	1	272.84	1	272.84
web_british	2	27	169.536	21	156.41	3	162.67	1	163.49	1	163.49
web_british	2	28	349.44	43	329.42	6	342.05	1	343.39	1	343.39
web_british	2	29	357.36	46	336.98	9	349.51	1	351.28	1	351.28
web_british	2	30	281.232	38	264.88	5	274.12	1	275.44	1	275.44
web_british	2	31	130.344	18	120.92	3	123.51	1	124.33	1	124.33
web_british	2	32	310.824	35	292.35	19	297.6	1	304.73	1	304.73
web_british	2	33	195.648	23	180.89	11	185.72	1	189.58	1	189.58
web_british	2	34	295.848	35	276.96	15	284.44	1	289.79	1	289.79
web_british	2	35	237.72	35	224.2	5	229.71	1	231.57	1	231.57
web_british	2	36	277.416	38	259.93	8	267.95	1	271.19	1	271.19
web_british	2	37	208.2	29	192.47	4	200.88	1	202.06	1	202.06
web_british	2	38	245.256	31	230.09	5	237.81	1	239.19	1	239.19
web_british	2	39	300.744	43	282.72	8	291.89	1	295.1	1	295.1
web_british	2	40	231.744	38	212.07	6	223.91	1	225.94	1	225.94
web_british	3	1	160.224	17	131.54	4	134.95	1	136.19	1	136.19
web_british	3	2	138.768	16	127.81	4	132.39	1	133.31	1	133.31
web_british	3	3	137.376	17	126.67	4	130.27	1	131.57	1	131.57
web_british	3	4	287.52	35	272.09	5	280.74	1	281.74	1	281.74
web_british	3	5	198.744	19	187.42	8	190.38	1	193.19	1	193.19
web_british	3	6	249.888	30	235.86	5	243.34	1	244.36	1	244.36
web_british	3	7	287.976	38	271.25	8	279.94	1	282.16	1	282.16
web_british	3	8	274.416	36	255.33	4	267.42	1	268.62	1	268.62
web_british	3	9	173.568	24	160.67	4	166.27	1	167.63	1	167.63
web_british	3	10	187.344	20	176.01	8	179.27	1	181.85	1	181.85
web_british	3	11	317.568	47	300.16	11	308.43	1	311.71	1	311.71
web_british	3	12	79.416	8	70.87	3	72.59	1	73.51	1	73.51
web_british	3	13	515.496	59	499.63	12	508.04	1	509.45	1	509.45
web_british	3	14	453.384	57	431.07	14	442.73	1	447.75	1	447.75
web_british	3	15	268.728	33	251.66	17	256.34	1	262.74	1	262.74
web_british	3	16	311.136	34	292.48	11	301.21	1	305.49	1	305.49
web_british	3	17	153.24	16	143.67	5	146.24	1	147.17	1	147.17
web_british	3	18	209.712	30	81.52	21	134.12	1	172.27	1	172.27
web_british	3	19	272.808	37	258.87	26	262.23	1	267.31	1	267.31
web_british	3	20	256.32	27	245.02	18	247.27	1	250.63	1	250.63
web_british	3	21	177.168	24	164.54	8	169.3	1	171.09	1	171.09
web_british	3	22	254.136	33	241.73	10	247.14	1	248.48	1	248.48
web_british	3	23	369.192	44	350.73	12	359.78	1	363.0	1	363.0
web_british	3	24	163.008	23	149.75	5	155.47	1	157.17	1	157.17
web_british	3	25	430.584	55	407.69	13	420.54	1	424.67	1	424.67
web_british	3	26	355.728	46	336.85	13	345.82	1	349.3	1	349.3
web_british	3	27	276.312	34	261.1	10	267.86	1	270.12	1	270.12
web_british	4	1	397.896	54	364.96	26	368.73	1	375.43	1	375.43
web_british	4	2	249.912	34	233.76	20	239.43	1	245.86	1	245.86
web_british	4	3	370.608	51	349.43	23	354.85	1	365.08	1	365.08
web_british	4	4	374.376	49	356.04	17	361.43	1	368.8	1	368.8
web_british	4	5	256.272	31	242.59	6	248.88	1	250.63	1	250.63
web_british	4	6	214.776	27	201.48	8	206.37	1	209.06	1	209.06
web_british	4	7	585.408	89	575.08	66	576.91	1	579.81	1	579.81
web_british	4	8	202.488	26	189.52	7	194.75	1	197.26	1	197.26
web_british	4	9	209.304	23	194.92	6	201.57	1	203.63	1	203.63
web_british	4	10	257.232	36	240.19	12	247.73	1	251.72	1	251.72
web_british	4	11	291.12	35	271.65	12	280.49	1	285.47	1	285.47
web_british	4	12	121.968	16	111.89	8	114.74	1	116.36	1	116.36
web_british	4	13	220.104	33	207.43	17	211.12	1	214.22	1	214.22
web_british	4	14	346.08	45	325.39	11	336.42	1	340.31	1	340.31
web_british	4	15	303.288	41	286.72	10	294.29	1	297.57	1	297.57
web_british	4	16	380.328	50	360.45	20	369.69	1	374.4	1	374.4
web_british	4	17	99.864	13	86.91	5	93.43	1	94.4	1	94.4
web_british	4	18	315.792	32	299.0	11	307.72	1	310.08	1	310.08
web_british	4	19	206.04	22	192.85	7	198.01	1	200.26	1	200.26
web_british	4	20	234.816	29	220.65	13	224.87	1	229.14	1	229.14
web_british	4	21	275.784	35	260.87	12	266.74	1	269.89	1	269.89
web_british	4	22	336.168	41	319.3	23	325.22	1	331.78	1	331.78
web_british	4	23	221.88	30	207.48	17	210.42	1	215.93	1	215.93
web_british	4	24	193.896	25	181.34	8	185.69	1	187.98	1	187.98
web_british	4	25	133.176	18	122.55	6	125.5	1	127.23	1	127.23
web_british	4	26	455.496	65	432.15	4	448.83	1	449.44	1	449.44
web_british	4	27	180.264	23	168.74	6	172.93	1	174.15	1	174.15
web_british	4	28	224.88	31	212.34	5	218.02	1	219.23	1	219.23
web_british	4	29	275.592	40	264.72	12	264.75	1	269.68	1	269.68
web_british	4	30	146.04	16	135.93	6	138.67	1	140.31	1	140.31
web_british	4	31	361.848	54	340.91	9	353.47	1	355.93	1	355.93
web_british	4	32	303.936	42	286.96	10	294.88	1	297.99	1	297.99
web_british	4	33	295.416	56	276.91	2	289.43	1	289.46	1	289.46
web_british	4	34	180.72	29	166.51	6	173.71	1	174.77	1	174.77
web_british	4	35	283.464	34	269.4	11	273.56	1	277.44	1	277.44
web_british	4	36	136.2	13	125.06	4	128.59	1	130.02	1	130.02
web_british	5	1	383.544	46	344.98	12	355.66	1	359.58	1	359.58
web_british	5	2	294.552	37	280.97	12	286.17	1	288.82	1	288.82
web_british	5	3	240.912	29	228.52	6	233.59	1	235.54	1	235.54
web_british	5	4	407.952	49	387.99	4	400.87	1	402.23	1	402.23
web_british	5	5	251.976	33	237.33	16	241.86	1	246.02	1	246.02
web_british	5	6	179.712	25	167.12	4	172.69	1	173.89	1	173.89
web_british	5	7	244.752	26	229.96	1	238.98	1	238.98	1	238.98
web_british	5	8	157.368	20	146.82	3	150.83	1	151.67	1	151.67
web_british	5	9	276.408	29	261.32	5	269.27	1	270.7	1	270.7
web_british	5	10	171.744	22	157.73	4	165.18	1	166.04	1	166.04
web_british	5	11	245.616	32	232.38	2	239.42	1	239.84	1	239.84
web_british	5	12	288.816	32	273.82	4	281.52	1	282.93	1	282.93
web_british	5	13	166.44	18	158.18	3	159.96	1	160.4	1	160.4
web_british	5	14	196.128	29	183.59	4	189.38	1	190.18	1	190.18
web_british	5	15	193.944	23	181.07	1	188.43	1	188.43	1	188.43
web_british	5	16	205.488	22	191.75	3	199.37	1	199.57	1	199.57
web_british	5	17	201.36	20	190.58	5	194.36	1	195.33	1	195.33
web_british	5	18	176.136	22	163.21	5	168.95	1	170.64	1	170.64
web_british	5	19	172.44	21	161.66	3	165.88	1	166.42	1	166.42
web_british	5	20	180.336	20	168.7	3	173.67	1	174.47	1	174.47
web_british	5	21	197.688	23	186.81	5	190.63	1	191.6	1	191.6
web_british	5	22	248.088	30	236.68	9	239.98	1	241.95	1	241.95
web_british	5	23	198.648	25	183.98	6	190.79	1	192.54	1	192.54
web_british	5	24	192.312	22	179.64	10	184.07	1	186.6	1	186.6
web_british	5	25	163.08	19	150.97	7	155.0	1	157.36	1	157.36
web_british	5	26	189.936	19	177.78	3	182.88	1	183.71	1	183.71
web_british	5	27	183.744	26	173.62	14	176.7	1	178.02	1	178.02
web_british	5	28	568.104	68	537.95	3	561.24	1	562.03	1	562.03
web_british	5	29	229.536	29	216.21	5	222.48	1	223.42	1	223.42
web_british	5	30	175.128	20	163.02	2	168.88	1	169.26	1	169.26
web_british	5	31	279.84	30	265.01	10	270.87	1	273.62	1	273.62
web_british	5	32	383.688	52	365.1	9	374.58	1	377.56	1	377.56
web_british	5	33	239.232	29	225.9	12	230.28	1	233.42	1	233.42
web_british	5	34	92.616	12	83.71	2	86.12	1	86.49	1	86.49
web_british	6	1	183.36	18	156.1	5	160.31	1	161.99	1	161.99
web_british	6	2	215.76	24	201.93	9	207.46	1	210.3	1	210.3
web_british	6	3	156.456	17	146.06	6	148.75	1	150.98	1	150.98
web_british	6	4	196.896	24	183.54	7	188.61	1	191.45	1	191.45
web_british	6	5	155.64	15	144.4	5	148.85	1	150.48	1	150.48
web_british	6	6	265.104	27	251.05	8	257.52	1	259.49	1	259.49
web_british	6	7	281.376	26	268.29	6	274.95	1	275.86	1	275.86
web_british	6	8	330.192	35	313.08	7	323.31	1	324.77	1	324.77
web_british	6	9	225.216	27	213.34	8	217.83	1	219.79	1	219.79
web_british	6	10	401.208	43	381.68	17	389.77	1	395.79	1	395.79
web_british	6	11	208.464	23	198.79	4	202.86	1	203.34	1	203.34
web_british	6	12	138.696	24	132.15	18	132.55	1	133.15	1	133.15
web_british	6	13	252.36	33	239.16	6	244.46	1	246.67	1	246.67
web_british	6	14	147.624	15	137.19	4	141.01	1	142.3	1	142.3
web_british	6	15	319.32	63	303.0	14	308.58	1	313.66	1	313.66
web_british	6	16	82.92	10	74.73	2	77.19	1	77.19	1	77.19
web_british	6	17	201.48	18	189.55	5	193.97	1	195.67	1	195.67
web_british	6	18	234.48	28	221.95	4	227.5	1	228.83	1	228.83
web_british	6	19	301.584	51	285.2	7	293.65	1	296.28	1	296.28
web_british	6	20	94.992	9	86.68	2	88.91	1	89.38	1	89.38
web_british	6	21	327.696	45	310.77	7	320.51	1	322.43	1	322.43
web_british	6	22	369.0	34	352.79	9	360.48	1	363.15	1	363.15
web_british	6	23	154.776	16	144.94	5	147.09	1	148.93	1	148.93
web_british	6	24	298.248	33	282.06	12	289.12	1	292.39	1	292.39
web_british	7	1	304.872	36	271.94	9	279.75	1	283.03	1	283.03
web_british	7	2	193.776	23	180.74	2	188.22	1	188.64	1	188.64
web_british	7	3	251.712	31	236.44	7	244.89	1	246.74	1	246.74
web_british	7	4	225.48	24	210.98	9	217.39	1	219.89	1	219.89
web_british	7	5	248.928	31	236.2	11	240.46	1	243.56	1	243.56
web_british	7	6	363.288	40	343.51	23	350.48	1	357.58	1	357.58
web_british	7	7	274.248	25	257.88	10	264.52	1	268.62	1	268.62
web_british	7	8	281.496	35	262.84	15	271.1	1	275.98	1	275.98
web_british	7	9	464.088	57	439.66	22	451.18	1	458.56	1	458.56
web_british	7	10	148.344	18	138.61	6	141.69	1	143.21	1	143.21
web_british	7	11	353.664	40	334.99	16	342.57	1	348.05	1	348.05
web_british	7	12	128.616	15	119.75	7	121.6	1	122.96	1	122.96
web_british	7	13	208.896	25	196.99	14	200.18	1	203.14	1	203.14
web_british	7	14	194.928	20	182.64	10	186.69	1	189.15	1	189.15
web_british	7	15	188.88	20	161.53	12	165.31	1	183.51	1	183.51
web_british	7	16	306.312	31	289.72	17	295.17	1	300.82	1	300.82
web_british	7	17	114.72	13	105.44	5	108.19	1	108.78	1	108.78
web_british	7	18	288.144	31	271.17	15	277.53	1	282.44	1	282.44
web_british	7	19	308.4	30	292.55	12	299.73	1	302.91	1	302.91
web_british	7	20	418.824	48	397.11	12	410.32	1	413.53	1	413.53
web_british	7	21	213.144	25	197.35	4	206.25	1	207.51	1	207.51
web_british	8	1	210.312	22	181.53	8	186.35	1	188.98	1	188.98
web_british	8	2	218.184	23	204.7	16	207.58	1	212.88	1	212.88
web_british	8	3	150.984	18	140.47	7	144.43	1	145.66	1	145.66
web_british	8	4	198.456	22	187.85	8	191.21	1	193.13	1	193.13
web_british	9	1	242.28	28	212.03	11	216.99	1	220.36	1	220.36
web_british	9	2	318.36	36	302.47	10	310.13	1	312.54	1	312.54
web_british	9	3	162.384	21	153.0	10	155.57	1	156.56	1	156.56
web_british	9	4	217.032	22	192.12	7	209.58	1	211.14	1	211.14
web_british	9	5	121.896	12	112.59	4	114.91	1	115.81	1	115.81
web_british	9	6	213.768	21	200.96	7	206.65	1	208.07	1	208.07
web_british	9	7	154.056	17	142.55	5	147.24	1	148.17	1	148.17
web_british	9	8	160.776	22	147.4	6	153.27	1	154.97	1	154.97
web_british	9	9	282.912	27	269.23	16	273.19	1	277.0	1	277.0
web_british	9	10	248.904	27	233.39	12	239.29	1	243.43	1	243.43
web_british	9	11	141.0	15	130.21	7	132.98	1	135.09	1	135.09
web_british	9	12	221.304	25	206.92	10	212.58	1	215.39	1	215.39
web_british	9	13	214.608	23	201.65	7	207.03	1	208.37	1	208.37
web_british	9	14	474.768	52	452.62	22	462.36	1	468.61	1	468.61
web_british	9	15	291.264	35	274.15	18	280.66	1	285.65	1	285.65
web_british	9	16	208.272	23	194.33	13	197.57	1	202.18	1	202.18
web_british	9	17	491.376	58	464.45	18	479.48	1	485.14	1	485.14
web_british	9	18	250.728	30	234.49	13	239.59	1	244.71	1	244.71
web_british	9	19	213.48	24	200.1	11	204.25	1	207.84	1	207.84
web_british	9	20	371.904	42	351.47	17	360.77	1	366.26	1	366.26
web_british	9	21	150.0	15	139.24	8	141.59	1	144.22	1	144.22
web_british	9	22	224.328	23	210.31	10	215.7	1	218.45	1	218.45
web_british	9	23	253.704	29	237.35	14	243.24	1	247.43	1	247.43
web_british	9	24	194.472	22	179.74	4	186.76	1	188.27	1	188.27
web_british	9	25	413.448	44	391.48	16	400.71	1	407.18	1	407.18
web_british	9	26	257.496	25	241.75	11	247.23	1	251.14	1	251.14
web_british	9	27	120.576	12	110.33	6	112.61	1	114.65	1	114.65
web_british	9	28	247.368	25	232.16	16	235.63	1	241.45	1	241.45
web_british	9	29	127.416	11	117.48	7	118.5	1	121.27	1	121.27
web_british	9	30	272.784	31	257.17	9	263.47	1	266.78	1	266.78
web_british	9	31	107.904	13	97.58	2	101.26	1	101.71	1	101.71
web_british	10	1	226.656	27	196.64	9	200.7	1	204.35	1	204.35
web_british	10	2	272.616	32	256.57	10	263.97	1	266.79	1	266.79
web_british	10	3	338.784	39	320.33	15	329.12	1	333.33	1	333.33
web_british	10	4	125.376	12	116.19	4	119.05	1	119.5	1	119.5
web_british	10	5	194.616	25	179.7	9	184.87	1	188.65	1	188.65
web_british	10	6	198.84	23	183.58	7	190.49	1	192.75	1	192.75
web_british	10	7	239.616	29	224.65	6	231.73	1	233.72	1	233.72
web_british	10	8	146.736	18	136.78	5	140.23	1	140.94	1	140.94
web_british	10	9	123.72	13	114.51	8	116.43	1	118.09	1	118.09
web_british	10	10	180.888	19	167.71	5	173.74	1	175.08	1	175.08
web_british	10	11	236.544	27	222.09	9	228.1	1	231.0	1	231.0
web_british	10	12	285.648	31	269.8	13	275.32	1	280.08	1	280.08
web_british	10	13	342.96	39	323.68	18	331.44	1	336.84	1	336.84
web_british	10	14	320.424	33	303.45	19	309.09	1	314.35	1	314.35
web_british	10	15	332.712	37	313.53	15	321.84	1	326.68	1	326.68
web_british	10	16	220.68	23	207.13	13	210.05	1	214.53	1	214.53
web_british	10	17	274.848	29	259.29	12	264.88	1	268.69	1	268.69
web_british	10	18	330.528	33	309.06	24	316.58	1	324.43	1	324.43
web_british	10	19	416.64	43	396.03	19	403.8	1	410.59	1	410.59
web_british	10	20	254.496	26	241.3	12	245.22	1	248.48	1	248.48
web_british	10	21	225.288	22	213.26	8	217.38	1	219.08	1	219.08
web_british	10	22	296.208	51	279.9	8	287.18	1	289.93	1	289.93
web_british	10	23	262.8	39	249.17	8	254.74	1	256.58	1	256.58
web_british	10	24	256.704	25	241.98	13	245.72	1	250.49	1	250.49
web_british	11	1	464.112	53	421.95	19	433.86	1	441.58	1	441.58
web_british	11	2	432.432	46	410.21	22	419.96	1	426.9	1	426.9
web_british	11	3	248.928	28	233.81	12	239.8	1	242.88	1	242.88
web_british	11	4	221.928	34	209.01	3	215.09	1	215.97	1	215.97
web_british	11	5	162.96	18	151.18	4	155.51	1	156.79	1	156.79
web_british	11	6	295.44	38	276.97	6	288.02	1	289.68	1	289.68
web_british	11	7	425.736	51	403.83	7	417.72	1	419.78	1	419.78
web_british	11	8	588.408	66	564.6	16	576.03	1	582.49	1	582.49
web_british	11	9	236.016	28	222.74	6	228.85	1	230.07	1	230.07
web_british	11	10	253.944	29	237.68	6	245.88	1	248.03	1	248.03
web_british	11	11	372.12	43	352.94	8	364.03	1	365.94	1	365.94
web_british	11	12	300.864	33	284.11	12	291.49	1	294.86	1	294.86
web_british	11	13	308.256	34	290.52	13	297.75	1	301.9	1	301.9
web_british	11	14	284.136	31	268.72	8	275.51	1	278.27	1	278.27
web_british	11	15	282.24	34	263.82	7	273.47	1	276.08	1	276.08
web_british	11	16	293.256	34	274.69	8	283.66	1	287.05	1	287.05
web_british	11	17	187.248	24	172.37	13	175.85	1	180.95	1	180.95
web_british	11	18	396.672	46	375.19	22	383.33	1	390.59	1	390.59
web_british	11	19	214.128	21	200.14	12	203.09	1	207.97	1	207.97
web_british	11	20	424.152	43	406.12	26	411.82	1	418.06	1	418.06
web_british	11	21	265.464	29	249.56	14	254.87	1	259.2	1	259.2
web_british	11	22	442.032	53	418.32	29	425.67	1	435.68	1	435.68
web_british	12	1	205.896	18	177.63	15	178.94	1	183.54	1	183.54
web_british	12	2	240.144	25	227.2	15	230.53	1	234.19	1	234.19
web_british	12	3	248.712	27	233.63	11	240.06	1	242.73	1	242.73
web_british	12	4	382.728	44	363.73	27	369.85	1	376.76	1	376.76
web_british	12	5	284.736	27	270.08	18	273.52	1	278.53	1	278.53
web_british	12	6	291.648	33	277.18	20	281.7	1	285.94	1	285.94
web_british	12	7	236.04	20	223.95	10	227.47	1	230.07	1	230.07
web_british	12	8	276.48	29	260.83	15	265.8	1	270.45	1	270.45
web_british	12	9	353.424	37	336.44	21	341.59	1	347.49	1	347.49
web_british	12	10	350.808	36	335.08	19	339.16	1	344.78	1	344.78
web_british	12	11	202.848	21	191.08	7	195.36	1	197.22	1	197.22
web_british	12	12	198.624	21	185.59	6	190.96	1	192.54	1	192.54
web_british	12	13	227.64	25	212.86	9	218.2	1	221.45	1	221.45
web_british	12	14	256.368	29	239.74	8	247.41	1	249.93	1	249.93
web_british	12	15	322.104	38	302.78	8	313.2	1	315.84	1	315.84
web_british	12	16	187.44	20	173.18	4	179.59	1	180.99	1	180.99
web_british	12	17	366.6	41	347.33	8	358.04	1	360.71	1	360.71
web_british	12	18	354.528	37	335.24	8	345.8	1	348.25	1	348.25
web_british	12	19	331.896	37	313.54	8	323.72	1	326.08	1	326.08
web_british	12	20	195.816	21	183.8	14	185.37	1	189.7	1	189.7
web_british	12	21	214.872	26	200.26	5	206.38	1	208.35	1	208.35
web_british	12	22	193.152	20	181.56	5	185.44	1	186.81	1	186.81
web_british	12	23	405.648	37	386.36	8	397.66	1	400.66	1	400.66
web_british	12	24	179.04	20	167.42	4	171.33	1	173.09	1	173.09
web_british	12	25	276.816	30	259.74	6	268.34	1	270.25	1	270.25
web_british	13	1	267.168	54	233.6	9	243.16	1	244.98	1	244.98
web_british	13	2	310.824	55	290.51	9	301.63	1	304.58	1	304.58
web_british	13	3	133.104	24	122.84	2	126.6	1	126.96	1	126.96
web_british	13	4	278.88	43	264.18	6	271.25	1	272.75	1	272.75
web_british	13	5	202.92	26	189.3	5	195.4	1	196.71	1	196.71
web_british	13	6	449.736	81	429.72	8	440.59	1	443.49	1	443.49
web_british	13	7	275.376	40	258.45	6	267.87	1	269.18	1	269.18
web_british	13	8	183.792	40	173.36	3	177.65	1	178.08	1	178.08
web_british	13	9	311.616	44	294.0	8	303.12	1	305.89	1	305.89
web_british	13	10	114.792	14	104.44	4	107.72	1	108.67	1	108.67
web_british	13	11	297.96	47	281.74	10	287.88	1	291.63	1	291.63
web_british	13	12	307.68	40	290.2	7	298.83	1	301.46	1	301.46
web_british	13	13	113.928	14	102.14	4	106.22	1	107.45	1	107.45
web_british	13	14	114.528	17	101.68	6	104.38	1	108.15	1	108.15
web_british	13	15	216.936	29	203.09	6	208.27	1	210.49	1	210.49
web_british	13	16	262.752	43	248.32	7	254.84	1	256.2	1	256.2
web_british	13	17	218.976	27	204.57	5	211.26	1	212.54	1	212.54
web_british	13	18	136.2	17	124.62	5	128.38	1	129.92	1	129.92
web_british	13	19	186.312	19	173.46	6	179.08	1	180.36	1	180.36
web_british	13	20	84.216	8	75.69	3	77.51	1	78.0	1	78.0
web_british	13	21	278.28	30	262.13	17	266.12	1	271.85	1	271.85
web_british	13	22	180.96	19	168.72	3	173.53	1	174.41	1	174.41
web_british	13	23	214.224	32	198.63	6	205.47	1	207.53	1	207.53
web_british	13	24	178.32	31	165.19	3	170.97	1	171.78	1	171.78
web_british	13	25	173.904	31	164.5	2	166.89	1	167.3	1	167.3
web_british	13	26	239.88	32	221.93	4	232.3	1	233.19	1	233.19
web_british	13	27	251.304	34	239.68	5	243.95	1	245.17	1	245.17
web_british	13	28	234.432	21	222.76	5	226.5	1	227.87	1	227.87
web_british	13	29	294.864	30	278.54	7	285.59	1	287.93	1	287.93
web_british	14	1	172.656	17	143.14	7	147.23	1	150.03	1	150.03
web_british	14	2	191.856	18	179.92	9	182.59	1	185.61	1	185.61
web_british	14	3	145.656	17	132.73	4	138.54	1	139.49	1	139.49
web_british	14	4	171.456	22	159.24	5	163.99	1	165.26	1	165.26
web_british	14	5	136.512	14	125.83	4	128.96	1	130.04	1	130.04
web_british	14	6	383.544	42	367.85	17	370.77	1	377.58	1	377.58
web_british	14	7	216.696	22	202.73	10	206.79	1	210.84	1	210.84
web_british	14	8	158.64	18	147.69	8	149.93	1	152.52	1	152.52
web_british	14	9	269.256	31	252.44	7	260.05	1	262.84	1	262.84
web_british	14	10	170.52	19	158.41	10	161.57	1	164.75	1	164.75
web_british	14	11	159.0	23	146.66	4	151.9	1	152.73	1	152.73
web_british	14	12	149.856	16	138.91	6	142.18	1	143.42	1	143.42
web_british	14	13	195.72	22	181.67	5	187.4	1	189.31	1	189.31
web_british	14	14	137.88	15	127.95	4	131.39	1	131.44	1	131.44
web_british	14	15	151.176	19	138.02	3	144.28	1	144.78	1	144.78
web_british	14	16	140.928	14	129.45	5	133.06	1	134.51	1	134.51
web_british	14	17	149.544	19	137.96	3	142.27	1	143.04	1	143.04
web_british	14	18	309.384	34	291.87	23	296.21	1	303.0	1	303.0
web_british	14	19	111.816	11	102.42	3	104.75	1	105.76	1	105.76
web_british	14	20	347.736	37	328.67	11	337.13	1	341.29	1	341.29
web_british	14	21	186.984	20	174.45	5	178.69	1	180.35	1	180.35
web_british	14	22	133.416	12	123.14	3	126.28	1	126.86	1	126.86
web_british	14	23	224.616	21	209.77	5	217.06	1	218.41	1	218.41
web_british	14	24	270.192	27	253.77	9	260.62	1	263.98	1	263.98
web_british	14	25	281.472	28	263.61	12	270.43	1	274.82	1	274.82
web_british	14	26	224.232	23	209.8	5	216.63	1	217.91	1	217.91
web_british	14	27	79.368	9	70.11	1	72.77	1	72.77	1	72.77
web_british	14	28	265.584	27	249.13	6	257.39	1	259.01	1	259.01
web_british	14	29	343.896	36	325.18	6	336.39	1	337.31	1	337.31
web_british	14	30	268.2	27	251.07	6	259.61	1	261.85	1	261.85
web_british	14	31	228.192	21	214.44	5	219.8	1	221.65	1	221.65
web_british	14	32	322.464	33	303.91	10	312.56	1	316.08	1	316.08
web_british	14	33	230.64	25	214.0	6	222.29	1	224.01	1	224.01
web_british	14	34	339.648	33	321.03	8	331.13	1	333.06	1	333.06
web_british	14	35	283.224	27	267.77	7	273.87	1	276.52	1	276.52
web_british	14	36	220.272	23	206.14	7	211.14	1	213.41	1	213.41
web_british	15	1	125.76	11	101.2	1	104.18	1	104.18	1	104.18
web_british	15	2	341.472	70	324.51	10	333.56	1	336.13	1	336.13
web_british	15	3	159.84	13	150.11	4	153.32	1	154.54	1	154.54
web_british	15	4	224.136	24	200.88	9	215.25	1	218.85	1	218.85
web_british	15	5	166.008	17	153.65	4	159.09	1	160.65	1	160.65
web_british	15	6	228.12	22	216.41	6	221.14	1	222.46	1	222.46
web_british	15	7	241.032	28	228.73	4	234.75	1	235.72	1	235.72
web_british	15	8	291.528	36	274.9	6	284.67	1	286.64	1	286.64
web_british	15	9	182.688	15	173.06	5	176.13	1	177.29	1	177.29
web_british	15	10	307.44	44	290.65	8	299.36	1	302.16	1	302.16
web_british	16	1	132.672	11	109.14	5	109.99	1	111.25	1	111.25
web_british	16	2	202.992	20	192.0	11	194.59	1	197.48	1	197.48
web_british	16	3	290.352	32	273.06	7	282.46	1	284.79	1	284.79
web_british	16	4	199.68	23	186.22	10	190.65	1	194.56	1	194.56
web_british	16	5	194.88	19	183.49	5	187.69	1	189.26	1	189.26
web_british	16	6	172.968	19	163.49	7	166.83	1	167.71	1	167.71
web_british	16	7	391.776	73	372.34	11	382.66	1	386.23	1	386.23
web_british	16	8	207.192	18	195.47	7	199.74	1	201.75	1	201.75
web_british	16	9	393.312	38	375.63	11	383.65	1	387.74	1	387.74
web_british	16	10	210.792	39	202.72	3	204.71	1	205.65	1	205.65
web_british	16	11	241.416	36	228.58	8	233.39	1	235.86	1	235.86
web_british	16	12	315.384	47	300.74	8	306.98	1	309.78	1	309.78
web_british	16	13	282.216	31	268.07	9	273.89	1	276.82	1	276.82
web_british	17	1	222.816	22	194.29	8	198.59	1	201.24	1	201.24
web_british	17	2	236.376	23	222.94	8	228.35	1	231.13	1	231.13
web_british	17	3	170.328	15	159.28	4	163.55	1	165.03	1	165.03
web_british	17	4	153.552	17	142.47	5	146.49	1	148.27	1	148.27
web_british	17	5	141.648	14	131.32	9	133.59	1	136.67	1	136.67
web_british	17	6	136.44	14	126.53	8	128.75	1	130.94	1	130.94
web_british	17	7	107.256	10	99.54	7	100.85	1	102.32	1	102.32
web_british	17	8	189.984	17	179.09	5	183.14	1	184.7	1	184.7
web_british	17	9	289.68	32	276.15	9	281.23	1	284.31	1	284.31
web_british	17	10	30.744	3	24.64	1	25.48	1	25.48	1	25.48
web_british	18	1	210.744	22	183.28	10	186.49	1	189.1	1	189.1
web_british	18	2	121.752	13	112.47	7	115.24	1	116.66	1	116.66
web_british	18	3	131.64	26	121.84	3	126.04	1	126.59	1	126.59
web_british	18	4	109.872	21	101.9	3	105.04	1	105.16	1	105.16
web_british	18	5	135.912	27	124.78	3	130.61	1	131.1	1	131.1
web_british	18	6	154.776	30	144.33	4	149.39	1	149.94	1	149.94
web_british	18	7	118.776	21	109.39	2	113.6	1	114.07	1	114.07
web_british	18	8	109.104	22	99.1	4	102.75	1	104.46	1	104.46
web_british	18	9	170.664	35	157.79	4	165.41	1	165.57	1	165.57
web_british	18	10	121.728	22	113.07	3	116.19	1	116.61	1	116.61
web_british	18	11	109.368	20	101.29	3	103.51	1	104.58	1	104.58
web_british	18	12	130.656	25	120.75	3	125.42	1	125.86	1	125.86
web_british	18	13	132.504	28	122.85	4	126.67	1	127.18	1	127.18
web_british	18	14	122.832	22	112.74	4	116.49	1	117.52	1	117.52
web_british	18	15	178.728	35	166.12	3	173.13	1	173.91	1	173.91
web_british	18	16	121.2	22	113.95	3	115.53	1	115.91	1	115.91
web_british	18	17	82.896	16	74.77	3	77.16	1	77.56	1	77.56
web_british	18	18	105.528	21	96.49	2	100.37	1	100.61	1	100.61
web_british	18	19	147.432	29	137.35	6	140.64	1	142.15	1	142.15
web_british	18	20	157.056	29	146.67	3	150.87	1	151.82	1	151.82
web_british	18	21	163.08	34	150.07	5	156.95	1	157.5	1	157.5
web_british	18	22	150.432	30	139.33	3	144.43	1	144.84	1	144.84
web_british	18	23	89.304	17	80.75	3	82.63	1	83.68	1	83.68
web_british	18	24	151.392	25	141.45	3	144.87	1	145.8	1	145.8
web_british	18	25	30.408	6	23.98	1	24.68	1	24.68	1	24.68
web_british	18	26	70.896	14	62.24	2	65.47	1	65.49	1	65.49
web_british	18	27	119.304	23	108.91	4	113.16	1	113.61	1	113.61
web_british	18	28	144.24	28	132.73	3	138.42	1	139.08	1	139.08
web_british	18	29	117.048	25	107.76	2	111.41	1	111.43	1	111.43
web_british	18	30	162.432	31	151.37	4	156.5	1	157.11	1	157.11
web_british	18	31	199.56	40	190.09	3	194.3	1	194.38	1	194.38
web_british	18	32	127.248	22	114.47	4	120.41	1	121.63	1	121.63
web_british	18	33	170.328	33	158.77	6	163.59	1	165.1	1	165.1
web_british	18	34	193.824	37	179.96	5	186.9	1	188.19	1	188.19
web_british	18	35	83.304	16	74.21	2	77.04	1	77.45	1	77.45
web_british	18	36	166.08	33	151.88	5	159.17	1	160.23	1	160.23
web_british	18	37	129.12	24	116.9	3	123.32	1	123.8	1	123.8
web_british	18	38	187.152	41	173.89	10	179.23	1	181.5	1	181.5
web_british	18	39	156.192	30	143.67	6	149.17	1	151.0	1	151.0
web_british	18	40	116.112	24	108.2	6	110.05	1	110.91	1	110.91
web_british	18	41	162.36	34	150.87	4	156.81	1	157.18	1	157.18
web_british	18	42	139.176	17	128.94	5	132.5	1	133.91	1	133.91
web_british	19	1	57.288	6	34.71	1	35.66	1	35.66	1	35.66
web_british	19	2	66.36	12	59.3	1	61.1	1	61.1	1	61.1
web_british	19	3	54.216	8	44.41	1	45.23	1	45.23	1	45.23
web_british	19	4	58.296	8	47.33	1	48.11	1	48.11	1	48.11
web_british	19	5	88.032	12	76.58	1	78.16	1	78.16	1	78.16
web_british	19	6	64.248	10	51.11	1	52.56	1	52.56	1	52.56
web_british	19	7	113.52	17	98.31	1	101.78	1	101.78	1	101.78
web_british	19	8	57.144	9	45.24	1	46.91	1	46.91	1	46.91
web_british	19	9	123.912	20	110.38	1	114.09	1	114.09	1	114.09
web_british	19	10	111.96	18	104.34	2	106.38	1	106.38	1	106.38
web_british	19	11	51.6	7	41.9	1	43.75	1	43.75	1	43.75
web_british	19	12	56.232	8	45.04	1	46.05	1	46.05	1	46.05
web_british	19	13	41.352	6	32.09	2	32.13	1	32.5	1	32.5
web_british	19	14	54.864	7	44.36	1	46.48	1	46.48	1	46.48
web_british	19	15	36.816	5	29.93	1	29.93	1	29.93	1	29.93
web_british	19	16	70.848	11	62.32	3	63.81	1	63.87	1	63.87
web_british	19	17	99.744	15	89.47	1	92.35	1	92.35	1	92.35
web_british	19	18	303.432	50	275.14	1	286.35	1	286.35	1	286.35
web_british	19	19	94.776	14	83.47	3	85.81	1	85.94	1	85.94
web_british	19	20	55.32	9	45.22	1	47.01	1	47.01	1	47.01
web_british	19	21	79.32	13	68.41	1	70.4	1	70.4	1	70.4
web_british	19	22	187.2	31	171.88	4	175.33	1	176.19	1	176.19
web_british	19	23	43.296	6	35.18	1	35.82	1	35.82	1	35.82
web_british	19	24	61.848	10	52.3	3	54.36	1	54.92	1	54.92
web_british	19	25	115.056	22	103.6	3	108.21	1	108.32	1	108.32
web_british	19	26	64.056	12	54.81	2	56.66	1	57.26	1	57.26
web_british	19	27	108.432	14	97.89	2	101.35	1	101.77	1	101.77
web_british	19	28	70.728	9	61.57	2	63.58	1	64.09	1	64.09
web_british	19	29	64.248	11	55.48	3	57.01	1	57.03	1	57.03
web_british	19	30	78.48	12	66.24	1	68.91	1	68.91	1	68.91
web_british	19	31	165.672	24	150.81	1	156.69	1	156.69	1	156.69
web_british	19	32	82.2	11	70.97	1	73.85	1	73.85	1	73.85
web_british	19	33	113.4	22	102.99	1	107.36	1	107.36	1	107.36
web_british	19	34	117.432	22	100.03	2	105.07	1	105.49	1	105.49
web_british	19	35	185.76	28	173.3	4	177.8	1	178.6	1	178.6
web_british	19	36	81.312	12	68.87	2	71.07	1	71.07	1	71.07
web_british	19	37	221.592	40	203.79	4	214.0	1	214.47	1	214.47
web_british	19	38	117.864	22	105.83	1	109.81	1	109.81	1	109.81
web_british	19	39	92.232	13	81.23	1	82.31	1	82.31	1	82.31
web_british	19	40	137.592	17	125.59	1	129.22	1	129.22	1	129.22
web_british	19	41	81.84	13	70.86	3	72.55	1	73.4	1	73.4
web_british	19	42	91.752	11	78.07	2	81.62	1	81.65	1	81.65
web_british	19	43	46.392	5	37.73	1	38.98	1	38.98	1	38.98
web_british	19	44	146.256	26	128.74	2	134.54	1	134.54	1	134.54
web_british	19	45	121.032	17	104.49	1	107.51	1	107.51	1	107.51
web_british	19	46	72.024	11	59.03	3	60.51	1	60.51	1	60.51
web_british	19	47	56.64	9	45.62	1	46.25	1	46.25	1	46.25
web_british	19	48	82.344	14	70.1	1	72.55	1	72.55	1	72.55
web_british	19	49	112.92	20	99.16	2	101.73	1	101.87	1	101.87
web_british	19	50	129.336	23	115.88	4	119.73	1	120.72	1	120.72
web_british	19	51	121.68	19	103.86	2	106.95	1	107.49	1	107.49
web_british	19	52	69.408	9	52.41	1	53.39	1	53.39	1	53.39
web_british	19	53	60.096	6	45.8	1	47.5	1	47.5	1	47.5
web_british	19	54	52.656	7	36.3	1	36.93	1	36.93	1	36.93
web_british	19	55	143.52	23	129.7	3	131.75	1	132.35	1	132.35
web_british	19	56	84.648	13	68.61	1	69.75	1	69.75	1	69.75
web_british	19	57	90.648	11	75.41	2	77.26	1	77.4	1	77.4
web_british	19	58	74.664	11	61.56	1	63.93	1	63.93	1	63.93
web_british	19	59	123.024	17	104.7	2	108.13	1	108.55	1	108.55
web_british	19	60	84.408	12	63.97	3	65.5	1	65.54	1	65.54
web_british	19	61	51.456	8	40.11	1	41.3	1	41.3	1	41.3
web_british	19	62	85.032	12	73.02	1	74.97	1	74.97	1	74.97
web_british	19	63	69.528	11	57.24	1	59.79	1	59.79	1	59.79
web_british	19	64	64.272	10	54.81	1	55.65	1	55.65	1	55.65
web_british	19	65	88.896	13	77.34	1	79.6	1	79.6	1	79.6
web_british	19	66	110.088	20	98.24	1	100.9	1	100.9	1	100.9
web_british	19	67	44.952	7	34.52	1	34.62	1	34.62	1	34.62
web_british	19	68	229.104	35	212.34	4	218.53	1	219.86	1	219.86
web_british	19	69	215.976	36	198.49	1	206.18	1	206.18	1	206.18
web_british	19	70	40.32	5	31.16	1	31.6	1	31.6	1	31.6
web_british	19	71	143.832	24	132.12	1	137.76	1	137.76	1	137.76
web_british	19	72	119.928	20	108.72	3	113.07	1	113.12	1	113.12
web_british	19	73	138.48	28	125.46	1	130.95	1	130.95	1	130.95
web_british	19	74	135.384	23	123.61	3	127.62	1	127.65	1	127.65
web_british	19	75	65.952	10	52.33	3	53.38	1	53.97	1	53.97
web_british	19	76	72.192	12	59.08	1	60.96	1	60.96	1	60.96
web_british	19	77	116.28	20	103.85	2	106.15	1	106.15	1	106.15
web_british	19	78	376.104	72	347.96	1	368.03	1	368.03	1	368.03
web_british	19	79	92.328	13	81.56	1	85.06	1	85.06	1	85.06
web_british	19	80	105.936	19	91.83	3	95.08	1	95.3	1	95.3
web_british	19	81	96.0	16	81.68	2	86.04	1	86.04	1	86.04
web_british	19	82	46.32	8	37.69	2	38.89	1	38.89	1	38.89
web_british	19	83	89.856	18	78.59	1	81.55	1	81.55	1	81.55
web_british	19	84	81.672	12	68.22	1	70.35	1	70.35	1	70.35
web_british	19	85	73.344	13	61.76	1	63.81	1	63.81	1	63.81
web_british	19	86	104.208	17	92.58	1	96.61	1	96.61	1	96.61
web_british	19	87	44.568	7	34.66	1	35.95	1	35.95	1	35.95
web_british	19	88	107.712	18	90.98	1	92.2	1	92.2	1	92.2
web_british	19	89	276.576	52	260.04	5	267.42	1	268.27	1	268.27
web_british	19	90	100.656	17	88.49	1	92.75	1	92.75	1	92.75
web_british	19	91	90.36	16	80.08	1	84.38	1	84.38	1	84.38
web_british	19	92	83.568	15	73.88	1	74.98	1	74.98	1	74.98
web_british	19	93	36.024	5	29.87	1	30.41	1	30.41	1	30.41
web_british	19	94	116.376	23	104.14	1	110.7	1	110.7	1	110.7
web_british	19	95	61.896	11	54.48	1	55.86	1	55.86	1	55.86
web_british	19	96	78.384	13	70.63	1	72.28	1	72.28	1	72.28
web_british	19	97	70.152	12	62.68	1	64.54	1	64.54	1	64.54
web_british	19	98	64.584	9	55.26	1	57.8	1	57.8	1	57.8
web_british	19	99	58.056	9	51.38	3	52.02	1	52.02	1	52.02
web_british	19	100	35.256	5	28.02	1	28.24	1	28.24	1	28.24
web_british	19	101	59.64	8	51.03	1	51.77	1	51.77	1	51.77
web_british	19	102	150.36	28	133.71	3	138.48	1	138.94	1	138.94
web_british	19	103	119.328	22	106.77	1	112.22	1	112.22	1	112.22
web_british	19	104	186.456	35	173.63	1	180.46	1	180.46	1	180.46
web_british	19	105	206.184	45	190.29	1	200.1	1	200.1	1	200.1
web_british	19	106	245.016	48	225.99	5	237.56	1	238.88	1	238.88
web_british	19	107	211.776	43	192.28	10	202.18	1	205.61	1	205.61
web_british	19	108	75.648	13	65.57	1	67.33	1	67.33	1	67.33
web_british	19	109	170.52	31	155.03	2	160.64	1	161.05	1	161.05
web_british	19	110	49.56	7	40.11	1	41.61	1	41.61	1	41.61
web_british	19	111	59.856	10	52.97	1	53.86	1	53.86	1	53.86
web_british	19	112	62.28	10	54.68	1	55.88	1	55.88	1	55.88
web_british	19	113	45.384	9	36.6	1	39.19	1	39.19	1	39.19
web_british	19	114	40.512	8	32.8	1	33.76	1	33.76	1	33.76
web_british	19	115	89.352	18	79.01	1	83.25	1	83.25	1	83.25
web_british	19	116	92.568	19	82.19	1	86.35	1	86.35	1	86.35
web_british	19	117	17.616	2	11.32	1	11.32	1	11.32	1	11.32
web_british	19	118	149.64	29	137.25	1	142.99	1	142.99	1	142.99
web_british	19	119	825.336	176	759.14	1	818.6	22	813.8	1	818.6
web_british	19	120	36.168	7	26.45	1	28.16	1	28.16	1	28.16
web_british	19	121	41.592	8	32.23	2	32.92	1	33.43	1	33.43
web_british	19	122	47.28	9	36.28	1	38.03	1	38.03	1	38.03
web_british	19	123	33.288	4	23.61	1	25.0	1	25.0	1	25.0
web_british	19	124	42.504	8	32.24	1	33.18	1	33.18	1	33.18
web_british	19	125	39.312	5	29.88	1	31.51	1	31.51	1	31.51
web_british	19	126	38.568	6	28.11	1	29.91	1	29.91	1	29.91
web_british	19	127	40.848	5	30.19	1	31.47	1	31.47	1	31.47
web_british	19	128	38.256	6	28.45	1	30.51	1	30.51	1	30.51
web_british	19	129	44.76	8	35.59	1	36.87	1	36.87	1	36.87
web_british	19	130	42.144	8	33.57	1	34.52	1	34.52	1	34.52
web_british	19	131	28.728	3	18.72	1	19.53	1	19.53	1	19.53
web_british	19	132	94.08	18	83.68	1	85.82	1	85.82	1	85.82
web_british	19	133	27.024	3	17.34	1	17.74	1	17.74	1	17.74
web_british	19	134	21.576	3	12.66	1	13.25	1	13.25	1	13.25
web_british	19	135	108.144	21	96.26	2	101.31	1	101.71	1	101.71
web_british	19	136	118.512	26	110.22	1	111.45	1	111.45	1	111.45
web_british	19	137	57.36	9	48.43	1	50.47	1	50.47	1	50.47
web_british	19	138	60.072	8	50.88	1	52.65	1	52.65	1	52.65
web_british	19	139	128.568	24	116.02	1	118.72	1	118.72	1	118.72
web_british	19	140	85.824	13	74.35	1	76.57	1	76.57	1	76.57
web_british	19	141	70.512	10	60.0	1	62.26	1	62.26	1	62.26
web_british	19	142	56.472	7	44.42	1	45.68	1	45.68	1	45.68
web_british	19	143	87.456	12	77.23	1	79.09	1	79.09	1	79.09
web_british	19	144	96.624	15	85.97	2	88.63	1	89.07	1	89.07
web_british	19	145	113.472	21	100.08	1	105.0	1	105.0	1	105.0
web_british	19	146	61.896	10	53.79	1	55.36	1	55.36	1	55.36
web_british	19	147	102.168	20	92.62	1	95.77	1	95.77	1	95.77
web_british	19	148	70.728	14	63.23	1	64.38	1	64.38	1	64.38
web_british	19	149	49.608	9	42.56	1	43.25	1	43.25	1	43.25
web_british	19	150	34.2	6	27.75	1	28.13	1	28.13	1	28.13
web_british	20	1	183.36	33	158.25	3	162.3	1	163.0	1	163.0
web_british	20	2	97.824	22	89.59	1	92.49	1	92.49	1	92.49
web_british	20	3	171.888	35	155.72	3	165.15	1	165.98	1	165.98
web_british	20	4	137.208	27	128.43	3	131.85	1	131.87	1	131.87
web_british	20	5	114.648	23	104.93	3	108.7	1	109.22	1	109.22
web_british	20	6	178.056	35	166.1	5	170.88	1	172.16	1	172.16
web_british	20	7	135.048	27	123.96	2	128.76	1	129.23	1	129.23
web_british	20	8	180.072	36	167.53	4	174.14	1	174.6	1	174.6
web_british	20	9	94.368	18	87.81	3	88.64	1	88.69	1	88.69
web_british	20	10	168.816	32	154.02	1	164.45	1	164.45	1	164.45
web_british	20	11	178.104	31	161.8	1	172.31	1	172.31	1	172.31
web_british	20	12	154.344	28	137.59	1	148.47	1	148.47	1	148.47
web_british	20	13	136.728	25	121.41	1	130.78	1	130.78	1	130.78
web_british	20	14	187.488	35	167.13	1	181.51	1	181.51	1	181.51
web_british	20	15	172.68	33	154.67	1	167.29	1	167.29	1	167.29
web_british	20	16	173.544	33	157.87	1	167.47	1	167.47	1	167.47
web_british	20	17	161.208	28	145.33	1	155.07	1	155.07	1	155.07
web_british	20	18	125.4	24	111.55	1	119.5	1	119.5	1	119.5
web_british	20	19	160.68	29	145.41	1	154.59	1	154.59	1	154.59
web_british	20	20	161.232	30	145.98	1	155.36	1	155.36	1	155.36
web_british	20	21	164.808	31	147.59	1	158.69	1	158.69	1	158.69
web_british	20	22	147.0	29	131.74	7	138.57	1	141.28	1	141.28
web_british	20	23	181.8	35	165.5	6	174.07	1	176.22	1	176.22
web_british	20	24	174.648	34	162.98	3	168.36	1	168.48	1	168.48
web_british	20	25	156.528	28	140.87	2	149.84	1	150.3	1	150.3
web_british	20	26	147.6	28	132.1	1	141.33	1	141.33	1	141.33
web_british	20	27	144.336	27	129.93	3	137.21	1	137.98	1	137.98
web_british	20	28	161.52	28	144.44	1	155.4	1	155.4	1	155.4
web_british	20	29	145.056	27	129.17	1	138.9	1	138.9	1	138.9
web_british	20	30	189.336	33	174.75	14	177.86	1	183.36	1	183.36
web_british	20	31	155.28	31	141.25	3	148.75	1	149.58	1	149.58
web_british	21	1	140.88	18	112.45	3	118.03	1	118.41	1	118.41
web_british	21	2	222.456	26	209.66	5	215.95	1	216.81	1	216.81
web_british	21	3	151.104	22	139.61	4	143.98	1	145.05	1	145.05
web_british	21	4	116.568	16	106.08	5	109.91	1	110.88	1	110.88
web_british	21	5	156.792	20	143.71	6	148.65	1	150.59	1	150.59
web_british	21	6	89.904	12	81.41	2	83.64	1	83.65	1	83.65
web_british	21	7	189.48	29	174.59	7	181.52	1	183.34	1	183.34
web_british	21	8	145.704	17	135.08	5	138.12	1	139.67	1	139.67
web_british	21	9	160.464	18	147.42	4	153.13	1	154.4	1	154.4
web_british	21	10	127.224	20	113.23	4	119.75	1	121.15	1	121.15
web_british	21	11	80.904	10	71.24	1	74.73	1	74.73	1	74.73
web_british	21	12	110.544	14	101.5	3	104.0	1	104.42	1	104.42
web_british	22	1	123.456	17	97.03	2	102.18	1	102.2	1	102.2
web_british	22	2	117.216	17	106.46	3	110.97	1	111.43	1	111.43
web_british	22	3	87.864	11	78.58	4	80.61	1	82.01	1	82.01
web_british	22	4	124.272	16	113.94	4	117.06	1	118.38	1	118.38
web_british	22	5	131.304	16	122.63	2	125.43	1	125.43	1	125.43
web_british	22	6	98.352	13	87.74	5	91.13	1	92.34	1	92.34
web_british	22	7	95.832	13	86.22	1	89.97	1	89.97	1	89.97
web_british	22	8	112.056	14	101.17	4	105.69	1	106.24	1	106.24
web_british	23	1	258.768	31	229.15	5	236.01	1	236.91	1	236.91
web_british	23	2	163.968	22	152.17	3	157.74	1	158.54	1	158.54
web_british	23	3	173.28	26	162.13	4	167.0	1	168.16	1	168.16
web_british	23	4	59.88	6	52.97	2	54.22	1	54.32	1	54.32
web_british	23	5	257.904	30	241.85	7	249.51	1	252.56	1	252.56
web_british	23	6	110.28	13	101.48	6	103.27	1	104.54	1	104.54
web_british	23	7	196.128	25	181.41	9	187.42	1	190.6	1	190.6
web_british	23	8	172.704	22	162.33	7	165.13	1	167.6	1	167.6
web_british	23	9	185.328	21	173.1	6	178.08	1	179.85	1	179.85
web_british	23	10	271.296	34	256.12	9	262.64	1	265.85	1	265.85
web_british	23	11	142.848	16	133.23	4	137.25	1	138.46	1	138.46
web_british	23	12	47.712	6	40.7	1	42.14	1	42.14	1	42.14
web_british	23	13	174.336	22	162.01	4	167.5	1	168.62	1	168.62
web_british	23	14	253.728	32	238.64	10	245.19	1	248.02	1	248.02
web_british	23	15	82.944	9	74.61	2	76.85	1	77.25	1	77.25
web_british	23	16	135.792	14	126.45	3	129.18	1	130.07	1	130.07
web_british	23	17	128.352	14	117.16	4	121.22	1	122.53	1	122.53
web_british	23	18	77.76	7	70.38	2	72.08	1	72.11	1	72.11
web_british	23	19	213.768	25	196.55	7	206.16	1	208.08	1	208.08
web_british	23	20	58.296	6	51.85	1	52.97	1	52.97	1	52.97
web_british	23	21	137.016	17	126.94	7	129.31	1	131.16	1	131.16
web_british	23	22	197.448	25	185.65	6	191.31	1	193.02	1	193.02
web_british	23	23	153.408	18	143.08	4	146.94	1	147.54	1	147.54
web_british	23	24	179.352	23	166.84	4	172.49	1	173.44	1	173.44
web_british	23	25	112.896	12	103.29	4	105.72	1	106.9	1	106.9
web_british	23	26	171.048	21	158.92	5	164.05	1	164.99	1	164.99
web_british	23	27	120.912	13	111.95	5	113.78	1	115.02	1	115.02
web_british	23	28	240.696	29	225.5	6	232.9	1	234.87	1	234.87
web_british	23	29	222.12	24	209.07	7	213.55	1	216.27	1	216.27
web_british	23	30	299.4	33	285.6	7	291.39	1	293.71	1	293.71
web_british	23	31	97.536	9	88.85	3	90.86	1	91.69	1	91.69
web_british	23	32	137.64	20	124.82	3	130.66	1	131.69	1	131.69
web_british	23	33	190.536	24	180.86	7	184.07	1	185.01	1	185.01
web_british	23	34	154.344	17	142.72	3	147.7	1	148.72	1	148.72
web_british	23	35	89.28	10	80.82	3	82.8	1	83.28	1	83.28
web_british	23	36	203.664	22	189.71	6	195.47	1	197.61	1	197.61
web_british	23	37	332.184	38	314.14	10	323.77	1	326.55	1	326.55
web_british	23	38	177.624	22	165.17	5	170.02	1	171.65	1	171.65
web_british	23	39	84.288	8	76.58	4	77.02	1	78.42	1	78.42
web_british	23	40	244.896	31	231.16	8	236.86	1	239.57	1	239.57
web_british	23	41	251.28	29	238.68	6	244.91	1	245.8	1	245.8
web_british	23	42	209.832	25	198.39	8	202.32	1	204.21	1	204.21
web_british	23	43	222.312	28	208.28	7	214.58	1	216.34	1	216.34
web_british	23	44	276.0	28	263.01	8	268.23	1	270.09	1	270.09
web_british	23	45	247.8	25	237.05	8	240.84	1	241.84	1	241.84
web_british	23	46	115.92	13	107.45	5	109.72	1	110.27	1	110.27
web_british	23	47	147.36	15	137.74	5	140.96	1	141.82	1	141.82
web_british	23	48	187.824	22	176.87	8	180.33	1	181.95	1	181.95
web_british	23	49	257.448	26	243.79	6	249.95	1	251.57	1	251.57
web_british	23	50	117.432	11	109.84	3	111.58	1	111.79	1	111.79
web_british	23	51	225.864	23	213.09	7	218.02	1	220.05	1	220.05
web_british	23	52	131.352	15	120.99	7	123.23	1	125.53	1	125.53
web_british	23	53	121.008	12	110.72	4	113.9	1	115.08	1	115.08
web_british	23	54	150.648	17	139.19	6	143.04	1	144.8	1	144.8
web_british	23	55	118.68	13	108.48	3	111.88	1	112.68	1	112.68
web_british	23	56	111.408	12	101.46	5	103.68	1	105.4	1	105.4
web_british	23	57	174.504	21	163.19	4	168.49	1	169.96	1	169.96
web_british	23	58	156.264	14	146.37	5	148.96	1	150.37	1	150.37
web_british	23	59	195.12	21	182.52	6	186.81	1	189.24	1	189.24
web_british	23	60	200.76	22	186.72	6	192.98	1	195.12	1	195.12
web_british	23	61	116.088	11	107.84	3	109.38	1	110.22	1	110.22
web_british	23	62	108.96	12	99.89	4	102.14	1	103.48	1	103.48
web_british	23	63	169.656	19	159.07	6	162.22	1	163.74	1	163.74
web_british	23	64	99.408	12	90.92	2	93.5	1	93.93	1	93.93
web_british	23	65	221.16	25	208.47	7	212.82	1	215.17	1	215.17
web_british	23	66	242.112	24	228.62	11	232.17	1	236.07	1	236.07
web_british	24	1	173.016	19	144.8	9	148.37	1	151.09	1	151.09
web_british	24	2	317.976	37	301.66	2	312.36	1	312.39	1	312.39
web_british	24	3	247.32	25	232.47	8	238.75	1	241.92	1	241.92
web_british	24	4	272.544	31	258.19	9	264.45	1	267.31	1	267.31
web_british	24	5	266.472	31	253.37	13	257.67	1	261.23	1	261.23
web_british	24	6	267.84	30	253.93	8	259.94	1	262.11	1	262.11
web_british	24	7	277.32	34	262.07	8	269.72	1	271.67	1	271.67
web_british	24	8	215.016	22	203.15	6	207.79	1	209.48	1	209.48
web_british	24	9	235.392	26	223.36	10	227.06	1	229.77	1	229.77
web_british	24	10	207.744	25	193.75	2	202.12	1	202.21	1	202.21
web_british	24	11	211.272	23	199.82	8	203.23	1	205.66	1	205.66
web_british	24	12	168.96	17	158.98	3	162.87	1	163.29	1	163.29
web_british	24	13	223.416	27	208.78	9	214.97	1	217.95	1	217.95
web_british	24	14	216.0	22	203.56	7	207.56	1	210.03	1	210.03
web_british	24	15	207.168	21	194.6	6	199.28	1	201.38	1	201.38
web_british	24	16	203.76	21	190.72	7	195.46	1	198.28	1	198.28
web_british	24	17	245.664	27	231.62	6	238.35	1	240.14	1	240.14
web_british	24	18	190.776	23	178.05	6	182.94	1	185.42	1	185.42
web_british	24	19	153.384	15	142.74	4	145.94	1	147.39	1	147.39
web_british	24	20	180.504	18	168.52	2	174.39	1	174.8	1	174.8
web_british	24	21	142.416	14	132.46	4	135.18	1	136.52	1	136.52
web_british	24	22	250.248	30	236.22	8	242.82	1	245.76	1	245.76
web_british	24	23	355.344	40	337.28	10	346.48	1	349.37	1	349.37
web_british	24	24	103.368	10	94.14	4	95.98	1	97.33	1	97.33
web_british	24	25	318.24	38	302.87	11	307.98	1	312.2	1	312.2
web_british	24	26	221.496	24	208.85	9	212.39	1	215.36	1	215.36
web_british	24	27	209.712	22	198.69	4	203.27	1	203.74	1	203.74
web_british	24	28	156.672	17	145.92	6	149.23	1	150.62	1	150.62
web_british	24	29	285.984	32	273.52	2	279.91	1	280.05	1	280.05
web_british	24	30	213.216	24	200.57	4	206.38	1	207.77	1	207.77
web_british	24	31	374.592	40	356.5	15	363.83	1	368.65	1	368.65
web_british	24	32	398.304	44	382.03	11	388.74	1	392.24	1	392.24
web_british	24	33	239.328	26	226.48	6	230.93	1	233.33	1	233.33
web_british	24	34	238.392	22	227.57	7	230.17	1	232.34	1	232.34
web_british	24	35	190.656	19	179.78	6	182.34	1	184.57	1	184.57
web_british	24	36	304.32	32	287.44	11	294.46	1	298.19	1	298.19
web_british	24	37	185.016	21	172.71	11	175.6	1	179.39	1	179.39
web_british	24	38	274.68	28	260.36	18	262.3	1	268.77	1	268.77
web_british	24	39	162.864	18	151.83	6	155.22	1	156.88	1	156.88
web_british	24	40	194.424	16	184.28	7	186.46	1	188.68	1	188.68
web_british	24	41	185.832	18	173.92	6	177.92	1	179.92	1	179.92
web_british	24	42	205.32	22	194.38	6	197.54	1	199.32	1	199.32
web_british	24	43	127.08	13	118.29	3	120.21	1	121.09	1	121.09
web_british	24	44	347.712	30	331.34	9	338.04	1	341.59	1	341.59
web_british	24	45	47.088	5	40.16	2	40.6	1	41.02	1	41.02
web_british	24	46	259.392	28	245.2	7	250.69	1	253.28	1	253.28
web_british	24	47	69.696	7	61.43	4	62.26	1	63.65	1	63.65
web_british	24	48	372.144	47	351.28	9	363.6	1	366.53	1	366.53
web_british	24	49	366.552	39	347.28	9	357.56	1	360.58	1	360.58
web_british	24	50	452.664	46	432.27	10	443.46	1	446.85	1	446.85
web_british	24	51	571.992	64	546.99	21	559.64	1	566.47	1	566.47
web_british	24	52	307.464	34	291.17	11	298.71	1	301.44	1	301.44
web_british	25	1	259.08	22	245.07	22	245.07	1	249.79	1	249.79
web_british	25	2	276.936	22	265.93	22	265.93	1	270.92	1	270.92
web_british	25	3	283.248	66	258.47	23	271.17	1	277.23	1	277.23
web_british	25	4	189.552	22	177.86	22	177.86	1	183.9	1	183.9
web_british	25	5	104.784	22	95.52	2	99.1	1	99.1	1	99.1
web_british	26	1	265.152	28	234.52	8	241.03	1	243.27	1	243.27
web_british	26	2	84.264	10	75.11	3	78.29	1	78.7	1	78.7
web_british	26	3	226.896	27	210.98	11	217.24	1	221.18	1	221.18
web_british	26	4	159.6	17	149.14	7	152.44	1	154.07	1	154.07
web_british	26	5	180.84	17	170.28	5	174.01	1	175.62	1	175.62
web_british	26	6	137.664	14	128.69	3	131.41	1	132.33	1	132.33
web_british	26	7	231.24	27	220.57	5	225.44	1	226.05	1	226.05
web_british	26	8	185.16	18	174.06	10	176.66	1	179.67	1	179.67
web_british	26	9	115.464	11	106.77	7	108.15	1	109.92	1	109.92
web_british	26	10	187.488	22	176.66	7	182.08	1	183.76	1	183.76
web_british	26	11	198.912	25	187.31	10	191.0	1	193.35	1	193.35
web_british	26	12	229.128	28	215.1	12	220.13	1	223.49	1	223.49
web_british	26	13	216.264	23	204.42	6	208.95	1	210.85	1	210.85
web_british	26	14	209.616	23	198.71	9	200.97	1	203.79	1	203.79
web_british	26	15	63.048	8	55.02	2	56.81	1	57.32	1	57.32
web_british	26	16	531.72	63	507.15	15	520.41	1	525.95	1	525.95
web_british	26	17	225.168	24	213.88	8	218.52	1	219.63	1	219.63
web_british	26	18	275.592	32	264.16	11	267.52	1	270.24	1	270.24
web_british	26	19	114.888	14	105.68	3	108.57	1	109.53	1	109.53
web_british	26	20	447.24	49	426.16	12	439.06	1	441.87	1	441.87
web_british	26	21	283.992	32	270.11	8	276.24	1	278.1	1	278.1
web_british	26	22	251.736	31	237.81	6	244.0	1	245.84	1	245.84
web_british	26	23	409.2	49	386.09	14	398.33	1	403.64	1	403.64
web_british	26	24	217.968	27	206.71	11	209.85	1	212.42	1	212.42
web_british	26	25	153.048	17	145.41	4	146.84	1	147.04	1	147.04
web_british	26	26	204.96	21	192.98	4	197.91	1	198.86	1	198.86
web_british	26	27	284.592	36	267.73	14	273.98	1	278.66	1	278.66
web_british	26	28	227.376	26	216.99	6	220.89	1	221.86	1	221.86
web_british	26	29	204.192	21	192.38	7	196.73	1	198.66	1	198.66
web_british	26	30	221.784	26	209.17	7	214.27	1	216.45	1	216.45
web_british	26	31	193.896	18	182.33	4	186.53	1	187.97	1	187.97
web_british	26	32	301.608	32	285.23	10	292.2	1	295.62	1	295.62
web_british	26	33	299.064	33	284.47	10	290.54	1	293.12	1	293.12
web_british	26	34	275.592	31	260.99	6	268.32	1	269.64	1	269.64
web_british	26	35	121.536	15	113.41	3	115.73	1	115.85	1	115.85
web_british	26	36	338.664	38	319.4	9	329.27	1	332.91	1	332.91
web_british	26	37	251.52	28	238.05	9	244.2	1	246.89	1	246.89
web_british	26	38	220.848	23	209.26	5	213.89	1	215.29	1	215.29
web_british	26	39	265.008	29	250.61	9	257.13	1	259.08	1	259.08
web_british	26	40	438.72	49	418.97	14	430.01	1	433.03	1	433.03
web_british	26	41	240.0	26	226.85	8	232.18	1	234.09	1	234.09
web_british	26	42	171.24	20	157.7	4	163.98	1	165.3	1	165.3
web_british	26	43	252.192	27	237.22	8	244.16	1	246.65	1	246.65
web_british	26	44	301.464	31	283.96	10	292.22	1	295.53	1	295.53
web_british	26	45	251.76	25	238.32	8	243.23	1	245.8	1	245.8
web_british	26	46	240.48	24	226.81	7	232.11	1	234.41	1	234.41
web_british	26	47	235.344	23	224.27	11	227.82	1	229.36	1	229.36
web_british	26	48	314.4	35	294.56	24	298.95	1	308.52	1	308.52
web_british	27	1	194.088	21	165.9	9	169.9	1	172.73	1	172.73
web_british	27	2	438.864	49	416.9	20	426.99	1	433.44	1	433.44
web_british	27	3	322.656	30	305.39	13	311.73	1	317.34	1	317.34
web_british	27	4	375.408	37	357.71	1	369.99	1	369.99	1	369.99
web_british	27	5	309.48	31	292.86	15	298.35	1	303.98	1	303.98
web_british	27	6	275.472	28	260.23	14	265.04	1	269.95	1	269.95
web_british	27	7	282.072	28	267.46	15	272.06	1	276.58	1	276.58
web_british	27	8	258.84	27	244.12	12	249.4	1	253.82	1	253.82
web_british	27	9	292.128	27	277.9	5	285.19	1	286.71	1	286.71
web_british	27	10	194.424	21	181.58	9	186.25	1	189.08	1	189.08
web_british	27	11	452.304	45	431.22	14	441.67	1	446.84	1	446.84
web_british	27	12	120.768	13	109.88	7	112.71	1	115.34	1	115.34
web_british	28	1	115.92	11	90.28	8	91.34	1	94.2	1	94.2
web_british	28	2	193.92	23	180.72	1	188.5	1	188.5	1	188.5
web_british	28	3	50.808	5	45.48	3	46.31	1	46.72	1	46.72
web_british	28	4	157.08	19	145.24	3	150.74	1	151.62	1	151.62
web_british	28	5	119.136	15	110.21	3	113.31	1	114.0	1	114.0
web_british	28	6	83.712	11	74.83	3	77.66	1	78.11	1	78.11
web_british	28	7	128.688	16	119.94	2	122.99	1	123.39	1	123.39
web_british	28	8	109.992	14	100.98	1	104.39	1	104.39	1	104.39
web_british	28	9	154.176	17	143.96	3	148.3	1	148.71	1	148.71
web_british	28	10	139.632	15	129.79	2	134.17	1	134.57	1	134.57
web_british	28	11	96.72	12	86.58	4	89.96	1	91.22	1	91.22
web_british	28	12	105.312	14	95.04	3	99.18	1	99.63	1	99.63
web_british	28	13	132.48	16	122.38	3	126.23	1	126.79	1	126.79
web_british	28	14	74.76	9	66.22	3	68.24	1	69.07	1	69.07
web_british	29	1	162.624	20	144.27	1	150.87	1	150.87	1	150.87
web_british	29	2	284.832	32	269.45	3	278.98	1	279.49	1	279.49
web_british	29	3	170.928	21	159.94	3	164.59	1	165.62	1	165.62
web_british	30	1	148.392	15	122.64	6	124.38	1	126.58	1	126.58
web_british	30	2	126.936	16	119.08	3	122.03	1	122.89	1	122.89
web_british	30	3	118.224	15	107.96	4	111.4	1	112.69	1	112.69
web_british	30	4	128.112	13	117.99	1	122.61	1	122.61	1	122.61
web_british	30	5	199.44	27	184.94	5	191.94	1	193.78	1	193.78
web_british	30	6	117.72	14	108.46	3	111.67	1	112.08	1	112.08
web_british	30	7	143.088	17	133.5	9	135.85	1	137.49	1	137.49
web_british	30	8	121.2	14	111.75	2	115.15	1	115.65	1	115.65
web_british	30	9	150.264	15	139.11	1	144.79	1	144.79	1	144.79
web_british	31	1	193.176	21	177.99	3	183.66	1	183.69	1	183.69
web_british	32	1	150.072	17	133.4	9	136.2	1	138.55	1	138.55
web_british	32	2	68.352	10	60.62	3	62.43	1	63.0	1	63.0
web_british	32	3	82.488	10	74.24	4	75.92	1	77.16	1	77.16
web_british	32	4	99.864	11	90.4	5	92.27	1	94.17	1	94.17
web_british	33	1	160.152	16	132.96	3	137.61	1	138.47	1	138.47
web_british	33	2	117.0	13	107.39	1	111.6	1	111.6	1	111.6
web_british	33	3	103.536	12	94.88	2	97.74	1	98.13	1	98.13
web_british	33	4	135.336	13	125.62	3	128.98	1	129.9	1	129.9
web_british	33	5	126.168	15	114.51	1	120.74	1	120.74	1	120.74
web_british	33	6	131.544	16	121.16	3	125.19	1	126.03	1	126.03
web_british	33	7	181.776	20	170.25	1	176.37	1	176.37	1	176.37
web_british	34	1	144.024	15	117.88	4	121.7	1	122.59	1	122.59
web_british	34	2	113.544	13	103.94	3	107.62	1	108.11	1	108.11
web_british	34	3	160.992	19	151.95	4	155.01	1	155.53	1	155.53
web_british	35	1	134.664	17	118.78	3	121.69	1	122.15	1	122.15
web_british	35	2	168.792	20	156.28	7	160.94	1	163.72	1	163.72
web_british	35	3	148.32	19	140.06	3	142.77	1	143.18	1	143.18
web_british	36	1	161.232	18	145.7	5	148.8	1	150.11	1	150.11
web_british	36	2	149.184	15	138.92	3	143.14	1	143.6	1	143.6
web_british	36	3	184.92	20	174.42	6	178.24	1	179.29	1	179.29
web_british	37	1	136.128	15	122.08	6	124.83	1	127.23	1	127.23
web_british	37	2	196.32	23	186.41	5	190.26	1	190.84	1	190.84
web_british	38	1	199.392	21	170.08	9	173.58	1	177.46	1	177.46
web_british	38	2	93.6	13	83.66	3	87.18	1	88.07	1	88.07
web_british	38	3	92.688	10	83.99	4	86.25	1	87.08	1	87.08
web_british	38	4	108.144	14	98.24	10	99.56	1	102.44	1	102.44
web_british	38	5	98.04	11	88.38	7	90.02	1	92.3	1	92.3
web_british	38	6	120.12	15	109.93	5	112.67	1	114.19	1	114.19
web_british	38	7	110.592	14	100.97	3	104.03	1	104.88	1	104.88
web_british	38	8	191.712	23	180.47	9	183.04	1	186.11	1	186.11
web_british	38	9	154.344	17	142.12	6	146.0	1	148.65	1	148.65
web_british	38	10	111.408	12	101.89	3	105.48	1	105.86	1	105.86
web_british	38	11	150.312	17	132.3	4	137.23	1	144.67	1	144.67
web_british	38	12	135.0	14	125.09	4	127.94	1	129.21	1	129.21
web_british	38	13	95.832	9	86.7	3	89.1	1	89.98	1	89.98
web_british	38	14	205.44	21	191.33	9	196.45	1	199.58	1	199.58
web_british	39	1	147.96	14	135.01	8	136.78	1	138.58	1	138.58
web_british	39	2	166.536	17	154.4	3	160.04	1	160.95	1	160.95
web_british	39	3	163.776	18	152.53	6	156.45	1	158.2	1	158.2
web_british	39	4	55.248	6	47.36	3	48.81	1	49.69	1	49.69
web_british	40	1	211.992	25	187.57	7	190.26	1	192.74	1	192.74
web_british	40	2	178.68	23	166.93	8	170.76	1	173.83	1	173.83
web_british	40	3	123.936	17	114.74	7	117.57	1	119.23	1	119.23
web_british	40	4	164.28	25	152.44	12	155.34	1	159.51	1	159.51
web_british	40	5	316.632	48	294.75	12	304.96	1	309.55	1	309.55
web_british	40	6	241.272	34	227.9	9	234.7	1	236.79	1	236.79
web_british	40	7	179.424	29	165.28	8	172.54	1	174.48	1	174.48
web_british	40	8	230.688	34	216.5	18	219.83	1	225.96	1	225.96
web_british	40	9	261.12	38	242.71	18	249.83	1	255.39	1	255.39
web_british	40	10	273.0	42	252.82	8	264.3	1	267.3	1	267.3
web_british	40	11	199.32	30	185.38	8	191.68	1	193.8	1	193.8
web_british	40	12	341.688	50	320.53	14	332.11	1	335.88	1	335.88
web_british	40	13	399.312	58	378.33	19	387.41	1	393.7	1	393.7
web_british	40	14	219.912	36	202.83	12	210.1	1	214.35	1	214.35
web_british	40	15	242.328	39	223.82	19	229.84	1	236.31	1	236.31
web_british	40	16	200.712	28	185.26	14	190.71	1	194.7	1	194.7
web_british	40	17	195.48	27	182.31	15	185.7	1	189.47	1	189.47
web_british	40	18	253.248	35	234.87	9	244.04	1	247.18	1	247.18
web_british	40	19	215.328	30	198.54	19	202.9	1	209.35	1	209.35
web_british	40	20	228.456	34	211.55	14	217.62	1	222.61	1	222.61
web_british	40	21	334.032	46	312.57	21	320.89	1	327.91	1	327.91
web_british	40	22	255.936	46	239.05	17	246.52	1	249.81	1	249.81
web_british	40	23	268.872	39	250.16	9	259.82	1	262.71	1	262.71
web_british	40	24	309.696	51	286.48	12	299.81	1	303.95	1	303.95
web_british	40	25	300.672	46	280.15	13	290.53	1	294.36	1	294.36
web_british	40	26	486.624	75	457.98	41	467.56	1	480.84	1	480.84
web_british	40	27	412.968	66	387.73	30	396.99	1	406.83	1	406.83
web_british	40	28	132.888	20	120.11	5	125.57	1	127.36	1	127.36
web_british	41	1	299.016	45	261.82	19	273.45	1	279.64	1	279.64
web_british	41	2	202.704	28	188.18	12	193.36	1	197.5	1	197.5
web_british	41	3	201.408	35	185.91	8	193.69	1	195.79	1	195.79
web_british	41	4	260.472	41	243.89	11	251.56	1	254.86	1	254.86
web_british	41	5	279.576	43	260.87	16	269.17	1	273.75	1	273.75
web_british	41	6	380.856	56	357.31	16	369.9	1	375.06	1	375.06
web_british	41	7	247.056	37	230.94	10	239.6	1	241.66	1	241.66
web_british	41	8	253.44	38	236.81	18	243.03	1	247.8	1	247.8
web_british	41	9	346.08	50	324.38	28	330.92	1	340.49	1	340.49
web_british	41	10	358.848	52	334.28	32	341.58	1	353.27	1	353.27
web_british	41	11	226.848	33	207.63	12	217.89	1	221.04	1	221.04
web_british	41	12	309.696	44	292.78	14	301.48	1	303.99	1	303.99
web_british	41	13	246.264	37	229.2	12	236.63	1	240.55	1	240.55
web_british	41	14	480.648	72	456.46	31	467.09	1	475.01	1	475.01
web_british	41	15	285.648	47	266.03	18	275.8	1	279.83	1	279.83
web_british	41	16	136.872	20	126.08	7	130.54	1	131.54	1	131.54
web_british	42	1	477.408	80	432.25	21	446.37	1	452.77	1	452.77
web_british	42	2	321.144	52	300.05	12	311.31	1	315.61	1	315.61
web_british	42	3	254.016	38	244.13	11	245.97	1	248.45	1	248.45
web_british	42	4	297.768	44	279.16	20	286.09	1	292.59	1	292.59
web_british	42	5	279.48	39	261.29	18	268.56	1	273.88	1	273.88
web_british	42	6	346.368	49	325.65	14	335.47	1	340.56	1	340.56
web_british	42	7	353.568	50	333.94	17	344.45	1	348.33	1	348.33
web_british	42	8	414.072	56	392.7	21	402.94	1	408.57	1	408.57
web_british	42	9	427.56	62	400.37	31	410.67	1	422.0	1	422.0
web_british	42	10	300.072	42	281.45	16	289.68	1	294.56	1	294.56
web_british	42	11	395.424	54	373.21	17	383.73	1	389.84	1	389.84
web_british	42	12	403.968	59	378.1	17	392.5	1	398.34	1	398.34
web_british	42	13	255.84	35	237.58	13	245.37	1	250.05	1	250.05
web_british	42	14	237.84	35	222.09	15	228.67	1	232.43	1	232.43
web_british	42	15	217.44	32	201.89	8	210.43	1	212.1	1	212.1
web_british	42	16	238.584	31	222.47	12	229.19	1	232.72	1	232.72
web_british	42	17	225.384	36	210.8	9	217.66	1	219.51	1	219.51
web_british	42	18	266.304	43	247.94	20	253.79	1	260.94	1	260.94
web_british	42	19	298.152	48	276.49	19	284.79	1	292.37	1	292.37
web_british	42	20	278.088	47	258.9	16	267.91	1	272.42	1	272.42
web_british	42	21	235.296	38	218.16	11	225.95	1	229.4	1	229.4
web_british	42	22	426.432	71	397.71	34	410.91	1	420.87	1	420.87
web_british	42	23	342.408	56	319.41	22	329.68	1	336.75	1	336.75
web_british	42	24	300.168	53	277.71	17	287.92	1	294.75	1	294.75
web_british	43	1	325.656	51	288.63	21	297.47	1	303.95	1	303.95
web_british	43	2	155.88	25	141.83	10	147.15	1	150.66	1	150.66
web_british	43	3	229.536	36	212.28	9	221.94	1	224.25	1	224.25
web_british	43	4	336.312	54	314.48	23	322.9	1	331.04	1	331.04
web_british	43	5	303.84	47	281.06	15	292.49	1	298.35	1	298.35
web_british	43	6	456.768	71	418.8	22	435.86	1	451.34	1	451.34
web_british	43	7	312.624	53	289.57	18	303.0	1	307.69	1	307.69
web_british	43	8	397.128	59	376.51	27	384.39	1	391.93	1	391.93
web_british	43	9	255.816	41	240.46	25	245.17	1	250.52	1	250.52
web_british	43	10	248.928	42	230.11	10	241.77	1	244.09	1	244.09
web_british	43	11	360.696	57	336.13	25	347.67	1	355.38	1	355.38
web_british	43	12	336.0	50	315.75	16	326.01	1	330.56	1	330.56
web_british	43	13	258.144	38	239.13	14	247.86	1	252.59	1	252.59
web_british	43	14	208.032	31	194.29	8	200.59	1	202.9	1	202.9
web_british	43	15	181.752	27	166.5	5	174.76	1	176.37	1	176.37
web_british	43	16	232.2	33	217.69	9	225.23	1	227.07	1	227.07
web_british	43	17	173.736	26	160.58	3	167.34	1	168.16	1	168.16
web_british	43	18	302.328	40	287.25	29	289.81	1	297.32	1	297.32
web_british	43	19	322.2	42	304.63	17	312.89	1	316.75	1	316.75
web_british	43	20	224.76	31	210.08	14	215.71	1	219.4	1	219.4
web_british	43	21	225.936	25	213.25	15	216.68	1	220.39	1	220.39
web_british	44	1	215.328	26	184.74	8	190.42	1	193.78	1	193.78
web_british	44	2	310.728	47	289.32	9	301.58	1	304.91	1	304.91
web_british	44	3	192.288	26	178.24	4	185.28	1	186.43	1	186.43
web_british	44	4	253.632	37	236.96	11	243.18	1	247.78	1	247.78
web_british	44	5	300.672	42	280.29	13	290.08	1	294.8	1	294.8
web_british	44	6	115.848	15	105.33	4	109.48	1	109.97	1	109.97
web_british	44	7	419.688	60	397.57	11	411.27	1	414.16	1	414.16
web_british	44	8	264.312	39	247.99	13	255.23	1	258.59	1	258.59
web_british	44	9	305.16	43	285.51	15	294.26	1	299.78	1	299.78
web_british	44	10	334.104	48	314.78	15	324.39	1	328.78	1	328.78
web_british	44	11	201.696	30	186.73	6	194.1	1	195.91	1	195.91
web_british	44	12	201.024	25	188.04	7	193.92	1	195.08	1	195.08
web_british	44	13	375.6	52	353.6	11	365.96	1	369.9	1	369.9
web_british	44	14	193.416	28	180.09	7	185.88	1	187.79	1	187.79
web_british	44	15	283.56	40	265.78	9	274.95	1	277.99	1	277.99
web_british	44	16	291.384	40	271.34	14	280.5	1	285.36	1	285.36
web_british	44	17	263.4	34	245.92	9	254.17	1	257.34	1	257.34
web_british	44	18	214.224	28	201.33	9	206.17	1	208.25	1	208.25
web_british	44	19	305.448	41	285.57	12	296.46	1	299.88	1	299.88
web_british	44	20	268.704	38	250.44	7	261.05	1	263.11	1	263.11
web_british	44	21	320.832	40	301.23	13	310.45	1	314.73	1	314.73
web_british	44	22	220.488	30	205.38	14	209.63	1	214.32	1	214.32
web_british	44	23	273.84	35	246.45	19	252.71	1	268.01	1	268.01
web_british	44	24	191.4	26	176.41	6	182.67	1	185.13	1	185.13
web_british	44	25	223.008	27	208.71	8	214.98	1	216.76	1	216.76
web_british	44	26	236.592	32	222.08	13	226.77	1	230.3	1	230.3
web_british	44	27	318.624	44	295.59	7	310.52	1	312.86	1	312.86
web_british	44	28	247.896	31	232.03	9	238.24	1	241.74	1	241.74
web_british	45	1	241.92	32	212.26	7	216.94	1	219.1	1	219.1
web_british	45	2	188.52	29	176.3	3	181.73	1	182.62	1	182.62
web_british	45	3	190.872	31	179.87	7	183.45	1	185.35	1	185.35
web_british	45	4	180.432	25	167.06	4	173.31	1	174.51	1	174.51
web_british	45	5	154.128	21	141.67	6	146.03	1	148.15	1	148.15
web_british	45	6	155.448	23	143.51	5	148.39	1	149.42	1	149.42
web_british	45	7	183.624	25	168.9	3	176.9	1	177.75	1	177.75
web_british	45	8	272.424	39	254.76	10	264.3	1	266.57	1	266.57
web_british	45	9	216.12	33	202.01	7	208.0	1	210.26	1	210.26
web_british	45	10	143.52	21	131.5	7	135.76	1	137.68	1	137.68
web_british	45	11	252.144	36	236.03	10	243.09	1	246.8	1	246.8
web_british	45	12	136.752	21	127.11	5	129.25	1	131.1	1	131.1
web_british	45	13	118.512	14	107.77	3	111.91	1	112.37	1	112.37
web_british	45	14	191.424	26	178.08	7	183.58	1	185.86	1	185.86
web_british	45	15	228.216	33	213.27	9	219.97	1	222.68	1	222.68
web_british	45	16	155.928	24	142.99	4	149.81	1	150.37	1	150.37
web_british	46	1	215.208	31	184.68	5	189.48	1	190.71	1	190.71
web_british	46	2	118.368	16	105.57	3	110.3	1	111.21	1	111.21
web_british	46	3	150.768	23	136.16	5	141.82	1	143.11	1	143.11
web_british	46	4	159.84	21	145.85	4	151.35	1	152.21	1	152.21
web_british	46	5	104.28	13	93.57	3	95.99	1	96.87	1	96.87
web_british	46	6	151.344	20	137.68	3	142.71	1	143.55	1	143.55
web_british	46	7	303.864	40	284.04	9	293.47	1	296.2	1	296.2
web_british	46	8	97.704	13	85.81	3	89.35	1	90.18	1	90.18
web_british	46	9	198.864	27	182.5	6	188.6	1	191.01	1	191.01
web_british	46	10	211.848	33	195.04	7	202.51	1	204.24	1	204.24
web_british	46	11	220.008	34	200.59	6	210.95	1	212.72	1	212.72
web_british	46	12	192.792	31	177.27	5	183.67	1	185.45	1	185.45
web_british	46	13	94.2	13	83.81	3	85.83	1	86.74	1	86.74
web_british	46	14	283.272	40	261.79	8	273.56	1	275.82	1	275.82
web_british	46	15	359.856	58	334.09	10	349.0	1	352.07	1	352.07
web_british	46	16	140.472	24	126.39	8	131.31	1	133.24	1	133.24
web_british	47	1	201.144	24	170.27	7	174.41	1	177.01	1	177.01
web_british	47	2	119.112	17	108.2	4	111.34	1	112.56	1	112.56
web_british	47	3	119.76	18	108.18	4	112.15	1	113.21	1	113.21
web_british	47	4	128.136	18	117.12	4	120.71	1	121.59	1	121.59
web_british	47	5	153.6	21	139.61	5	145.07	1	146.95	1	146.95
web_british	47	6	120.048	18	111.94	4	112.42	1	113.34	1	113.34
web_british	47	7	144.744	16	134.65	4	137.67	1	138.52	1	138.52
web_british	47	8	169.992	24	154.7	3	162.38	1	163.45	1	163.45
web_british	47	9	118.872	15	110.09	3	112.28	1	112.69	1	112.69
web_british	47	10	137.832	18	126.73	3	130.36	1	131.2	1	131.2
web_british	47	11	236.328	33	218.95	6	228.02	1	229.74	1	229.74
web_british	47	12	191.376	21	179.49	4	184.25	1	184.72	1	184.72
web_british	47	13	103.992	14	93.91	6	96.77	1	97.73	1	97.73
web_british	48	1	165.696	24	137.3	5	141.62	1	142.08	1	142.08
web_british	48	2	178.104	21	166.18	3	171.16	1	172.03	1	172.03
web_british	48	3	201.936	29	184.39	7	193.09	1	195.75	1	195.75
web_british	48	4	192.768	31	176.36	7	184.31	1	186.69	1	186.69
web_british	48	5	157.176	26	143.98	8	148.35	1	151.04	1	151.04
web_british	48	6	119.088	18	106.37	6	111.68	1	113.4	1	113.4
web_british	49	1	160.392	23	135.36	3	136.6	1	137.51	1	137.51
web_british	49	2	134.736	22	124.74	2	128.22	1	128.65	1	128.65
web_british	49	3	123.576	21	115.88	3	117.17	1	118.05	1	118.05
web_british	49	4	187.296	32	174.15	5	179.24	1	181.2	1	181.2
web_british	49	5	188.568	33	174.09	7	179.73	1	182.4	1	182.4
web_british	49	6	152.112	24	139.91	7	143.73	1	146.44	1	146.44
web_british	50	1	209.4	30	179.86	6	184.3	1	186.44	1	186.44
web_british	50	2	180.912	30	167.07	6	172.69	1	174.81	1	174.81
web_british	50	3	155.328	21	144.57	5	147.64	1	149.06	1	149.06
web_british	50	4	157.68	23	144.67	7	149.69	1	152.02	1	152.02
web_british	51	1	208.944	29	182.27	6	183.96	1	186.01	1	186.01
web_british	51	2	154.848	23	143.28	5	146.86	1	148.74	1	148.74
web_british	51	3	154.752	25	140.22	10	144.67	1	148.64	1	148.64
web_british	51	4	121.248	18	110.08	7	112.97	1	115.7	1	115.7
web_british	52	1	96.36	10	70.59	2	72.3	1	72.74	1	72.74
web_british	52	2	147.264	20	135.78	4	140.08	1	140.95	1	140.95
web_british	52	3	94.032	13	84.63	3	86.49	1	87.32	1	87.32
web_british	52	4	121.56	18	111.52	3	114.27	1	115.09	1	115.09
web_british	52	5	136.704	28	123.31	9	128.0	1	130.44	1	130.44
web_british	53	1	105.528	12	79.88	3	80.96	1	81.89	1	81.89
web_british	53	2	117.576	17	106.93	3	110.07	1	110.88	1	110.88
web_british	53	3	112.944	18	100.96	5	105.48	1	106.76	1	106.76
web_british	54	1	159.504	20	133.26	5	135.27	1	136.53	1	136.53
web_british	54	2	88.032	15	79.13	2	81.45	1	81.89	1	81.89
web_british	54	3	103.104	16	92.96	3	96.15	1	96.94	1	96.94
web_british	54	4	108.792	16	98.42	3	102.52	1	102.6	1	102.6
web_british	54	5	164.76	25	151.15	8	156.15	1	158.45	1	158.45
web_british	54	6	162.456	21	152.07	6	155.53	1	156.7	1	156.7
web_british	55	1	145.776	18	118.29	5	120.86	1	122.71	1	122.71
web_british	55	2	167.832	26	153.79	6	159.38	1	161.66	1	161.66
web_british	55	3	112.68	17	103.08	2	105.94	1	106.4	1	106.4
web_british	55	4	138.288	22	127.51	6	130.9	1	132.65	1	132.65
web_british	56	1	135.048	16	109.25	3	111.6	1	112.37	1	112.37
web_british	56	2	94.944	15	88.86	4	89.4	1	90.79	1	90.79
web_british	56	3	101.4	15	92.56	3	95.2	1	96.01	1	96.01
web_british	57	1	137.04	25	122.18	8	125.48	1	127.94	1	127.94
web_british	58	1	121.872	14	95.86	6	97.36	1	99.22	1	99.22
web_british	58	2	139.896	18	129.04	5	132.33	1	133.93	1	133.93
web_british	58	3	113.712	19	102.85	3	107.16	1	107.57	1	107.57
web_british	58	4	123.384	16	112.12	4	116.09	1	117.41	1	117.41
web_british	58	5	101.832	14	91.68	4	94.84	1	95.81	1	95.81
web_british	58	6	133.992	20	123.57	3	126.9	1	127.85	1	127.85
web_british	58	7	194.208	28	181.04	7	186.07	1	188.21	1	188.21
web_british	58	8	118.176	13	108.82	3	111.78	1	112.28	1	112.28
web_british	58	9	214.464	28	200.83	5	206.22	1	207.67	1	207.67
web_british	58	10	241.032	39	225.13	9	232.16	1	235.13	1	235.13
web_british	58	11	304.56	40	285.47	18	290.78	1	298.44	1	298.44
web_british	58	12	212.184	29	199.14	7	203.46	1	206.11	1	206.11
web_british	58	13	163.944	25	149.79	10	155.69	1	158.29	1	158.29
web_british	59	1	192.528	27	161.3	9	166.95	1	170.12	1	170.12
web_british	59	2	170.328	26	156.79	4	164.01	1	164.44	1	164.44
web_british	59	3	126.312	18	114.98	2	120.35	1	120.41	1	120.41
web_british	59	4	119.76	17	109.01	3	113.43	1	113.9	1	113.9
web_british	59	5	149.256	20	139.09	6	141.5	1	143.32	1	143.32
web_british	60	1	201.792	25	176.02	6	177.28	1	179.49	1	179.49
web_british	60	2	174.072	25	161.71	8	165.95	1	168.04	1	168.04
web_british	60	3	163.824	22	153.04	4	156.61	1	157.8	1	157.8
web_british	60	4	146.784	19	134.47	3	140.22	1	140.71	1	140.71
web_british	60	5	103.656	14	94.51	4	97.26	1	98.07	1	98.07
web_british	61	1	166.872	21	139.29	4	143.24	1	144.57	1	144.57
web_british	61	2	176.736	22	166.74	4	169.35	1	170.66	1	170.66
web_british	61	3	147.096	18	136.38	3	140.6	1	141.54	1	141.54
web_british	62	1	91.848	10	66.58	2	69.23	1	69.65	1	69.65
web_british	62	2	219.384	29	202.37	10	209.63	1	213.39	1	213.39
web_british	62	3	163.704	24	150.7	6	156.39	1	157.65	1	157.65
web_british	62	4	146.592	21	133.59	3	139.66	1	140.57	1	140.57
web_british	62	5	149.64	21	137.3	7	141.96	1	143.87	1	143.87
web_british	63	1	95.256	13	82.44	4	84.52	1	85.77	1	85.77
web_british	64	1	97.44	14	83.37	6	85.87	1	87.53	1	87.53
web_british	65	1	203.688	25	186.06	6	192.3	1	194.76	1	194.76
web_british	66	1	186.312	20	160.11	8	161.6	1	163.31	1	163.31
web_british	66	2	238.2	29	223.31	8	232.68	1	233.69	1	233.69
web_british	66	3	189.96	22	176.93	6	182.56	1	183.96	1	183.96
web_british	66	4	106.584	11	97.69	3	99.87	1	100.66	1	100.66
web_british	66	5	123.672	14	113.23	5	116.53	1	117.92	1	117.92
web_british	66	6	149.808	17	138.64	6	142.54	1	143.75	1	143.75
web_british	66	7	143.904	17	134.56	6	136.46	1	138.17	1	138.17
web_british	66	8	117.504	13	107.54	7	109.74	1	111.59	1	111.59
web_british	66	9	173.592	21	160.09	6	165.79	1	167.68	1	167.68
web_british	66	10	96.672	11	88.23	5	89.13	1	90.78	1	90.78
web_british	66	11	175.464	19	163.58	8	167.32	1	169.49	1	169.49
web_british	66	12	149.208	17	137.68	5	141.82	1	143.2	1	143.2
web_british	66	13	159.48	18	148.18	3	153.63	1	153.64	1	153.64
web_british	66	14	190.896	20	176.89	8	181.45	1	184.74	1	184.74
web_british	66	15	77.304	8	68.65	4	70.37	1	71.19	1	71.19
web_british	66	16	166.248	21	154.23	10	157.71	1	160.08	1	160.08
web_british	66	17	159.216	18	147.18	3	152.36	1	152.92	1	152.92
web_british	66	18	226.488	24	215.66	5	219.17	1	220.41	1	220.41
web_british	66	19	195.144	21	184.45	8	186.87	1	189.33	1	189.33
web_british	66	20	139.464	15	131.59	4	133.04	1	133.45	1	133.45
web_british	66	21	219.744	27	205.79	5	212.23	1	213.4	1	213.4
web_british	66	22	173.088	21	160.25	8	165.36	1	167.35	1	167.35
winfred_henson	1	1	401.112	31	338.79	9	351.78	1	392.74	1	392.74
winfred_henson	1	2	251.352	25	211.9	3	233.52	1	243.62	1	243.62
winfred_henson	1	3	275.064	24	245.1	14	258.34	1	268.11	1	268.11
winfred_henson	1	4	270.456	26	239.2	7	255.66	1	263.73	1	263.73
winfred_henson	1	5	242.208	32	213.28	10	221.04	1	235.14	1	235.14
winfred_henson	1	6	230.832	22	203.94	4	218.13	1	223.75	1	223.75
winfred_henson	1	7	224.592	24	197.76	4	211.04	1	217.96	1	217.96
winfred_henson	1	8	231.48	22	199.24	6	207.06	1	223.6	1	223.6
winfred_henson	1	9	279.456	29	246.56	6	254.63	1	272.17	1	272.17
winfred_henson	1	10	290.712	32	260.22	6	275.47	1	286.25	1	286.25
winfred_henson	1	11	278.808	32	247.29	12	257.69	1	272.16	1	272.16
winfred_henson	1	12	203.472	20	185.59	7	188.98	1	196.34	1	196.34
winfred_henson	1	13	183.312	18	158.09	4	163.27	1	175.2	1	175.2
winfred_henson	1	14	258.696	24	228.86	5	240.56	1	251.45	1	251.45
winfred_henson	1	15	200.808	21	173.69	6	186.71	1	193.33	1	193.33
winfred_henson	1	16	178.08	16	161.23	6	166.81	1	169.39	1	169.39
winfred_henson	1	17	304.8	27	278.95	7	288.65	1	296.55	1	296.55
winfred_henson	1	18	315.528	33	287.4	15	293.22	1	308.73	1	308.73
winfred_henson	1	19	366.072	38	327.11	13	343.25	1	357.26	1	357.26
winfred_henson	1	20	193.128	18	181.34	7	184.11	1	186.53	1	186.53
winfred_henson	1	21	295.92	34	265.81	10	279.62	1	287.58	1	287.58
winfred_henson	1	22	245.736	24	223.51	10	226.9	1	238.62	1	238.62
winfred_henson	1	23	185.16	20	170.33	8	173.37	1	176.22	1	176.22
winfred_henson	1	24	568.944	67	536.63	20	551.87	1	561.9	1	561.9
winfred_henson	1	25	317.376	34	281.34	9	298.65	1	310.07	1	310.07
winfred_henson	1	26	330.528	35	296.26	13	301.74	1	323.18	1	323.18
winfred_henson	1	27	467.016	46	441.71	25	445.22	1	460.16	1	460.16
winfred_henson	1	28	233.28	22	208.85	6	211.17	1	226.24	1	226.24
winfred_henson	1	29	300.984	35	274.48	15	283.72	1	293.78	1	293.78
winfred_henson	1	30	365.088	43	331.74	17	336.48	1	358.67	1	358.67
winfred_henson	1	31	471.456	55	443.05	13	451.56	1	464.15	1	464.15
winfred_henson	1	32	297.576	32	278.18	9	283.47	1	290.23	1	290.23
winfred_henson	1	33	189.528	20	174.66	11	175.84	1	182.45	1	182.45
winfred_henson	1	34	276.96	31	257.85	7	262.4	1	269.84	1	269.84
winfred_henson	1	35	274.08	29	239.35	9	253.28	1	266.48	1	266.48
winfred_henson	1	36	428.112	43	394.53	6	409.76	1	421.24	1	421.24
winfred_henson	1	37	339.72	36	310.25	12	323.63	1	332.99	1	332.99
winfred_henson	1	38	290.736	30	268.36	10	275.63	1	283.9	1	283.9
winfred_henson	1	39	200.832	23	186.67	6	189.91	1	193.57	1	193.57
winfred_henson	1	40	192.024	23	180.05	6	183.37	1	185.06	1	185.06
winfred_henson	1	41	514.632	57	465.12	10	484.76	1	507.69	1	507.69
winfred_henson	1	42	342.984	38	319.12	12	332.04	1	335.48	1	335.48
winfred_henson	1	43	314.184	34	293.68	12	302.56	1	306.07	1	306.07
winfred_henson	1	44	292.344	34	272.18	8	278.09	1	285.1	1	285.1
winfred_henson	1	45	269.52	28	240.85	6	250.7	1	261.76	1	261.76
winfred_henson	1	46	369.24	34	337.28	6	350.43	1	362.01	1	362.01
winfred_henson	1	47	347.112	31	325.54	14	330.02	1	339.81	1	339.81
winfred_henson	1	48	277.128	22	262.44	6	266.68	1	268.79	1	268.79
winfred_henson	1	49	385.416	33	359.52	13	371.75	1	377.57	1	377.57
winfred_henson	1	50	267.288	26	240.43	5	247.04	1	257.44	1	257.44
winfred_henson	2	1	190.512	22	162.24	5	169.75	1	181.68	1	181.68
winfred_henson	2	2	241.032	25	207.39	14	216.23	1	234.41	1	234.41
winfred_henson	2	3	317.736	22	301.6	8	307.87	1	310.75	1	310.75
winfred_henson	2	4	338.64	31	304.58	18	313.05	1	332.42	1	332.42
winfred_henson	2	5	218.712	23	197.42	10	204.18	1	211.72	1	211.72
winfred_henson	2	6	340.992	30	308.05	8	326.05	1	334.02	1	334.02
winfred_henson	2	7	270.984	25	246.01	6	251.34	1	263.92	1	263.92
winfred_henson	2	8	366.168	32	332.92	12	339.56	1	358.77	1	358.77
winfred_henson	2	9	364.584	35	335.48	10	342.86	1	357.03	1	357.03
winfred_henson	2	10	315.24	29	292.77	13	297.64	1	307.72	1	307.72
winfred_henson	2	11	120.6	10	110.37	3	112.17	1	112.65	1	112.65
winfred_henson	2	12	549.552	51	503.2	8	528.96	1	542.97	1	542.97
winfred_henson	2	13	234.432	22	214.83	4	220.35	1	227.15	1	227.15
winfred_henson	2	14	331.968	31	309.86	7	317.92	1	324.57	1	324.57
winfred_henson	2	15	268.296	27	249.44	4	255.28	1	260.77	1	260.77
winfred_henson	2	16	374.376	36	350.47	5	365.29	1	367.05	1	367.05
winfred_henson	2	17	177.432	16	162.45	5	164.8	1	170.47	1	170.47
winfred_henson	2	18	279.432	27	258.73	5	265.73	1	272.24	1	272.24
winfred_henson	2	19	267.096	25	243.85	9	256.47	1	259.49	1	259.49
winfred_henson	2	20	251.712	26	220.58	14	229.52	1	244.51	1	244.51
winfred_henson	2	21	664.608	36	320.03	14	327.57	1	341.66	1	341.66
winfred_henson	2	22	314.616	31	287.66	17	293.43	1	308.08	1	308.08
winfred_henson	2	23	325.56	33	287.98	14	297.46	1	318.27	1	318.27
winfred_henson	2	24	172.92	18	155.63	8	158.24	1	165.66	1	165.66
winfred_henson	2	25	347.136	40	306.96	4	324.89	1	339.77	1	339.77
winfred_henson	2	26	357.48	37	315.89	6	329.47	1	349.71	1	349.71
winfred_henson	2	27	247.08	21	223.06	3	230.95	1	240.19	1	240.19
winfred_henson	2	28	479.64	43	442.21	6	457.84	1	472.23	1	472.23
winfred_henson	2	29	526.896	46	480.91	9	500.85	1	518.98	1	518.98
winfred_henson	2	30	397.608	38	359.7	5	372.43	1	390.67	1	390.67
winfred_henson	2	31	193.872	18	170.19	3	176.09	1	185.81	1	185.81
winfred_henson	2	32	404.832	35	364.37	19	375.73	1	397.95	1	397.95
winfred_henson	2	33	258.672	23	235.09	11	238.42	1	251.04	1	251.04
winfred_henson	2	34	390.888	35	362.39	15	369.73	1	383.71	1	383.71
winfred_henson	2	35	327.36	35	293.43	5	300.5	1	320.99	1	320.99
winfred_henson	2	36	340.392	38	294.52	8	309.52	1	333.09	1	333.09
winfred_henson	2	37	260.952	29	233.26	4	239.67	1	253.87	1	253.87
winfred_henson	2	38	303.984	31	275.03	5	281.8	1	296.23	1	296.23
winfred_henson	2	39	380.064	43	351.86	8	358.43	1	373.68	1	373.68
winfred_henson	2	40	279.864	38	255.44	6	264.92	1	270.8	1	270.8
winfred_henson	3	1	188.76	17	173.75	4	178.33	1	180.18	1	180.18
winfred_henson	3	2	184.32	16	169.98	4	175.79	1	177.33	1	177.33
winfred_henson	3	3	187.032	17	173.5	4	178.07	1	179.87	1	179.87
winfred_henson	3	4	375.744	35	358.51	5	367.71	1	368.64	1	368.64
winfred_henson	3	5	271.56	19	253.0	8	256.25	1	263.79	1	263.79
winfred_henson	3	6	336.96	30	306.2	5	314.77	1	329.32	1	329.32
winfred_henson	3	7	410.976	38	377.34	8	387.51	1	404.4	1	404.4
winfred_henson	3	8	333.048	36	302.39	4	319.56	1	325.15	1	325.15
winfred_henson	3	9	229.344	24	197.53	4	211.65	1	222.08	1	222.08
winfred_henson	3	10	234.48	20	217.17	8	224.19	1	226.72	1	226.72
winfred_henson	3	11	438.888	47	419.28	11	428.36	1	431.17	1	431.17
winfred_henson	3	12	100.536	8	91.06	3	92.31	1	93.11	1	93.11
winfred_henson	3	13	743.28	59	713.83	12	727.66	1	736.23	1	736.23
winfred_henson	3	14	615.288	57	583.68	14	593.91	1	608.5	1	608.5
winfred_henson	3	15	397.488	33	364.77	17	369.54	1	389.79	1	389.79
winfred_henson	3	16	439.92	34	403.95	11	410.71	1	432.84	1	432.84
winfred_henson	3	17	220.656	16	203.23	5	206.44	1	213.11	1	213.11
winfred_henson	3	18	286.464	30	264.09	21	268.43	1	278.53	1	278.53
winfred_henson	3	19	424.464	37	383.79	26	390.45	1	416.72	1	416.72
winfred_henson	3	20	387.288	27	355.5	18	359.72	1	379.75	1	379.75
winfred_henson	3	21	269.688	24	246.1	8	257.31	1	261.73	1	261.73
winfred_henson	3	22	406.392	33	373.79	10	388.27	1	398.21	1	398.21
winfred_henson	3	23	530.544	44	478.32	12	491.81	1	523.57	1	523.57
winfred_henson	3	24	238.992	23	208.23	5	215.4	1	231.98	1	231.98
winfred_henson	3	25	642.6	55	581.21	13	598.93	1	635.5	1	635.5
winfred_henson	3	26	520.92	46	480.48	13	496.59	1	513.4	1	513.4
winfred_henson	3	27	385.608	34	357.4	10	367.01	1	375.36	1	375.36
winfred_henson	4	1	567.672	54	519.25	26	541.49	1	558.65	1	558.65
winfred_henson	4	2	314.256	34	293.01	20	299.5	1	307.91	1	307.91
winfred_henson	4	3	522.912	51	468.86	23	477.41	1	516.3	1	516.3
winfred_henson	4	4	541.8	49	494.91	17	504.55	1	534.98	1	534.98
winfred_henson	4	5	375.888	31	349.31	6	357.28	1	368.89	1	368.89
winfred_henson	4	6	323.976	27	302.27	8	309.94	1	317.15	1	317.15
winfred_henson	4	7	797.64	89	763.99	66	769.53	1	790.46	1	790.46
winfred_henson	4	8	286.632	26	259.62	7	266.59	1	280.19	1	280.19
winfred_henson	4	9	265.176	23	244.69	6	250.17	1	258.37	1	258.37
winfred_henson	4	10	322.92	36	297.21	12	305.08	1	315.93	1	315.93
winfred_henson	4	11	384.384	35	341.84	12	353.62	1	377.67	1	377.67
winfred_henson	4	12	156.816	16	144.49	8	146.58	1	148.89	1	148.89
winfred_henson	4	13	302.928	33	268.55	17	282.69	1	295.62	1	295.62
winfred_henson	4	14	478.152	45	438.41	11	452.48	1	471.24	1	471.24
winfred_henson	4	15	471.168	41	435.28	10	445.29	1	463.3	1	463.3
winfred_henson	4	16	477.984	50	433.12	20	443.05	1	470.59	1	470.59
winfred_henson	4	17	141.648	13	130.05	5	132.55	1	134.35	1	134.35
winfred_henson	4	18	476.112	32	437.51	11	449.72	1	467.66	1	467.66
winfred_henson	4	19	295.512	22	270.72	7	278.54	1	288.29	1	288.29
winfred_henson	4	20	307.896	29	272.43	13	285.7	1	301.22	1	301.22
winfred_henson	4	21	362.184	35	324.99	12	337.27	1	355.76	1	355.76
winfred_henson	4	22	412.128	41	386.17	23	396.47	1	404.95	1	404.95
winfred_henson	4	23	276.744	30	255.62	17	260.33	1	269.62	1	269.62
winfred_henson	4	24	258.264	25	228.88	8	234.57	1	251.13	1	251.13
winfred_henson	4	25	191.952	18	161.99	6	166.4	1	184.03	1	184.03
winfred_henson	4	26	718.632	65	614.64	4	696.4	1	710.88	1	710.88
winfred_henson	4	27	266.16	23	235.16	6	246.52	1	258.73	1	258.73
winfred_henson	4	28	364.656	31	327.91	5	336.49	1	356.87	1	356.87
winfred_henson	4	29	464.736	40	434.22	12	444.32	1	457.27	1	457.27
winfred_henson	4	30	183.384	16	170.75	6	173.69	1	176.12	1	176.12
winfred_henson	4	31	487.224	54	447.46	9	463.85	1	479.97	1	479.97
winfred_henson	4	32	390.312	42	356.41	10	363.47	1	382.33	1	382.33
winfred_henson	4	33	386.664	56	352.89	2	377.78	1	378.38	1	378.38
winfred_henson	4	34	262.536	29	237.86	6	248.01	1	255.38	1	255.38
winfred_henson	4	35	392.976	34	366.96	11	376.18	1	385.17	1	385.17
winfred_henson	4	36	161.832	13	148.87	4	150.71	1	151.81	1	151.81
winfred_henson	5	1	516.192	46	467.75	12	488.82	1	506.89	1	506.89
winfred_henson	5	2	360.0	37	340.48	12	344.89	1	352.68	1	352.68
winfred_henson	5	3	327.36	29	303.77	6	313.21	1	320.27	1	320.27
winfred_henson	5	4	569.64	49	531.01	4	551.49	1	562.28	1	562.28
winfred_henson	5	5	347.04	33	323.6	16	327.56	1	339.67	1	339.67
winfred_henson	5	6	253.224	25	234.74	4	240.12	1	245.88	1	245.88
winfred_henson	5	7	340.8	26	320.59	1	333.68	1	333.68	1	333.68
winfred_henson	5	8	208.848	20	195.64	3	200.86	1	201.51	1	201.51
winfred_henson	5	9	350.904	29	331.37	5	342.87	1	343.97	1	343.97
winfred_henson	5	10	221.088	22	201.11	4	206.86	1	213.61	1	213.61
winfred_henson	5	11	327.336	32	296.54	2	314.99	1	319.96	1	319.96
winfred_henson	5	12	379.944	32	357.03	4	366.22	1	373.03	1	373.03
winfred_henson	5	13	238.104	18	218.14	3	221.73	1	228.17	1	228.17
winfred_henson	5	14	269.544	29	248.65	4	256.09	1	261.36	1	261.36
winfred_henson	5	15	264.048	23	237.6	1	257.33	1	257.33	1	257.33
winfred_henson	5	16	291.408	22	256.73	3	272.77	1	283.85	1	283.85
winfred_henson	5	17	273.216	20	247.45	5	250.28	1	265.77	1	265.77
winfred_henson	5	18	233.424	22	211.01	5	219.62	1	225.46	1	225.46
winfred_henson	5	19	227.592	21	211.43	3	214.53	1	220.31	1	220.31
winfred_henson	5	20	236.4	20	224.22	3	228.82	1	229.38	1	229.38
winfred_henson	5	21	282.6	23	248.38	5	252.52	1	274.44	1	274.44
winfred_henson	5	22	324.288	30	305.3	9	310.4	1	317.6	1	317.6
winfred_henson	5	23	255.12	25	230.49	6	236.83	1	247.88	1	247.88
winfred_henson	5	24	244.44	22	227.41	10	231.1	1	237.65	1	237.65
winfred_henson	5	25	212.592	19	184.81	7	188.69	1	205.33	1	205.33
winfred_henson	5	26	252.6	19	233.86	3	238.71	1	244.63	1	244.63
winfred_henson	5	27	266.088	26	240.36	14	244.56	1	258.66	1	258.66
winfred_henson	5	28	731.088	68	698.71	3	717.57	1	723.47	1	723.47
winfred_henson	5	29	301.56	29	287.58	5	293.19	1	294.47	1	294.47
winfred_henson	5	30	235.128	20	218.53	2	222.87	1	228.55	1	228.55
winfred_henson	5	31	397.248	30	356.88	10	362.42	1	389.43	1	389.43
winfred_henson	5	32	490.248	52	463.73	9	474.23	1	482.85	1	482.85
winfred_henson	5	33	315.456	29	285.87	12	291.97	1	307.83	1	307.83
winfred_henson	5	34	120.144	12	108.3	2	110.1	1	110.57	1	110.57
winfred_henson	6	1	228.936	18	210.24	5	214.55	1	220.86	1	220.86
winfred_henson	6	2	256.296	24	239.03	9	241.98	1	248.95	1	248.95
winfred_henson	6	3	193.68	17	182.17	6	185.35	1	186.97	1	186.97
winfred_henson	6	4	242.04	24	223.11	7	232.33	1	234.04	1	234.04
winfred_henson	6	5	194.328	15	177.37	5	185.27	1	186.83	1	186.83
winfred_henson	6	6	321.072	27	304.94	8	310.97	1	313.86	1	313.86
winfred_henson	6	7	340.056	26	322.12	6	327.31	1	332.98	1	332.98
winfred_henson	6	8	409.416	35	390.08	7	395.42	1	402.13	1	402.13
winfred_henson	6	9	273.384	27	260.52	8	264.2	1	266.15	1	266.15
winfred_henson	6	10	501.336	43	468.52	17	478.32	1	493.46	1	493.46
winfred_henson	6	11	267.264	23	250.41	4	259.44	1	260.34	1	260.34
winfred_henson	6	12	218.52	24	201.4	18	202.85	1	210.51	1	210.51
winfred_henson	6	13	366.336	33	340.25	6	357.53	1	359.04	1	359.04
winfred_henson	6	14	178.56	15	162.2	4	164.98	1	171.19	1	171.19
winfred_henson	6	15	491.784	63	447.97	14	468.37	1	484.55	1	484.55
winfred_henson	6	16	101.448	10	91.38	2	93.34	1	93.97	1	93.97
winfred_henson	6	17	255.6	18	241.34	5	246.14	1	248.12	1	248.12
winfred_henson	6	18	305.832	28	279.08	4	292.68	1	298.54	1	298.54
winfred_henson	6	19	437.544	51	389.01	7	402.82	1	430.39	1	430.39
winfred_henson	6	20	130.464	9	119.74	2	122.9	1	123.24	1	123.24
winfred_henson	6	21	395.472	45	376.17	7	385.52	1	387.51	1	387.51
winfred_henson	6	22	445.296	34	425.26	9	435.16	1	437.55	1	437.55
winfred_henson	6	23	198.912	16	187.47	5	190.22	1	191.31	1	191.31
winfred_henson	6	24	394.608	33	363.25	12	370.93	1	383.92	1	383.92
winfred_henson	7	1	385.248	36	349.99	9	364.93	1	376.23	1	376.23
winfred_henson	7	2	283.008	23	254.66	2	275.07	1	275.07	1	275.07
winfred_henson	7	3	338.952	31	311.21	7	320.5	1	331.41	1	331.41
winfred_henson	7	4	286.728	24	268.33	9	272.49	1	280.17	1	280.17
winfred_henson	7	5	321.408	31	303.37	11	310.45	1	313.54	1	313.54
winfred_henson	7	6	500.472	40	457.16	23	460.78	1	492.84	1	492.84
winfred_henson	7	7	368.064	25	344.66	10	353.32	1	360.67	1	360.67
winfred_henson	7	8	364.104	35	333.82	15	347.48	1	356.18	1	356.18
winfred_henson	7	9	597.672	57	548.68	22	573.45	1	590.66	1	590.66
winfred_henson	7	10	206.928	18	185.13	6	188.7	1	200.21	1	200.21
winfred_henson	7	11	445.536	40	419.19	16	432.25	1	438.18	1	438.18
winfred_henson	7	12	175.872	15	155.73	7	158.81	1	168.29	1	168.29
winfred_henson	7	13	271.848	25	256.32	14	259.32	1	264.74	1	264.74
winfred_henson	7	14	235.512	20	219.23	10	225.69	1	228.23	1	228.23
winfred_henson	7	15	239.112	20	221.19	12	223.74	1	231.58	1	231.58
winfred_henson	7	16	390.504	31	355.44	17	359.67	1	383.17	1	383.17
winfred_henson	7	17	137.424	13	125.81	5	128.66	1	130.24	1	130.24
winfred_henson	7	18	353.568	31	331.76	15	337.37	1	346.13	1	346.13
winfred_henson	7	19	379.248	30	357.09	12	368.49	1	371.4	1	371.4
winfred_henson	7	20	505.464	48	477.47	12	485.59	1	498.36	1	498.36
winfred_henson	7	21	265.176	25	242.43	4	253.98	1	254.81	1	254.81
winfred_henson	8	1	250.176	22	226.06	8	234.8	1	242.35	1	242.35
winfred_henson	8	2	253.584	23	234.4	16	236.19	1	246.52	1	246.52
winfred_henson	8	3	191.832	18	173.76	7	183.14	1	184.78	1	184.78
winfred_henson	8	4	253.296	22	230.17	8	233.28	1	243.69	1	243.69
winfred_henson	9	1	286.032	28	259.8	11	264.58	1	277.01	1	277.01
winfred_henson	9	2	405.096	36	371.2	10	379.08	1	398.16	1	398.16
winfred_henson	9	3	231.504	21	208.16	10	216.01	1	223.56	1	223.56
winfred_henson	9	4	267.072	22	249.8	7	253.81	1	259.83	1	259.83
winfred_henson	9	5	154.8	12	144.22	4	146.49	1	147.15	1	147.15
winfred_henson	9	6	269.496	21	257.46	7	259.81	1	260.91	1	260.91
winfred_henson	9	7	205.632	17	187.29	5	191.95	1	197.86	1	197.86
winfred_henson	9	8	238.2	22	214.41	6	218.39	1	229.96	1	229.96
winfred_henson	9	9	345.504	27	328.09	16	332.53	1	337.76	1	337.76
winfred_henson	9	10	363.48	27	338.07	12	348.06	1	356.33	1	356.33
winfred_henson	9	11	182.16	15	164.89	7	167.47	1	174.77	1	174.77
winfred_henson	9	12	345.312	25	328.68	10	333.4	1	337.41	1	337.41
winfred_henson	9	13	281.808	23	247.53	7	267.26	1	273.7	1	273.7
winfred_henson	9	14	586.824	52	541.2	22	554.34	1	579.84	1	579.84
winfred_henson	9	15	416.016	35	388.93	18	393.66	1	408.37	1	408.37
winfred_henson	9	16	284.184	23	262.42	13	271.12	1	276.01	1	276.01
winfred_henson	9	17	618.024	58	574.22	18	599.81	1	610.88	1	610.88
winfred_henson	9	18	312.936	30	287.72	13	297.38	1	305.48	1	305.48
winfred_henson	9	19	273.312	24	249.23	11	258.4	1	265.88	1	265.88
winfred_henson	9	20	428.616	42	400.62	17	407.17	1	421.77	1	421.77
winfred_henson	9	21	174.6	15	158.88	8	160.24	1	166.44	1	166.44
winfred_henson	9	22	263.52	23	241.02	10	245.58	1	254.59	1	254.59
winfred_henson	9	23	300.552	29	280.23	14	284.09	1	292.63	1	292.63
winfred_henson	9	24	236.568	22	218.84	4	223.45	1	229.02	1	229.02
winfred_henson	9	25	466.056	44	434.18	16	445.33	1	458.79	1	458.79
winfred_henson	9	26	304.056	25	281.21	11	288.85	1	296.31	1	296.31
winfred_henson	9	27	149.256	12	136.57	6	139.65	1	141.62	1	141.62
winfred_henson	9	28	318.528	25	296.15	16	303.98	1	309.9	1	309.9
winfred_henson	9	29	152.736	11	141.45	7	142.38	1	144.48	1	144.48
winfred_henson	9	30	341.088	31	313.77	9	326.03	1	333.77	1	333.77
winfred_henson	9	31	149.424	13	126.51	2	134.24	1	139.39	1	139.39
winfred_henson	10	1	252.816	27	230.64	9	234.4	1	242.68	1	242.68
winfred_henson	10	2	350.112	32	322.46	10	328.41	1	342.87	1	342.87
winfred_henson	10	3	434.616	39	403.8	15	409.11	1	427.31	1	427.31
winfred_henson	10	4	167.472	12	152.68	4	154.69	1	160.65	1	160.65
winfred_henson	10	5	266.16	25	234.49	9	245.54	1	258.03	1	258.03
winfred_henson	10	6	266.04	23	236.01	7	252.06	1	258.88	1	258.88
winfred_henson	10	7	335.784	29	312.04	6	316.63	1	327.52	1	327.52
winfred_henson	10	8	194.76	18	179.38	5	182.48	1	188.36	1	188.36
winfred_henson	10	9	152.736	13	141.39	8	143.23	1	145.55	1	145.55
winfred_henson	10	10	227.232	19	208.12	5	218.1	1	219.64	1	219.64
winfred_henson	10	11	302.136	27	275.74	9	286.47	1	295.08	1	295.08
winfred_henson	10	12	390.72	31	359.47	13	365.29	1	383.39	1	383.39
winfred_henson	10	13	434.832	39	403.23	18	415.22	1	426.68	1	426.68
winfred_henson	10	14	406.344	33	385.16	19	394.94	1	400.31	1	400.31
winfred_henson	10	15	424.992	37	395.26	15	411.21	1	417.04	1	417.04
winfred_henson	10	16	284.784	23	260.36	13	263.2	1	277.46	1	277.46
winfred_henson	10	17	328.608	29	308.18	12	311.04	1	320.11	1	320.11
winfred_henson	10	18	404.376	33	381.94	24	384.6	1	397.42	1	397.42
winfred_henson	10	19	553.68	43	506.06	19	521.31	1	546.32	1	546.32
winfred_henson	10	20	332.856	26	306.91	12	321.11	1	326.27	1	326.27
winfred_henson	10	21	306.216	22	284.05	8	288.32	1	298.31	1	298.31
winfred_henson	10	22	362.688	51	338.47	8	351.86	1	355.16	1	355.16
winfred_henson	10	23	381.96	39	356.44	8	367.61	1	374.42	1	374.42
winfred_henson	10	24	349.104	25	316.84	13	321.1	1	339.52	1	339.52
winfred_henson	11	1	579.024	53	529.8	19	543.5	1	570.03	1	570.03
winfred_henson	11	2	586.68	46	540.92	22	548.06	1	579.61	1	579.61
winfred_henson	11	3	326.016	28	294.73	12	299.65	1	318.62	1	318.62
winfred_henson	11	4	319.344	34	286.85	3	303.17	1	312.6	1	312.6
winfred_henson	11	5	205.032	18	186.85	4	190.36	1	197.94	1	197.94
winfred_henson	11	6	390.576	38	350.74	6	373.3	1	382.69	1	382.69
winfred_henson	11	7	583.488	51	538.31	7	557.01	1	576.36	1	576.36
winfred_henson	11	8	802.872	66	758.23	16	771.79	1	796.14	1	796.14
winfred_henson	11	9	349.632	28	322.76	6	329.98	1	341.24	1	341.24
winfred_henson	11	10	312.6	29	290.79	6	297.49	1	305.68	1	305.68
winfred_henson	11	11	499.392	43	455.72	8	469.83	1	489.06	1	489.06
winfred_henson	11	12	390.912	33	359.23	12	369.93	1	383.08	1	383.08
winfred_henson	11	13	389.616	34	364.92	13	370.99	1	381.76	1	381.76
winfred_henson	11	14	436.176	31	402.26	8	409.27	1	427.64	1	427.64
winfred_henson	11	15	404.4	34	357.43	7	371.77	1	396.22	1	396.22
winfred_henson	11	16	422.472	34	380.97	8	390.09	1	414.3	1	414.3
winfred_henson	11	17	255.312	24	227.86	13	232.42	1	247.59	1	247.59
winfred_henson	11	18	517.944	46	482.39	22	493.99	1	510.26	1	510.26
winfred_henson	11	19	296.952	21	272.36	12	280.58	1	288.84	1	288.84
winfred_henson	11	20	544.992	43	504.1	26	513.89	1	537.42	1	537.42
winfred_henson	11	21	355.752	29	323.09	14	327.5	1	347.0	1	347.0
winfred_henson	11	22	554.472	53	507.04	29	515.09	1	544.04	1	544.04
winfred_henson	12	1	249.144	18	228.99	15	229.64	1	239.66	1	239.66
winfred_henson	12	2	306.288	25	274.53	15	277.73	1	298.31	1	298.31
winfred_henson	12	3	301.368	27	286.28	11	290.72	1	293.4	1	293.4
winfred_henson	12	4	488.928	44	451.15	27	461.48	1	481.42	1	481.42
winfred_henson	12	5	341.568	27	321.52	18	328.96	1	333.79	1	333.79
winfred_henson	12	6	375.744	33	350.55	20	354.7	1	368.88	1	368.88
winfred_henson	12	7	283.008	20	266.87	10	268.53	1	274.63	1	274.63
winfred_henson	12	8	385.296	29	347.14	15	350.93	1	377.36	1	377.36
winfred_henson	12	9	463.944	37	435.9	21	440.01	1	455.8	1	455.8
winfred_henson	12	10	465.768	36	415.84	19	426.73	1	458.15	1	458.15
winfred_henson	12	11	270.12	21	242.37	7	245.03	1	262.57	1	262.57
winfred_henson	12	12	247.032	21	229.71	6	233.0	1	239.47	1	239.47
winfred_henson	12	13	329.496	25	300.16	9	306.14	1	320.22	1	320.22
winfred_henson	12	14	340.824	29	306.41	8	310.97	1	332.39	1	332.39
winfred_henson	12	15	446.136	38	393.95	8	403.67	1	437.98	1	437.98
winfred_henson	12	16	243.168	20	219.18	4	229.49	1	234.9	1	234.9
winfred_henson	12	17	459.576	41	430.81	8	442.48	1	450.95	1	450.95
winfred_henson	12	18	446.712	37	419.75	8	426.35	1	438.37	1	438.37
winfred_henson	12	19	445.44	37	406.54	8	415.23	1	436.83	1	436.83
winfred_henson	12	20	287.208	21	259.58	14	261.55	1	279.5	1	279.5
winfred_henson	12	21	277.32	26	253.27	5	257.56	1	269.09	1	269.09
winfred_henson	12	22	254.472	20	229.59	5	232.34	1	246.4	1	246.4
winfred_henson	12	23	517.152	37	474.69	8	487.52	1	509.55	1	509.55
winfred_henson	12	24	246.144	20	218.02	4	232.4	1	238.3	1	238.3
winfred_henson	12	25	386.424	30	352.41	6	365.76	1	376.75	1	376.75
winfred_henson	13	1	480.744	54	425.11	9	442.53	1	472.22	1	472.22
winfred_henson	13	2	507.864	55	455.22	9	478.67	1	501.11	1	501.11
winfred_henson	13	3	242.784	24	220.02	2	230.88	1	235.92	1	235.92
winfred_henson	13	4	443.976	43	401.04	6	420.35	1	437.25	1	437.25
winfred_henson	13	5	284.712	26	258.46	5	262.58	1	277.77	1	277.77
winfred_henson	13	6	630.0	81	586.98	8	611.75	1	622.92	1	622.92
winfred_henson	13	7	447.12	40	409.81	6	419.18	1	441.65	1	441.65
winfred_henson	13	8	293.064	40	262.15	3	285.64	1	286.14	1	286.14
winfred_henson	13	9	431.616	44	393.91	8	403.28	1	423.68	1	423.68
winfred_henson	13	10	163.056	14	139.91	4	154.39	1	155.54	1	155.54
winfred_henson	13	11	422.976	47	388.63	10	397.32	1	414.43	1	414.43
winfred_henson	13	12	443.328	40	417.74	7	427.49	1	434.77	1	434.77
winfred_henson	13	13	146.616	14	131.73	4	133.97	1	139.29	1	139.29
winfred_henson	13	14	160.392	17	143.94	6	146.2	1	152.94	1	152.94
winfred_henson	13	15	331.608	29	301.83	6	316.21	1	322.87	1	322.87
winfred_henson	13	16	339.84	43	314.93	7	321.11	1	332.57	1	332.57
winfred_henson	13	17	295.008	27	276.89	5	282.38	1	287.31	1	287.31
winfred_henson	13	18	174.552	17	159.68	5	161.78	1	167.64	1	167.64
winfred_henson	13	19	228.984	19	211.4	6	214.02	1	220.84	1	220.84
winfred_henson	13	20	118.008	8	103.47	3	105.65	1	110.98	1	110.98
winfred_henson	13	21	344.808	30	314.22	17	317.03	1	337.2	1	337.2
winfred_henson	13	22	226.056	19	207.88	3	217.71	1	218.12	1	218.12
winfred_henson	13	23	323.112	32	284.5	6	296.94	1	315.9	1	315.9
winfred_henson	13	24	245.856	31	224.95	3	232.96	1	238.24	1	238.24
winfred_henson	13	25	254.52	31	235.72	2	245.65	1	245.97	1	245.97
winfred_henson	13	26	328.224	32	302.39	4	310.5	1	320.22	1	320.22
winfred_henson	13	27	354.216	34	321.98	5	330.09	1	345.6	1	345.6
winfred_henson	13	28	321.456	21	304.3	5	307.45	1	313.58	1	313.58
winfred_henson	13	29	415.848	30	383.05	7	388.37	1	405.55	1	405.55
winfred_henson	14	1	217.368	17	192.72	7	195.81	1	207.91	1	207.91
winfred_henson	14	2	257.352	18	240.66	9	242.7	1	250.28	1	250.28
winfred_henson	14	3	201.6	17	175.8	4	193.04	1	194.06	1	194.06
winfred_henson	14	4	253.632	22	220.58	5	235.24	1	245.82	1	245.82
winfred_henson	14	5	188.232	14	170.21	4	173.58	1	180.59	1	180.59
winfred_henson	14	6	500.448	42	478.26	17	484.0	1	493.28	1	493.28
winfred_henson	14	7	318.024	22	290.53	10	293.63	1	311.34	1	311.34
winfred_henson	14	8	207.864	18	196.57	8	198.64	1	200.21	1	200.21
winfred_henson	14	9	325.2	31	302.21	7	307.61	1	318.28	1	318.28
winfred_henson	14	10	212.664	19	196.93	10	198.37	1	205.24	1	205.24
winfred_henson	14	11	221.784	23	193.71	4	198.11	1	214.84	1	214.84
winfred_henson	14	12	203.808	16	179.66	6	184.25	1	195.74	1	195.74
winfred_henson	14	13	259.08	22	235.25	5	244.23	1	250.53	1	250.53
winfred_henson	14	14	175.2	15	162.55	4	165.89	1	166.63	1	166.63
winfred_henson	14	15	204.696	19	186.2	3	191.38	1	196.47	1	196.47
winfred_henson	14	16	195.48	14	176.54	5	178.4	1	187.63	1	187.63
winfred_henson	14	17	187.8	19	175.67	3	178.91	1	179.43	1	179.43
winfred_henson	14	18	399.648	34	372.02	23	373.81	1	391.42	1	391.42
winfred_henson	14	19	140.592	11	125.04	3	126.64	1	132.1	1	132.1
winfred_henson	14	20	446.664	37	402.43	11	412.83	1	438.72	1	438.72
winfred_henson	14	21	250.608	20	222.85	5	231.14	1	242.38	1	242.38
winfred_henson	14	22	191.376	12	162.1	3	177.06	1	183.04	1	183.04
winfred_henson	14	23	296.544	21	271.46	5	276.2	1	288.15	1	288.15
winfred_henson	14	24	370.968	27	333.28	9	338.74	1	363.35	1	363.35
winfred_henson	14	25	379.584	28	344.28	12	347.73	1	371.41	1	371.41
winfred_henson	14	26	294.816	23	271.45	5	275.37	1	287.21	1	287.21
winfred_henson	14	27	98.904	9	87.98	1	91.03	1	91.03	1	91.03
winfred_henson	14	28	360.024	27	325.76	6	329.61	1	351.76	1	351.76
winfred_henson	14	29	445.344	36	419.56	6	429.97	1	437.14	1	437.14
winfred_henson	14	30	342.624	27	325.75	6	328.79	1	334.89	1	334.89
winfred_henson	14	31	294.552	21	267.97	5	276.21	1	287.4	1	287.4
winfred_henson	14	32	408.48	33	373.71	10	378.27	1	401.03	1	401.03
winfred_henson	14	33	289.104	25	264.57	6	268.14	1	280.26	1	280.26
winfred_henson	14	34	440.544	33	399.36	8	411.46	1	432.57	1	432.57
winfred_henson	14	35	344.544	27	322.07	7	330.53	1	336.8	1	336.8
winfred_henson	14	36	311.304	23	267.63	7	272.45	1	300.48	1	300.48
winfred_henson	15	1	163.056	11	141.4	1	154.7	1	154.7	1	154.7
winfred_henson	15	2	500.928	70	434.5	10	461.47	1	493.51	1	493.51
winfred_henson	15	3	207.216	13	191.05	4	193.25	1	199.44	1	199.44
winfred_henson	15	4	290.28	24	266.69	9	276.34	1	283.17	1	283.17
winfred_henson	15	5	202.08	17	186.37	4	188.7	1	194.74	1	194.74
winfred_henson	15	6	306.744	22	281.58	6	284.34	1	299.63	1	299.63
winfred_henson	15	7	329.376	28	306.72	4	311.25	1	322.23	1	322.23
winfred_henson	15	8	394.728	36	359.7	6	375.49	1	386.54	1	386.54
winfred_henson	15	9	234.0	15	217.92	5	220.21	1	226.17	1	226.17
winfred_henson	15	10	461.616	44	421.23	8	444.27	1	451.5	1	451.5
winfred_henson	16	1	147.0	11	138.29	5	138.74	1	139.51	1	139.51
winfred_henson	16	2	242.136	20	224.97	11	227.53	1	234.72	1	234.72
winfred_henson	16	3	323.424	32	308.55	7	314.72	1	316.17	1	316.17
winfred_henson	16	4	251.232	23	233.22	10	241.38	1	244.12	1	244.12
winfred_henson	16	5	242.424	19	226.02	5	228.75	1	234.67	1	234.67
winfred_henson	16	6	217.68	19	200.2	7	203.59	1	209.9	1	209.9
winfred_henson	16	7	553.272	73	488.85	11	519.41	1	546.54	1	546.54
winfred_henson	16	8	268.632	18	249.35	7	251.27	1	261.85	1	261.85
winfred_henson	16	9	531.24	38	513.59	11	520.28	1	523.1	1	523.1
winfred_henson	16	10	314.664	39	291.81	3	302.41	1	307.94	1	307.94
winfred_henson	16	11	334.368	36	313.35	8	324.26	1	326.89	1	326.89
winfred_henson	16	12	472.896	47	433.33	8	448.39	1	464.9	1	464.9
winfred_henson	16	13	361.944	31	328.98	9	332.14	1	352.28	1	352.28
winfred_henson	17	1	263.544	22	240.56	8	243.94	1	255.67	1	255.67
winfred_henson	17	2	286.536	23	259.55	8	272.86	1	279.07	1	279.07
winfred_henson	17	3	208.584	15	197.58	4	200.24	1	201.1	1	201.1
winfred_henson	17	4	182.328	17	165.21	5	168.06	1	174.58	1	174.58
winfred_henson	17	5	172.296	14	157.26	9	158.25	1	164.99	1	164.99
winfred_henson	17	6	174.12	14	158.79	8	159.93	1	167.01	1	167.01
winfred_henson	17	7	125.976	10	112.75	7	113.21	1	118.61	1	118.61
winfred_henson	17	8	230.88	17	214.84	5	218.17	1	223.96	1	223.96
winfred_henson	17	9	370.464	32	344.22	9	354.88	1	362.58	1	362.58
winfred_henson	17	10	42.528	3	31.39	1	31.92	1	31.92	1	31.92
winfred_henson	18	1	246.336	22	233.26	10	236.44	1	240.6	1	240.6
winfred_henson	18	2	159.36	13	150.84	7	152.54	1	155.63	1	155.63
winfred_henson	18	3	157.56	26	148.92	3	153.2	1	153.87	1	153.87
winfred_henson	18	4	146.352	21	136.36	3	141.12	1	141.89	1	141.89
winfred_henson	18	5	171.264	27	162.07	3	166.02	1	166.57	1	166.57
winfred_henson	18	6	183.456	30	171.47	4	178.18	1	178.77	1	178.77
winfred_henson	18	7	141.768	21	131.86	2	137.01	1	137.23	1	137.23
winfred_henson	18	8	134.064	22	124.91	4	128.59	1	129.53	1	129.53
winfred_henson	18	9	211.224	35	195.61	4	204.45	1	206.41	1	206.41
winfred_henson	18	10	146.28	22	136.5	3	140.82	1	141.44	1	141.44
winfred_henson	18	11	167.52	20	157.44	3	161.94	1	162.7	1	162.7
winfred_henson	18	12	158.544	25	147.19	3	153.18	1	153.84	1	153.84
winfred_henson	18	13	159.624	28	146.5	4	153.75	1	154.79	1	154.79
winfred_henson	18	14	153.456	22	142.08	4	147.54	1	148.54	1	148.54
winfred_henson	18	15	219.144	35	206.63	3	213.82	1	214.32	1	214.32
winfred_henson	18	16	142.56	22	132.97	3	137.09	1	137.63	1	137.63
winfred_henson	18	17	101.64	16	92.9	3	96.26	1	96.65	1	96.65
winfred_henson	18	18	124.056	21	113.77	2	118.53	1	119.03	1	119.03
winfred_henson	18	19	176.016	29	163.87	6	169.08	1	171.07	1	171.07
winfred_henson	18	20	241.056	29	225.4	3	235.66	1	236.36	1	236.36
winfred_henson	18	21	191.064	34	176.71	5	185.02	1	186.28	1	186.28
winfred_henson	18	22	183.192	30	170.82	3	177.57	1	178.26	1	178.26
winfred_henson	18	23	105.888	17	95.65	3	99.69	1	100.66	1	100.66
winfred_henson	18	24	174.288	25	164.33	3	169.1	1	169.56	1	169.56
winfred_henson	18	25	37.488	6	30.96	1	32.27	1	32.27	1	32.27
winfred_henson	18	26	83.712	14	74.47	2	78.43	1	78.79	1	78.79
winfred_henson	18	27	138.096	23	126.46	4	132.03	1	133.22	1	133.22
winfred_henson	18	28	168.744	28	156.49	3	162.96	1	163.95	1	163.95
winfred_henson	18	29	144.264	25	133.12	2	139.03	1	139.36	1	139.36
winfred_henson	18	30	200.976	31	187.38	4	195.3	1	196.36	1	196.36
winfred_henson	18	31	248.64	40	232.43	3	243.07	1	243.86	1	243.86
winfred_henson	18	32	145.056	22	136.35	4	139.09	1	140.26	1	140.26
winfred_henson	18	33	199.104	33	186.73	6	192.18	1	194.22	1	194.22
winfred_henson	18	34	223.464	37	210.8	5	217.52	1	218.38	1	218.38
winfred_henson	18	35	95.952	16	87.2	2	90.59	1	90.85	1	90.85
winfred_henson	18	36	191.832	33	181.26	5	186.0	1	186.75	1	186.75
winfred_henson	18	37	142.224	24	131.46	3	136.71	1	137.31	1	137.31
winfred_henson	18	38	283.296	41	264.98	10	273.63	1	277.77	1	277.77
winfred_henson	18	39	229.584	30	216.14	6	224.71	1	226.01	1	226.01
winfred_henson	18	40	170.472	24	156.85	6	163.93	1	165.86	1	165.86
winfred_henson	18	41	232.224	34	212.93	4	226.03	1	227.3	1	227.3
winfred_henson	18	42	185.328	17	172.6	5	176.3	1	177.81	1	177.81
winfred_henson	19	1	53.376	6	43.22	1	45.05	1	45.05	1	45.05
winfred_henson	19	2	84.24	12	76.47	1	79.31	1	79.31	1	79.31
winfred_henson	19	3	62.64	8	50.91	1	53.31	1	53.31	1	53.31
winfred_henson	19	4	67.632	8	55.05	1	57.59	1	57.59	1	57.59
winfred_henson	19	5	103.152	12	89.56	1	92.87	1	92.87	1	92.87
winfred_henson	19	6	78.888	10	63.08	1	66.17	1	66.17	1	66.17
winfred_henson	19	7	138.0	17	121.28	1	126.12	1	126.12	1	126.12
winfred_henson	19	8	68.448	9	55.88	1	57.68	1	57.68	1	57.68
winfred_henson	19	9	147.936	20	130.17	1	135.88	1	135.88	1	135.88
winfred_henson	19	10	133.152	18	123.6	2	127.8	1	128.27	1	128.27
winfred_henson	19	11	59.712	7	49.78	1	51.75	1	51.75	1	51.75
winfred_henson	19	12	69.456	8	56.02	1	58.28	1	58.28	1	58.28
winfred_henson	19	13	50.76	6	39.95	2	41.09	1	41.37	1	41.37
winfred_henson	19	14	64.8	7	54.24	1	56.33	1	56.33	1	56.33
winfred_henson	19	15	50.04	5	41.11	1	42.57	1	42.57	1	42.57
winfred_henson	19	16	88.272	11	78.06	3	80.09	1	80.65	1	80.65
winfred_henson	19	17	121.344	15	109.69	1	113.58	1	113.58	1	113.58
winfred_henson	19	18	359.64	50	329.01	1	339.84	1	339.84	1	339.84
winfred_henson	19	19	116.424	14	104.35	3	106.51	1	107.24	1	107.24
winfred_henson	19	20	66.984	9	55.41	1	58.29	1	58.29	1	58.29
winfred_henson	19	21	93.6	13	80.88	1	84.56	1	84.56	1	84.56
winfred_henson	19	22	236.544	31	216.44	4	224.07	1	224.66	1	224.66
winfred_henson	19	23	51.384	6	42.06	1	43.77	1	43.77	1	43.77
winfred_henson	19	24	78.0	10	67.24	3	69.67	1	70.44	1	70.44
winfred_henson	19	25	138.48	22	124.2	3	130.42	1	131.47	1	131.47
winfred_henson	19	26	78.216	12	67.77	2	70.75	1	71.22	1	71.22
winfred_henson	19	27	134.256	14	122.8	2	127.18	1	127.5	1	127.5
winfred_henson	19	28	86.04	9	74.99	2	78.55	1	79.16	1	79.16
winfred_henson	19	29	85.344	11	73.65	3	76.85	1	77.72	1	77.72
winfred_henson	19	30	102.12	12	87.27	1	91.36	1	91.36	1	91.36
winfred_henson	19	31	204.048	24	187.02	1	194.67	1	194.67	1	194.67
winfred_henson	19	32	98.064	11	84.39	1	88.63	1	88.63	1	88.63
winfred_henson	19	33	142.488	22	130.3	1	137.08	1	137.08	1	137.08
winfred_henson	19	34	141.984	22	120.64	2	128.45	1	128.84	1	128.84
winfred_henson	19	35	215.664	28	200.81	4	207.78	1	208.58	1	208.58
winfred_henson	19	36	96.288	12	82.72	2	85.52	1	85.93	1	85.93
winfred_henson	19	37	268.44	40	248.74	4	260.55	1	261.74	1	261.74
winfred_henson	19	38	148.296	22	132.48	1	139.36	1	139.36	1	139.36
winfred_henson	19	39	116.448	13	101.68	1	105.33	1	105.33	1	105.33
winfred_henson	19	40	168.72	17	153.48	1	159.35	1	159.35	1	159.35
winfred_henson	19	41	104.88	13	90.65	3	95.0	1	95.79	1	95.79
winfred_henson	19	42	117.984	11	102.54	2	105.52	1	105.82	1	105.82
winfred_henson	19	43	55.608	5	48.82	1	50.13	1	50.13	1	50.13
winfred_henson	19	44	180.456	26	161.61	2	169.03	1	169.03	1	169.03
winfred_henson	19	45	141.888	17	123.08	1	127.95	1	127.95	1	127.95
winfred_henson	19	46	87.336	11	72.36	3	75.17	1	76.18	1	76.18
winfred_henson	19	47	68.664	9	54.84	1	58.52	1	58.52	1	58.52
winfred_henson	19	48	102.192	14	89.44	1	92.67	1	92.67	1	92.67
winfred_henson	19	49	137.664	20	122.1	2	127.2	1	127.53	1	127.53
winfred_henson	19	50	161.04	23	146.28	4	152.03	1	152.74	1	152.74
winfred_henson	19	51	140.424	19	122.9	2	126.22	1	126.22	1	126.22
winfred_henson	19	52	79.176	9	62.11	1	63.99	1	63.99	1	63.99
winfred_henson	19	53	67.56	6	54.27	1	55.46	1	55.46	1	55.46
winfred_henson	19	54	59.592	7	40.22	1	42.07	1	42.07	1	42.07
winfred_henson	19	55	171.6	23	153.61	3	159.22	1	159.95	1	159.95
winfred_henson	19	56	103.152	13	82.82	1	86.8	1	86.8	1	86.8
winfred_henson	19	57	106.488	11	88.36	2	90.85	1	91.3	1	91.3
winfred_henson	19	58	88.104	11	73.72	1	75.34	1	75.34	1	75.34
winfred_henson	19	59	150.432	17	129.77	2	133.09	1	133.35	1	133.35
winfred_henson	19	60	101.592	12	77.21	3	79.61	1	80.08	1	80.08
winfred_henson	19	61	58.32	8	46.7	1	48.12	1	48.12	1	48.12
winfred_henson	19	62	101.76	12	86.5	1	90.58	1	90.58	1	90.58
winfred_henson	19	63	83.664	11	71.43	1	74.17	1	74.17	1	74.17
winfred_henson	19	64	80.064	10	67.89	1	69.82	1	69.82	1	69.82
winfred_henson	19	65	112.632	13	98.15	1	101.87	1	101.87	1	101.87
winfred_henson	19	66	131.688	20	115.67	1	121.28	1	121.28	1	121.28
winfred_henson	19	67	56.256	7	42.36	1	43.69	1	43.69	1	43.69
winfred_henson	19	68	291.0	35	270.5	4	278.35	1	279.73	1	279.73
winfred_henson	19	69	274.632	36	249.32	1	262.52	1	262.52	1	262.52
winfred_henson	19	70	52.248	5	40.62	1	42.13	1	42.13	1	42.13
winfred_henson	19	71	179.976	24	165.97	1	174.39	1	174.39	1	174.39
winfred_henson	19	72	153.168	20	138.81	3	144.77	1	146.08	1	146.08
winfred_henson	19	73	176.904	28	158.9	1	167.16	1	167.16	1	167.16
winfred_henson	19	74	168.264	23	153.31	3	159.34	1	160.14	1	160.14
winfred_henson	19	75	81.912	10	66.06	3	66.79	1	67.41	1	67.41
winfred_henson	19	76	87.96	12	72.14	1	74.74	1	74.74	1	74.74
winfred_henson	19	77	140.904	20	125.37	2	129.07	1	129.46	1	129.46
winfred_henson	19	78	466.176	72	440.35	1	457.95	1	457.95	1	457.95
winfred_henson	19	79	110.424	13	98.3	1	102.24	1	102.24	1	102.24
winfred_henson	19	80	136.176	19	117.12	3	122.63	1	123.66	1	123.66
winfred_henson	19	81	115.248	16	98.91	2	104.36	1	104.36	1	104.36
winfred_henson	19	82	58.32	8	48.28	2	50.42	1	50.42	1	50.42
winfred_henson	19	83	121.056	18	107.81	1	111.63	1	111.63	1	111.63
winfred_henson	19	84	97.152	12	82.51	1	85.07	1	85.07	1	85.07
winfred_henson	19	85	87.888	13	74.76	1	78.09	1	78.09	1	78.09
winfred_henson	19	86	128.712	17	116.91	1	121.14	1	121.14	1	121.14
winfred_henson	19	87	51.336	7	40.87	1	42.17	1	42.17	1	42.17
winfred_henson	19	88	133.272	18	109.22	1	114.8	1	114.8	1	114.8
winfred_henson	19	89	341.808	52	318.52	5	331.35	1	333.0	1	333.0
winfred_henson	19	90	124.656	17	109.42	1	114.14	1	114.14	1	114.14
winfred_henson	19	91	107.904	16	97.83	1	102.49	1	102.49	1	102.49
winfred_henson	19	92	101.04	15	88.15	1	91.48	1	91.48	1	91.48
winfred_henson	19	93	45.648	5	39.17	1	40.32	1	40.32	1	40.32
winfred_henson	19	94	143.448	23	130.52	1	137.97	1	137.97	1	137.97
winfred_henson	19	95	75.888	11	68.31	1	70.28	1	70.28	1	70.28
winfred_henson	19	96	100.968	13	92.17	1	95.25	1	95.25	1	95.25
winfred_henson	19	97	90.744	12	81.79	1	85.34	1	85.34	1	85.34
winfred_henson	19	98	77.952	9	68.7	1	71.09	1	71.09	1	71.09
winfred_henson	19	99	76.296	9	67.89	3	70.15	1	70.94	1	70.94
winfred_henson	19	100	45.0	5	36.78	1	37.55	1	37.55	1	37.55
winfred_henson	19	101	72.36	8	62.41	1	64.92	1	64.92	1	64.92
winfred_henson	19	102	186.696	28	167.36	3	174.31	1	174.92	1	174.92
winfred_henson	19	103	149.952	22	135.83	1	143.05	1	143.05	1	143.05
winfred_henson	19	104	231.72	35	214.29	1	226.38	1	226.38	1	226.38
winfred_henson	19	105	252.552	45	234.92	1	246.69	1	246.69	1	246.69
winfred_henson	19	106	309.624	48	288.73	5	302.13	1	303.78	1	303.78
winfred_henson	19	107	255.216	43	235.35	10	244.81	1	247.92	1	247.92
winfred_henson	19	108	94.248	13	80.07	1	84.74	1	84.74	1	84.74
winfred_henson	19	109	210.144	31	189.88	2	199.62	1	200.17	1	200.17
winfred_henson	19	110	59.472	7	48.62	1	51.73	1	51.73	1	51.73
winfred_henson	19	111	76.008	10	66.8	1	70.61	1	70.61	1	70.61
winfred_henson	19	112	76.776	10	68.14	1	70.92	1	70.92	1	70.92
winfred_henson	19	113	56.496	9	47.51	1	50.74	1	50.74	1	50.74
winfred_henson	19	114	49.776	8	43.11	1	45.13	1	45.13	1	45.13
winfred_henson	19	115	114.072	18	101.14	1	108.16	1	108.16	1	108.16
winfred_henson	19	116	115.032	19	101.85	1	108.98	1	108.98	1	108.98
winfred_henson	19	117	20.712	2	14.37	1	14.37	1	14.37	1	14.37
winfred_henson	19	118	192.792	29	175.53	1	186.7	1	186.7	1	186.7
winfred_henson	19	119	1008.264	176	922.37	1	1002.02	22	991.22	1	1002.02
winfred_henson	19	120	41.688	7	31.3	1	33.52	1	33.52	1	33.52
winfred_henson	19	121	49.944	8	38.77	2	41.22	1	41.53	1	41.53
winfred_henson	19	122	58.416	9	46.16	1	49.03	1	49.03	1	49.03
winfred_henson	19	123	42.048	4	32.73	1	33.95	1	33.95	1	33.95
winfred_henson	19	124	52.92	8	41.44	1	43.51	1	43.51	1	43.51
winfred_henson	19	125	44.952	5	35.89	1	37.02	1	37.02	1	37.02
winfred_henson	19	126	44.112	6	34.18	1	35.97	1	35.97	1	35.97
winfred_henson	19	127	48.144	5	37.39	1	38.46	1	38.46	1	38.46
winfred_henson	19	128	45.72	6	35.41	1	37.59	1	37.59	1	37.59
winfred_henson	19	129	55.68	8	45.23	1	47.25	1	47.25	1	47.25
winfred_henson	19	130	55.32	8	45.1	1	47.31	1	47.31	1	47.31
winfred_henson	19	131	35.472	3	25.29	1	25.91	1	25.91	1	25.91
winfred_henson	19	132	113.808	18	101.16	1	105.62	1	105.62	1	105.62
winfred_henson	19	133	33.384	3	22.23	1	22.64	1	22.64	1	22.64
winfred_henson	19	134	24.792	3	16.09	1	16.55	1	16.55	1	16.55
winfred_henson	19	135	140.112	21	128.67	2	133.49	1	133.85	1	133.85
winfred_henson	19	136	165.456	26	151.17	1	159.44	1	159.44	1	159.44
winfred_henson	19	137	67.896	9	60.02	1	62.05	1	62.05	1	62.05
winfred_henson	19	138	70.92	8	61.17	1	63.4	1	63.4	1	63.4
winfred_henson	19	139	163.2	24	145.54	1	152.87	1	152.87	1	152.87
winfred_henson	19	140	107.064	13	93.45	1	96.96	1	96.96	1	96.96
winfred_henson	19	141	84.6	10	73.97	1	76.49	1	76.49	1	76.49
winfred_henson	19	142	69.12	7	55.7	1	57.68	1	57.68	1	57.68
winfred_henson	19	143	107.64	12	96.37	1	99.69	1	99.69	1	99.69
winfred_henson	19	144	125.664	15	113.64	2	118.15	1	118.23	1	118.23
winfred_henson	19	145	146.664	21	129.65	1	137.59	1	137.59	1	137.59
winfred_henson	19	146	80.616	10	71.67	1	74.5	1	74.5	1	74.5
winfred_henson	19	147	127.512	20	116.17	1	121.24	1	121.24	1	121.24
winfred_henson	19	148	97.032	14	87.93	1	91.07	1	91.07	1	91.07
winfred_henson	19	149	62.256	9	54.78	1	56.05	1	56.05	1	56.05
winfred_henson	19	150	46.824	6	37.51	1	38.61	1	38.61	1	38.61
winfred_henson	20	1	241.92	33	198.98	3	220.28	1	228.37	1	228.37
winfred_henson	20	2	130.344	22	114.63	1	120.7	1	120.7	1	120.7
winfred_henson	20	3	236.76	35	206.76	3	220.69	1	227.18	1	227.18
winfred_henson	20	4	192.936	27	168.36	3	180.65	1	182.29	1	182.29
winfred_henson	20	5	156.576	23	137.43	3	145.25	1	146.57	1	146.57
winfred_henson	20	6	252.888	35	214.09	5	228.77	1	242.42	1	242.42
winfred_henson	20	7	177.528	27	156.97	2	166.26	1	166.93	1	166.93
winfred_henson	20	8	258.864	36	227.99	4	246.35	1	248.43	1	248.43
winfred_henson	20	9	135.36	18	112.04	3	119.26	1	125.58	1	125.58
winfred_henson	20	10	300.672	32	203.95	1	291.03	1	291.03	1	291.03
winfred_henson	20	11	280.032	31	211.94	1	273.9	1	273.9	1	273.9
winfred_henson	20	12	273.84	28	185.64	1	263.77	1	263.77	1	263.77
winfred_henson	20	13	246.888	25	168.67	1	240.39	1	240.39	1	240.39
winfred_henson	20	14	332.904	35	223.1	1	326.17	1	326.17	1	326.17
winfred_henson	20	15	312.648	33	212.45	1	306.46	1	306.46	1	306.46
winfred_henson	20	16	311.136	33	206.58	1	304.68	1	304.68	1	304.68
winfred_henson	20	17	278.328	28	188.89	1	271.95	1	271.95	1	271.95
winfred_henson	20	18	218.52	24	145.78	1	211.23	1	211.23	1	211.23
winfred_henson	20	19	285.336	29	193.76	1	279.67	1	279.67	1	279.67
winfred_henson	20	20	279.168	30	185.85	1	274.0	1	274.0	1	274.0
winfred_henson	20	21	285.936	31	186.63	1	280.18	1	280.18	1	280.18
winfred_henson	20	22	246.096	29	170.68	7	221.77	1	240.32	1	240.32
winfred_henson	20	23	258.36	35	204.65	6	236.91	1	252.58	1	252.58
winfred_henson	20	24	275.112	34	210.21	3	262.44	1	267.37	1	267.37
winfred_henson	20	25	242.784	28	175.8	2	234.42	1	237.6	1	237.6
winfred_henson	20	26	257.112	28	174.47	1	246.62	1	246.62	1	246.62
winfred_henson	20	27	241.896	27	168.6	3	229.46	1	235.7	1	235.7
winfred_henson	20	28	285.0	28	196.38	1	278.68	1	278.68	1	278.68
winfred_henson	20	29	267.048	27	179.07	1	259.91	1	259.91	1	259.91
winfred_henson	20	30	304.584	33	248.09	14	260.02	1	297.74	1	297.74
winfred_henson	20	31	198.864	31	176.17	3	186.33	1	190.16	1	190.16
winfred_henson	21	1	149.736	18	135.14	3	140.08	1	141.3	1	141.3
winfred_henson	21	2	268.56	26	255.24	5	262.77	1	264.19	1	264.19
winfred_henson	21	3	192.288	22	178.1	4	185.75	1	187.75	1	187.75
winfred_henson	21	4	145.776	16	134.76	5	139.13	1	141.26	1	141.26
winfred_henson	21	5	196.632	20	183.19	6	188.38	1	190.54	1	190.54
winfred_henson	21	6	118.248	12	109.59	2	113.19	1	113.71	1	113.71
winfred_henson	21	7	229.344	29	215.25	7	222.71	1	224.92	1	224.92
winfred_henson	21	8	170.28	17	159.52	5	164.07	1	165.89	1	165.89
winfred_henson	21	9	204.312	18	193.86	4	198.21	1	199.47	1	199.47
winfred_henson	21	10	157.944	20	146.79	4	151.79	1	153.32	1	153.32
winfred_henson	21	11	102.12	10	93.79	1	97.44	1	97.44	1	97.44
winfred_henson	21	12	147.24	14	134.39	3	138.74	1	139.99	1	139.99
winfred_henson	22	1	141.624	17	130.82	2	135.22	1	135.32	1	135.32
winfred_henson	22	2	143.52	17	131.14	3	136.47	1	136.78	1	136.78
winfred_henson	22	3	105.672	11	97.16	4	99.49	1	100.9	1	100.9
winfred_henson	22	4	152.544	16	142.62	4	146.42	1	147.29	1	147.29
winfred_henson	22	5	162.744	16	154.69	2	158.38	1	158.75	1	158.75
winfred_henson	22	6	117.6	13	109.17	5	110.91	1	112.15	1	112.15
winfred_henson	22	7	117.216	13	108.01	1	112.68	1	112.68	1	112.68
winfred_henson	22	8	142.8	14	129.0	4	134.13	1	135.49	1	135.49
winfred_henson	23	1	308.736	31	291.88	5	299.52	1	301.69	1	301.69
winfred_henson	23	2	197.736	22	187.69	3	192.75	1	193.41	1	193.41
winfred_henson	23	3	213.96	26	204.53	4	208.49	1	209.44	1	209.44
winfred_henson	23	4	72.72	6	67.03	2	67.82	1	68.24	1	68.24
winfred_henson	23	5	321.336	30	306.15	7	314.05	1	316.49	1	316.49
winfred_henson	23	6	155.208	13	145.63	6	148.52	1	150.53	1	150.53
winfred_henson	23	7	263.304	25	248.56	9	254.81	1	258.26	1	258.26
winfred_henson	23	8	226.368	22	215.74	7	219.82	1	221.9	1	221.9
winfred_henson	23	9	237.6	21	227.4	6	231.74	1	233.06	1	233.06
winfred_henson	23	10	344.064	34	329.89	9	336.34	1	339.53	1	339.53
winfred_henson	23	11	171.168	16	162.12	4	165.38	1	166.39	1	166.39
winfred_henson	23	12	59.4	6	53.3	1	54.54	1	54.54	1	54.54
winfred_henson	23	13	218.688	22	207.79	4	212.59	1	214.6	1	214.6
winfred_henson	23	14	311.112	32	296.73	10	302.95	1	306.1	1	306.1
winfred_henson	23	15	103.224	9	97.33	2	98.95	1	99.25	1	99.25
winfred_henson	23	16	165.648	14	156.97	3	160.01	1	160.65	1	160.65
winfred_henson	23	17	152.472	14	144.88	4	147.27	1	148.4	1	148.4
winfred_henson	23	18	96.312	7	89.92	2	91.47	1	91.47	1	91.47
winfred_henson	23	19	263.232	25	251.1	7	256.85	1	259.32	1	259.32
winfred_henson	23	20	87.048	6	80.35	1	82.27	1	82.27	1	82.27
winfred_henson	23	21	177.816	17	166.79	7	169.28	1	173.57	1	173.57
winfred_henson	23	22	250.44	25	239.47	6	245.14	1	246.4	1	246.4
winfred_henson	23	23	182.088	18	173.49	4	177.15	1	178.18	1	178.18
winfred_henson	23	24	223.728	23	212.05	4	218.1	1	219.03	1	219.03
winfred_henson	23	25	139.92	12	131.53	4	133.81	1	134.89	1	134.89
winfred_henson	23	26	209.952	21	198.94	5	203.64	1	204.96	1	204.96
winfred_henson	23	27	155.064	13	146.18	5	148.28	1	149.93	1	149.93
winfred_henson	23	28	304.92	29	290.49	6	297.95	1	300.0	1	300.0
winfred_henson	23	29	285.312	24	273.52	7	278.4	1	280.39	1	280.39
winfred_henson	23	30	377.328	33	363.94	7	370.15	1	372.83	1	372.83
winfred_henson	23	31	120.36	9	113.04	3	114.84	1	115.47	1	115.47
winfred_henson	23	32	170.592	20	160.31	3	165.3	1	165.96	1	165.96
winfred_henson	23	33	240.96	24	228.72	7	234.09	1	236.14	1	236.14
winfred_henson	23	34	188.16	17	176.8	3	182.0	1	183.18	1	183.18
winfred_henson	23	35	110.16	10	102.47	3	104.22	1	105.01	1	105.01
winfred_henson	23	36	260.328	22	249.04	6	253.63	1	255.34	1	255.34
winfred_henson	23	37	423.144	38	406.0	10	414.15	1	418.36	1	418.36
winfred_henson	23	38	236.664	22	222.72	5	229.9	1	232.46	1	232.46
winfred_henson	23	39	108.0	8	100.75	4	102.09	1	102.81	1	102.81
winfred_henson	23	40	309.192	31	294.27	8	301.47	1	304.56	1	304.56
winfred_henson	23	41	335.568	29	320.92	6	328.76	1	330.72	1	330.72
winfred_henson	23	42	270.552	25	256.28	8	262.16	1	265.44	1	265.44
winfred_henson	23	43	277.368	28	264.32	7	270.44	1	272.37	1	272.37
winfred_henson	23	44	340.344	28	329.07	8	333.49	1	335.61	1	335.61
winfred_henson	23	45	311.568	25	299.08	8	303.71	1	306.57	1	306.57
winfred_henson	23	46	141.048	13	131.39	5	134.15	1	135.98	1	135.98
winfred_henson	23	47	179.712	15	170.94	5	173.2	1	174.74	1	174.74
winfred_henson	23	48	235.416	22	225.34	8	228.17	1	230.66	1	230.66
winfred_henson	23	49	313.008	26	300.25	6	306.13	1	308.01	1	308.01
winfred_henson	23	50	145.44	11	136.83	3	139.82	1	140.92	1	140.92
winfred_henson	23	51	280.248	23	268.71	7	273.0	1	275.36	1	275.36
winfred_henson	23	52	161.616	15	153.19	7	155.37	1	156.79	1	156.79
winfred_henson	23	53	142.392	12	133.9	4	136.26	1	137.32	1	137.32
winfred_henson	23	54	184.944	17	175.17	6	178.08	1	180.13	1	180.13
winfred_henson	23	55	146.928	13	138.54	3	141.18	1	141.69	1	141.69
winfred_henson	23	56	137.976	12	130.37	5	132.08	1	133.1	1	133.1
winfred_henson	23	57	215.28	21	204.46	4	208.93	1	210.23	1	210.23
winfred_henson	23	58	191.832	14	183.36	5	185.95	1	186.9	1	186.9
winfred_henson	23	59	238.344	21	227.72	6	231.66	1	233.25	1	233.25
winfred_henson	23	60	251.568	22	240.82	6	245.35	1	247.02	1	247.02
winfred_henson	23	61	144.528	11	137.11	3	139.08	1	139.68	1	139.68
winfred_henson	23	62	135.528	12	127.48	4	129.74	1	130.79	1	130.79
winfred_henson	23	63	207.792	19	197.93	6	201.08	1	202.8	1	202.8
winfred_henson	23	64	122.904	12	115.15	2	117.68	1	118.08	1	118.08
winfred_henson	23	65	293.928	25	282.46	7	286.88	1	288.89	1	288.89
winfred_henson	23	66	318.696	24	304.86	11	307.75	1	311.09	1	311.09
winfred_henson	24	1	210.0	19	197.57	9	201.46	1	203.1	1	203.1
winfred_henson	24	2	421.968	37	404.59	2	417.16	1	417.62	1	417.62
winfred_henson	24	3	300.144	25	288.14	8	293.29	1	295.64	1	295.64
winfred_henson	24	4	330.504	31	316.66	9	322.52	1	326.1	1	326.1
winfred_henson	24	5	338.64	31	326.28	13	330.47	1	333.91	1	333.91
winfred_henson	24	6	321.36	30	309.06	8	314.51	1	316.58	1	316.58
winfred_henson	24	7	352.344	34	339.63	8	345.76	1	347.86	1	347.86
winfred_henson	24	8	274.848	22	265.03	6	268.68	1	270.49	1	270.49
winfred_henson	24	9	305.352	26	293.03	10	297.01	1	300.5	1	300.5
winfred_henson	24	10	255.696	25	244.02	2	250.96	1	251.11	1	251.11
winfred_henson	24	11	273.072	23	263.25	8	266.79	1	268.41	1	268.41
winfred_henson	24	12	202.128	17	193.61	3	196.66	1	197.31	1	197.31
winfred_henson	24	13	283.704	27	271.25	9	276.58	1	278.77	1	278.77
winfred_henson	24	14	273.288	22	263.09	7	266.4	1	268.48	1	268.48
winfred_henson	24	15	260.592	21	248.75	6	253.62	1	255.56	1	255.56
winfred_henson	24	16	260.568	21	251.97	7	254.86	1	256.9	1	256.9
winfred_henson	24	17	330.192	27	316.1	6	322.86	1	324.87	1	324.87
winfred_henson	24	18	231.24	23	221.36	6	224.34	1	226.34	1	226.34
winfred_henson	24	19	191.64	15	183.95	4	185.86	1	186.57	1	186.57
winfred_henson	24	20	216.576	18	208.16	2	211.71	1	212.0	1	212.0
winfred_henson	24	21	178.512	14	169.84	4	172.61	1	173.65	1	173.65
winfred_henson	24	22	314.424	30	302.31	8	308.27	1	309.65	1	309.65
winfred_henson	24	23	437.448	40	421.58	10	428.66	1	432.5	1	432.5
winfred_henson	24	24	131.64	10	124.25	4	125.91	1	126.73	1	126.73
winfred_henson	24	25	407.664	38	393.04	11	399.86	1	402.39	1	402.39
winfred_henson	24	26	264.024	24	253.53	9	257.02	1	258.88	1	258.88
winfred_henson	24	27	269.736	22	258.72	4	263.62	1	264.92	1	264.92
winfred_henson	24	28	195.84	17	186.38	6	188.95	1	190.94	1	190.94
winfred_henson	24	29	366.552	32	354.66	2	361.08	1	361.58	1	361.58
winfred_henson	24	30	260.256	24	249.46	4	254.25	1	255.53	1	255.53
winfred_henson	24	31	467.592	40	452.98	15	457.81	1	462.8	1	462.8
winfred_henson	24	32	478.608	44	463.81	11	471.45	1	473.86	1	473.86
winfred_henson	24	33	293.448	26	282.27	6	286.79	1	288.46	1	288.46
winfred_henson	24	34	296.496	22	286.81	7	289.62	1	291.64	1	291.64
winfred_henson	24	35	238.776	19	230.55	6	232.31	1	233.88	1	233.88
winfred_henson	24	36	384.936	32	374.53	11	377.55	1	380.09	1	380.09
winfred_henson	24	37	210.672	21	202.43	11	203.9	1	205.75	1	205.75
winfred_henson	24	38	311.904	28	299.91	18	302.55	1	306.83	1	306.83
winfred_henson	24	39	199.824	18	190.62	6	193.18	1	194.8	1	194.8
winfred_henson	24	40	227.928	16	220.57	7	221.91	1	223.41	1	223.41
winfred_henson	24	41	226.08	18	218.4	6	219.99	1	221.2	1	221.2
winfred_henson	24	42	238.752	22	231.04	6	232.79	1	233.98	1	233.98
winfred_henson	24	43	164.664	13	157.1	3	159.4	1	159.74	1	159.74
winfred_henson	24	44	417.768	30	407.22	9	411.09	1	412.87	1	412.87
winfred_henson	24	45	57.84	5	51.77	2	52.54	1	52.73	1	52.73
winfred_henson	24	46	310.08	28	299.26	7	304.54	1	306.03	1	306.03
winfred_henson	24	47	83.136	7	76.34	4	76.92	1	78.07	1	78.07
winfred_henson	24	48	442.968	47	430.19	9	436.16	1	438.83	1	438.83
winfred_henson	24	49	435.12	39	417.89	9	424.76	1	430.05	1	430.05
winfred_henson	24	50	549.792	46	535.15	10	542.16	1	545.0	1	545.0
winfred_henson	24	51	686.016	64	666.11	21	676.06	1	681.02	1	681.02
winfred_henson	24	52	375.552	34	360.2	11	365.18	1	367.89	1	367.89
winfred_henson	25	1	297.864	22	285.58	22	285.58	1	290.36	1	290.36
winfred_henson	25	2	316.656	22	305.88	22	305.88	1	312.01	1	312.01
winfred_henson	25	3	340.248	66	318.66	23	328.92	1	334.35	1	334.35
winfred_henson	25	4	213.072	22	204.71	22	204.71	1	208.58	1	208.58
winfred_henson	25	5	127.224	22	115.16	2	121.86	1	122.35	1	122.35
winfred_henson	26	1	280.872	28	265.88	8	271.34	1	273.96	1	273.96
winfred_henson	26	2	127.248	10	120.54	3	122.32	1	122.63	1	122.63
winfred_henson	26	3	308.64	27	296.48	11	300.69	1	303.88	1	303.88
winfred_henson	26	4	228.0	17	217.83	7	220.97	1	223.21	1	223.21
winfred_henson	26	5	236.52	17	227.2	5	230.0	1	231.54	1	231.54
winfred_henson	26	6	188.28	14	180.15	3	183.05	1	183.42	1	183.42
winfred_henson	26	7	291.528	27	278.98	5	285.0	1	286.69	1	286.69
winfred_henson	26	8	226.416	18	217.7	10	219.09	1	221.65	1	221.65
winfred_henson	26	9	146.136	11	138.83	7	140.05	1	141.38	1	141.38
winfred_henson	26	10	211.608	22	202.27	7	205.59	1	207.03	1	207.03
winfred_henson	26	11	254.424	25	240.53	10	246.36	1	249.76	1	249.76
winfred_henson	26	12	305.232	28	292.76	12	296.74	1	300.34	1	300.34
winfred_henson	26	13	271.416	23	261.27	6	264.68	1	266.33	1	266.33
winfred_henson	26	14	273.816	23	264.85	9	266.99	1	268.97	1	268.97
winfred_henson	26	15	80.712	8	73.37	2	75.36	1	75.68	1	75.68
winfred_henson	26	16	704.904	63	684.88	15	695.6	1	699.94	1	699.94
winfred_henson	26	17	294.168	24	284.79	8	287.17	1	289.01	1	289.01
winfred_henson	26	18	358.92	32	345.62	11	351.61	1	353.98	1	353.98
winfred_henson	26	19	133.656	14	125.28	3	127.79	1	128.82	1	128.82
winfred_henson	26	20	559.08	49	543.66	12	551.2	1	554.59	1	554.59
winfred_henson	26	21	349.752	32	337.41	8	342.57	1	344.85	1	344.85
winfred_henson	26	22	321.336	31	309.86	6	314.4	1	316.34	1	316.34
winfred_henson	26	23	540.024	49	520.56	14	529.88	1	535.01	1	535.01
winfred_henson	26	24	298.368	27	287.63	11	290.95	1	293.36	1	293.36
winfred_henson	26	25	209.928	17	200.29	4	203.73	1	204.62	1	204.62
winfred_henson	26	26	260.376	21	250.12	4	254.34	1	255.36	1	255.36
winfred_henson	26	27	343.92	36	331.75	14	335.37	1	338.77	1	338.77
winfred_henson	26	28	317.88	26	305.9	6	310.35	1	312.8	1	312.8
winfred_henson	26	29	269.592	21	258.64	7	262.63	1	264.44	1	264.44
winfred_henson	26	30	311.4	26	298.37	7	303.95	1	306.42	1	306.42
winfred_henson	26	31	268.464	18	257.04	4	262.04	1	263.29	1	263.29
winfred_henson	26	32	401.928	32	385.9	10	394.04	1	397.05	1	397.05
winfred_henson	26	33	412.896	33	398.68	10	404.5	1	407.96	1	407.96
winfred_henson	26	34	351.624	31	338.49	6	345.04	1	346.67	1	346.67
winfred_henson	26	35	162.408	15	153.68	3	156.25	1	157.23	1	157.23
winfred_henson	26	36	429.144	38	416.29	9	422.66	1	424.19	1	424.19
winfred_henson	26	37	359.544	28	346.55	9	351.19	1	354.5	1	354.5
winfred_henson	26	38	298.656	23	288.57	5	292.69	1	293.81	1	293.81
winfred_henson	26	39	326.952	29	316.35	9	319.81	1	321.97	1	321.97
winfred_henson	26	40	483.864	49	469.22	14	476.46	1	479.44	1	479.44
winfred_henson	26	41	269.832	26	261.18	8	263.75	1	264.95	1	264.95
winfred_henson	26	42	190.824	20	182.04	4	185.02	1	186.04	1	186.04
winfred_henson	26	43	319.872	27	309.67	8	313.07	1	314.86	1	314.86
winfred_henson	26	44	384.048	31	373.1	10	377.23	1	379.39	1	379.39
winfred_henson	26	45	300.336	25	291.47	8	293.96	1	295.38	1	295.38
winfred_henson	26	46	284.544	24	275.36	7	278.36	1	279.59	1	279.59
winfred_henson	26	47	274.128	23	265.26	11	266.91	1	269.05	1	269.05
winfred_henson	26	48	396.384	35	381.33	24	383.28	1	389.0	1	389.0
winfred_henson	27	1	215.928	21	205.8	9	208.28	1	210.24	1	210.24
winfred_henson	27	2	500.016	49	486.5	20	491.04	1	495.52	1	495.52
winfred_henson	27	3	371.904	30	362.67	13	365.27	1	367.42	1	367.42
winfred_henson	27	4	467.592	37	456.48	1	463.1	1	463.1	1	463.1
winfred_henson	27	5	379.296	31	366.52	15	370.01	1	374.42	1	374.42
winfred_henson	27	6	326.16	28	316.26	14	318.37	1	321.65	1	321.65
winfred_henson	27	7	330.168	28	319.88	15	322.1	1	325.47	1	325.47
winfred_henson	27	8	303.048	27	293.92	12	296.29	1	298.53	1	298.53
winfred_henson	27	9	362.808	27	353.5	5	356.84	1	357.85	1	357.85
winfred_henson	27	10	230.064	21	222.24	9	223.68	1	225.01	1	225.01
winfred_henson	27	11	593.376	45	578.93	14	585.74	1	588.23	1	588.23
winfred_henson	27	12	163.416	13	153.0	7	154.55	1	156.09	1	156.09
winfred_henson	28	1	146.592	11	137.79	8	138.65	1	140.63	1	140.63
winfred_henson	28	2	225.6	23	217.16	1	221.06	1	221.06	1	221.06
winfred_henson	28	3	62.712	5	57.32	3	57.7	1	58.13	1	58.13
winfred_henson	28	4	189.312	19	181.03	3	184.21	1	184.63	1	184.63
winfred_henson	28	5	138.216	15	131.35	3	133.2	1	133.66	1	133.66
winfred_henson	28	6	103.416	11	96.49	3	97.72	1	98.61	1	98.61
winfred_henson	28	7	159.528	16	151.23	2	154.6	1	154.72	1	154.72
winfred_henson	28	8	132.72	14	125.61	1	128.08	1	128.08	1	128.08
winfred_henson	28	9	189.12	17	180.53	3	183.77	1	184.47	1	184.47
winfred_henson	28	10	169.056	15	161.43	2	164.05	1	164.29	1	164.29
winfred_henson	28	11	121.56	12	114.3	4	115.97	1	116.9	1	116.9
winfred_henson	28	12	125.064	14	116.92	3	119.46	1	120.28	1	120.28
winfred_henson	28	13	164.688	16	155.19	3	159.39	1	159.84	1	159.84
winfred_henson	28	14	99.0	9	88.11	3	90.6	1	91.26	1	91.26
winfred_henson	29	1	199.704	20	189.99	1	194.03	1	194.03	1	194.03
winfred_henson	29	2	349.824	32	339.24	3	345.01	1	345.43	1	345.43
winfred_henson	29	3	218.376	21	207.48	3	210.52	1	211.2	1	211.2
winfred_henson	30	1	171.696	15	163.71	6	164.83	1	166.21	1	166.21
winfred_henson	30	2	163.992	16	155.96	3	158.27	1	159.35	1	159.35
winfred_henson	30	3	139.656	15	131.28	4	134.48	1	134.97	1	134.97
winfred_henson	30	4	163.344	13	155.08	1	158.73	1	158.73	1	158.73
winfred_henson	30	5	250.776	27	239.23	5	245.11	1	246.09	1	246.09
winfred_henson	30	6	144.72	14	137.43	3	139.77	1	140.14	1	140.14
winfred_henson	30	7	181.848	17	173.2	9	174.5	1	177.03	1	177.03
winfred_henson	30	8	158.112	14	150.27	2	153.37	1	153.5	1	153.5
winfred_henson	30	9	210.288	15	198.92	1	202.98	1	202.98	1	202.98
winfred_henson	31	1	242.04	21	230.09	3	233.68	1	234.27	1	234.27
winfred_henson	32	1	172.896	17	162.88	9	165.19	1	167.07	1	167.07
winfred_henson	32	2	81.768	10	75.59	3	76.81	1	77.35	1	77.35
winfred_henson	32	3	102.288	10	95.63	4	96.46	1	97.71	1	97.71
winfred_henson	32	4	125.952	11	116.0	5	117.58	1	118.57	1	118.57
winfred_henson	33	1	180.48	16	171.11	3	174.05	1	174.38	1	174.38
winfred_henson	33	2	146.016	13	139.16	1	141.64	1	141.64	1	141.64
winfred_henson	33	3	135.36	12	127.99	2	130.48	1	130.83	1	130.83
winfred_henson	33	4	165.864	13	158.47	3	160.41	1	161.13	1	161.13
winfred_henson	33	5	145.92	15	137.73	1	141.21	1	141.21	1	141.21
winfred_henson	33	6	159.312	16	149.51	3	153.88	1	154.75	1	154.75
winfred_henson	33	7	213.528	20	202.25	1	206.47	1	206.47	1	206.47
winfred_henson	34	1	166.536	15	154.53	4	159.26	1	160.19	1	160.19
winfred_henson	34	2	145.416	13	137.55	3	140.49	1	140.86	1	140.86
winfred_henson	34	3	204.48	19	192.95	4	196.77	1	197.3	1	197.3
winfred_henson	35	1	172.944	17	162.64	3	166.75	1	168.03	1	168.03
winfred_henson	35	2	208.776	20	200.37	7	202.87	1	204.43	1	204.43
winfred_henson	35	3	182.856	19	171.24	3	174.72	1	175.57	1	175.57
winfred_henson	36	1	196.656	18	186.28	5	188.76	1	190.48	1	190.48
winfred_henson	36	2	184.536	15	176.47	3	179.78	1	180.09	1	180.09
winfred_henson	36	3	230.328	20	217.24	6	221.75	1	223.24	1	223.24
winfred_henson	37	1	177.84	15	168.16	6	170.69	1	171.99	1	171.99
winfred_henson	37	2	253.08	23	241.1	5	244.76	1	246.12	1	246.12
winfred_henson	38	1	235.656	21	225.88	9	228.13	1	229.7	1	229.7
winfred_henson	38	2	123.408	13	115.92	3	118.29	1	118.88	1	118.88
winfred_henson	38	3	118.56	10	111.28	4	113.07	1	113.89	1	113.89
winfred_henson	38	4	128.4	14	120.16	10	121.45	1	123.5	1	123.5
winfred_henson	38	5	126.192	11	119.71	7	120.39	1	121.35	1	121.35
winfred_henson	38	6	154.32	15	145.61	5	148.44	1	149.38	1	149.38
winfred_henson	38	7	140.592	14	133.24	3	135.32	1	135.82	1	135.82
winfred_henson	38	8	249.84	23	239.51	9	242.49	1	245.04	1	245.04
winfred_henson	38	9	201.84	17	192.97	6	196.38	1	197.92	1	197.92
winfred_henson	38	10	152.712	12	144.14	3	147.17	1	147.71	1	147.71
winfred_henson	38	11	187.728	17	179.37	4	182.2	1	183.0	1	183.0
winfred_henson	38	12	171.72	14	162.95	4	166.23	1	166.85	1	166.85
winfred_henson	38	13	117.912	9	109.82	3	112.19	1	112.99	1	112.99
winfred_henson	38	14	250.464	21	237.52	9	240.29	1	243.05	1	243.05
winfred_henson	39	1	197.376	14	187.29	8	188.71	1	191.08	1	191.08
winfred_henson	39	2	205.032	17	196.14	3	200.14	1	200.6	1	200.6
winfred_henson	39	3	216.336	18	205.63	6	209.91	1	211.69	1	211.69
winfred_henson	39	4	69.984	6	61.33	3	62.12	1	62.73	1	62.73
winfred_henson	40	1	242.616	25	227.63	7	233.72	1	236.76	1	236.76
winfred_henson	40	2	222.216	23	212.28	8	215.74	1	217.94	1	217.94
winfred_henson	40	3	153.048	17	144.27	7	146.63	1	148.49	1	148.49
winfred_henson	40	4	197.712	25	187.22	12	190.16	1	193.17	1	193.17
winfred_henson	40	5	372.264	48	351.85	12	363.08	1	367.54	1	367.54
winfred_henson	40	6	294.72	34	280.63	9	286.68	1	290.06	1	290.06
winfred_henson	40	7	222.048	29	207.09	8	213.41	1	217.16	1	217.16
winfred_henson	40	8	276.168	34	261.53	18	265.83	1	271.79	1	271.79
winfred_henson	40	9	310.728	38	297.85	18	300.93	1	306.14	1	306.14
winfred_henson	40	10	322.2	42	306.65	8	315.0	1	317.69	1	317.69
winfred_henson	40	11	239.064	30	225.39	8	231.63	1	234.42	1	234.42
winfred_henson	40	12	412.128	50	390.37	14	401.75	1	407.42	1	407.42
winfred_henson	40	13	492.456	58	465.54	19	479.04	1	487.43	1	487.43
winfred_henson	40	14	260.472	36	244.66	12	251.77	1	255.74	1	255.74
winfred_henson	40	15	286.32	39	272.82	19	276.0	1	281.47	1	281.47
winfred_henson	40	16	224.976	28	212.69	14	215.95	1	220.11	1	220.11
winfred_henson	40	17	234.816	27	223.51	15	225.43	1	229.96	1	229.96
winfred_henson	40	18	295.344	35	283.18	9	287.86	1	290.52	1	290.52
winfred_henson	40	19	265.08	30	252.57	19	254.73	1	260.3	1	260.3
winfred_henson	40	20	277.872	34	263.42	14	268.83	1	273.13	1	273.13
winfred_henson	40	21	396.456	46	377.84	21	384.28	1	391.84	1	391.84
winfred_henson	40	22	315.096	46	298.67	17	306.07	1	310.36	1	310.36
winfred_henson	40	23	329.664	39	313.85	9	322.51	1	324.92	1	324.92
winfred_henson	40	24	370.824	51	351.19	12	361.73	1	365.95	1	365.95
winfred_henson	40	25	366.072	46	348.82	13	357.19	1	360.84	1	360.84
winfred_henson	40	26	577.176	75	555.15	41	561.4	1	572.37	1	572.37
winfred_henson	40	27	482.04	66	461.36	30	469.54	1	477.05	1	477.05
winfred_henson	40	28	163.08	20	149.44	5	153.51	1	155.68	1	155.68
winfred_henson	41	1	345.624	45	325.52	19	332.8	1	339.88	1	339.88
winfred_henson	41	2	239.76	28	227.08	12	231.5	1	235.32	1	235.32
winfred_henson	41	3	246.864	35	232.87	8	240.15	1	242.44	1	242.44
winfred_henson	41	4	314.256	41	298.98	11	306.76	1	309.88	1	309.88
winfred_henson	41	5	331.968	43	318.14	16	323.52	1	327.05	1	327.05
winfred_henson	41	6	433.152	56	415.69	16	424.52	1	428.65	1	428.65
winfred_henson	41	7	290.592	37	277.52	10	283.57	1	286.17	1	286.17
winfred_henson	41	8	290.688	38	275.7	18	281.35	1	286.3	1	286.3
winfred_henson	41	9	415.608	50	398.5	28	402.98	1	410.76	1	410.76
winfred_henson	41	10	427.392	52	409.99	32	414.88	1	422.86	1	422.86
winfred_henson	41	11	255.528	33	243.33	12	247.79	1	251.05	1	251.05
winfred_henson	41	12	371.592	44	358.98	14	365.38	1	368.65	1	368.65
winfred_henson	41	13	284.784	37	270.79	12	276.63	1	279.9	1	279.9
winfred_henson	41	14	553.896	72	531.74	31	540.02	1	548.87	1	548.87
winfred_henson	41	15	337.464	47	319.56	18	328.22	1	332.38	1	332.38
winfred_henson	41	16	167.424	20	155.06	7	158.03	1	160.0	1	160.0
winfred_henson	42	1	560.76	80	538.83	21	549.95	1	555.75	1	555.75
winfred_henson	42	2	381.72	52	364.6	12	373.07	1	377.36	1	377.36
winfred_henson	42	3	346.704	38	335.77	11	339.01	1	342.19	1	342.19
winfred_henson	42	4	367.704	44	352.43	20	357.49	1	363.25	1	363.25
winfred_henson	42	5	332.64	39	317.34	18	323.0	1	328.01	1	328.01
winfred_henson	42	6	426.432	49	409.34	14	417.59	1	421.75	1	421.75
winfred_henson	42	7	425.904	50	408.46	17	416.96	1	421.43	1	421.43
winfred_henson	42	8	500.136	56	480.85	21	490.4	1	495.88	1	495.88
winfred_henson	42	9	505.296	62	486.57	31	493.07	1	500.78	1	500.78
winfred_henson	42	10	360.912	42	346.74	16	351.77	1	356.32	1	356.32
winfred_henson	42	11	474.528	54	457.52	17	464.67	1	469.98	1	469.98
winfred_henson	42	12	479.256	59	460.89	17	469.97	1	474.64	1	474.64
winfred_henson	42	13	293.688	35	281.35	13	285.62	1	288.95	1	288.95
winfred_henson	42	14	276.024	35	264.31	15	267.98	1	271.23	1	271.23
winfred_henson	42	15	241.896	32	231.15	8	234.96	1	236.92	1	236.92
winfred_henson	42	16	270.408	31	258.26	12	262.06	1	265.51	1	265.51
winfred_henson	42	17	260.496	36	246.31	9	252.63	1	255.6	1	255.6
winfred_henson	42	18	323.448	43	307.61	20	312.51	1	318.5	1	318.5
winfred_henson	42	19	351.744	48	335.25	19	341.39	1	346.93	1	346.93
winfred_henson	42	20	330.192	47	314.49	16	320.75	1	325.7	1	325.7
winfred_henson	42	21	270.936	38	253.98	11	262.52	1	266.02	1	266.02
winfred_henson	42	22	502.728	71	479.05	34	487.69	1	497.89	1	497.89
winfred_henson	42	23	419.28	56	398.38	22	406.44	1	414.46	1	414.46
winfred_henson	42	24	347.448	53	329.65	17	336.78	1	340.21	1	340.21
winfred_henson	43	1	372.552	51	352.32	21	360.83	1	366.91	1	366.91
winfred_henson	43	2	180.144	25	169.74	10	172.66	1	175.54	1	175.54
winfred_henson	43	3	274.44	36	259.44	9	266.34	1	269.17	1	269.17
winfred_henson	43	4	393.84	54	375.32	23	382.43	1	389.55	1	389.55
winfred_henson	43	5	351.888	47	334.05	15	342.29	1	347.15	1	347.15
winfred_henson	43	6	524.448	71	502.59	22	513.21	1	519.83	1	519.83
winfred_henson	43	7	358.512	53	341.27	18	349.29	1	354.1	1	354.1
winfred_henson	43	8	457.536	59	438.54	27	445.26	1	453.08	1	453.08
winfred_henson	43	9	300.144	41	285.71	25	288.8	1	295.54	1	295.54
winfred_henson	43	10	284.64	42	270.3	10	278.21	1	280.48	1	280.48
winfred_henson	43	11	427.152	57	407.53	25	415.09	1	422.4	1	422.4
winfred_henson	43	12	403.752	50	385.07	16	393.03	1	399.0	1	399.0
winfred_henson	43	13	306.816	38	292.0	14	297.93	1	301.98	1	301.98
winfred_henson	43	14	261.432	31	246.74	8	254.29	1	256.69	1	256.69
winfred_henson	43	15	214.776	27	202.07	5	208.56	1	210.12	1	210.12
winfred_henson	43	16	266.688	33	251.94	9	258.47	1	261.85	1	261.85
winfred_henson	43	17	228.936	26	214.32	3	223.18	1	223.73	1	223.73
winfred_henson	43	18	356.976	40	341.52	29	344.62	1	352.16	1	352.16
winfred_henson	43	19	384.048	42	367.72	17	374.7	1	379.26	1	379.26
winfred_henson	43	20	259.488	31	248.9	14	251.78	1	254.98	1	254.98
winfred_henson	43	21	252.168	25	241.97	15	244.23	1	247.5	1	247.5
winfred_henson	44	1	233.28	26	223.12	8	225.78	1	228.08	1	228.08
winfred_henson	44	2	362.112	47	348.64	9	355.3	1	357.61	1	357.61
winfred_henson	44	3	211.824	26	200.73	4	206.57	1	207.45	1	207.45
winfred_henson	44	4	285.48	37	274.09	11	278.04	1	281.02	1	281.02
winfred_henson	44	5	360.288	42	344.63	13	351.65	1	355.55	1	355.55
winfred_henson	44	6	130.992	15	124.48	4	125.93	1	126.55	1	126.55
winfred_henson	44	7	480.96	60	465.21	11	474.06	1	476.58	1	476.58
winfred_henson	44	8	300.936	39	289.53	13	293.63	1	296.59	1	296.59
winfred_henson	44	9	347.376	43	332.3	15	339.19	1	342.68	1	342.68
winfred_henson	44	10	386.352	48	372.48	15	378.19	1	381.73	1	381.73
winfred_henson	44	11	220.656	30	212.0	6	215.03	1	216.25	1	216.25
winfred_henson	44	12	221.376	25	212.71	7	215.66	1	216.88	1	216.88
winfred_henson	44	13	433.368	52	420.27	11	426.42	1	428.41	1	428.41
winfred_henson	44	14	219.6	28	210.06	7	213.19	1	214.82	1	214.82
winfred_henson	44	15	320.304	40	309.19	9	314.2	1	315.37	1	315.37
winfred_henson	44	16	324.936	40	312.11	14	317.15	1	320.2	1	320.2
winfred_henson	44	17	294.768	34	285.33	9	288.01	1	289.89	1	289.89
winfred_henson	44	18	246.0	28	236.19	9	239.47	1	241.26	1	241.26
winfred_henson	44	19	348.888	41	338.4	12	342.28	1	344.23	1	344.23
winfred_henson	44	20	300.144	38	289.1	7	294.41	1	295.85	1	295.85
winfred_henson	44	21	355.152	40	343.19	13	347.31	1	350.39	1	350.39
winfred_henson	44	22	259.296	30	249.16	14	251.34	1	254.34	1	254.34
winfred_henson	44	23	298.464	35	286.71	19	289.79	1	293.77	1	293.77
winfred_henson	44	24	210.96	26	202.3	6	205.3	1	206.4	1	206.4
winfred_henson	44	25	252.792	27	244.06	8	246.15	1	247.77	1	247.77
winfred_henson	44	26	260.448	32	250.95	13	252.94	1	255.54	1	255.54
winfred_henson	44	27	348.744	44	335.62	7	342.31	1	343.73	1	343.73
winfred_henson	44	28	288.0	31	274.36	9	278.79	1	280.7	1	280.7
winfred_henson	45	1	276.696	32	267.27	7	269.54	1	271.02	1	271.02
winfred_henson	45	2	221.4	29	213.2	3	216.78	1	217.1	1	217.1
winfred_henson	45	3	227.952	31	217.7	7	222.09	1	223.5	1	223.5
winfred_henson	45	4	207.888	25	140.488	4	143.548	1	144.398	1	144.398
winfred_henson	45	5	186.024	21	178.13	6	180.45	1	181.41	1	181.41
winfred_henson	45	6	185.352	23	177.1	5	179.97	1	180.94	1	180.94
winfred_henson	45	7	212.808	25	203.56	3	207.86	1	208.43	1	208.43
winfred_henson	45	8	329.784	39	318.27	10	323.66	1	325.34	1	325.34
winfred_henson	45	9	268.368	33	258.46	7	262.45	1	263.97	1	263.97
winfred_henson	45	10	167.808	21	158.85	7	162.07	1	163.21	1	163.21
winfred_henson	45	11	303.096	36	291.8	10	296.58	1	298.56	1	298.56
winfred_henson	45	12	167.184	21	158.51	5	161.87	1	162.66	1	162.66
winfred_henson	45	13	141.912	14	134.9	3	136.81	1	137.24	1	137.24
winfred_henson	45	14	230.592	26	219.15	7	223.56	1	225.79	1	225.79
winfred_henson	45	15	271.776	33	260.11	9	264.07	1	266.92	1	266.92
winfred_henson	45	16	177.72	24	164.34	4	169.13	1	170.15	1	170.15
winfred_henson	46	1	240.528	31	229.02	5	232.82	1	234.32	1	234.32
winfred_henson	46	2	139.344	16	131.83	3	134.36	1	134.82	1	134.82
winfred_henson	46	3	179.52	23	168.17	5	172.94	1	173.95	1	173.95
winfred_henson	46	4	182.688	21	173.79	4	177.11	1	178.1	1	178.1
winfred_henson	46	5	117.312	13	110.7	3	112.05	1	112.73	1	112.73
winfred_henson	46	6	174.024	20	166.1	3	169.2	1	169.52	1	169.52
winfred_henson	46	7	340.848	40	327.5	9	334.23	1	336.39	1	336.39
winfred_henson	46	8	116.136	13	108.39	3	110.87	1	111.75	1	111.75
winfred_henson	46	9	222.936	27	213.34	6	217.57	1	218.42	1	218.42
winfred_henson	46	10	232.848	33	220.17	7	226.41	1	228.11	1	228.11
winfred_henson	46	11	239.928	34	229.81	6	234.32	1	235.46	1	235.46
winfred_henson	46	12	230.016	31	219.91	5	224.58	1	225.38	1	225.38
winfred_henson	46	13	116.136	13	108.38	3	110.7	1	111.31	1	111.31
winfred_henson	46	14	327.576	40	314.35	8	320.26	1	322.72	1	322.72
winfred_henson	46	15	409.152	58	393.99	10	402.29	1	404.55	1	404.55
winfred_henson	46	16	152.208	24	140.05	8	142.98	1	144.91	1	144.91
winfred_henson	47	1	227.52	24	215.04	7	219.27	1	220.91	1	220.91
winfred_henson	47	2	140.4	17	133.49	4	135.0	1	135.82	1	135.82
winfred_henson	47	3	139.752	18	132.48	4	134.28	1	135.24	1	135.24
winfred_henson	47	4	154.008	18	147.1	4	149.26	1	149.67	1	149.67
winfred_henson	47	5	176.664	21	168.77	5	171.24	1	171.98	1	171.98
winfred_henson	47	6	154.824	18	147.37	4	149.7	1	150.3	1	150.3
winfred_henson	47	7	164.208	16	158.02	4	159.46	1	159.64	1	159.64
winfred_henson	47	8	190.8	24	183.07	3	185.9	1	186.26	1	186.26
winfred_henson	47	9	141.144	15	133.81	3	135.77	1	136.33	1	136.33
winfred_henson	47	10	158.184	18	151.49	3	153.07	1	153.69	1	153.69
winfred_henson	47	11	261.552	33	252.39	6	256.4	1	257.08	1	257.08
winfred_henson	47	12	213.984	21	206.45	4	208.89	1	209.44	1	209.44
winfred_henson	47	13	121.464	14	111.73	6	113.03	1	114.11	1	114.11
winfred_henson	48	1	171.624	24	162.76	5	165.05	1	165.74	1	165.74
winfred_henson	48	2	198.12	21	191.52	3	193.4	1	193.71	1	193.71
winfred_henson	48	3	227.208	29	217.38	7	221.06	1	222.76	1	222.76
winfred_henson	48	4	215.136	31	206.43	7	208.87	1	209.81	1	209.81
winfred_henson	48	5	181.056	26	171.58	8	174.39	1	176.21	1	176.21
winfred_henson	48	6	132.744	18	122.05	6	124.31	1	125.62	1	125.62
winfred_henson	49	1	170.88	23	162.32	3	164.14	1	164.78	1	164.78
winfred_henson	49	2	157.944	22	150.96	2	153.32	1	153.51	1	153.51
winfred_henson	49	3	147.048	21	141.25	3	142.18	1	142.45	1	142.45
winfred_henson	49	4	226.272	32	217.75	5	220.63	1	221.7	1	221.7
winfred_henson	49	5	219.768	33	210.82	7	213.77	1	215.14	1	215.14
winfred_henson	49	6	176.376	24	166.45	7	168.03	1	169.26	1	169.26
winfred_henson	50	1	223.92	30	215.16	6	217.16	1	218.14	1	218.14
winfred_henson	50	2	208.08	30	202.19	6	203.11	1	203.62	1	203.62
winfred_henson	50	3	178.08	21	171.46	5	172.64	1	173.58	1	173.58
winfred_henson	50	4	185.88	23	176.08	7	177.13	1	178.72	1	178.72
winfred_henson	51	1	231.408	29	222.28	6	224.26	1	225.34	1	225.34
winfred_henson	51	2	182.16	23	174.88	5	176.96	1	177.54	1	177.54
winfred_henson	51	3	185.064	25	177.13	10	178.87	1	180.62	1	180.62
winfred_henson	51	4	135.504	18	126.1	7	127.07	1	128.35	1	128.35
winfred_henson	52	1	95.928	10	88.07	2	88.78	1	89.11	1	89.11
winfred_henson	52	2	176.976	20	170.5	4	172.1	1	172.45	1	172.45
winfred_henson	52	3	106.824	13	100.64	3	102.04	1	102.36	1	102.36
winfred_henson	52	4	136.248	18	129.89	3	131.32	1	131.6	1	131.6
winfred_henson	52	5	157.464	28	145.71	9	148.11	1	149.98	1	149.98
winfred_henson	53	1	104.688	12	96.92	3	97.72	1	98.16	1	98.16
winfred_henson	53	2	133.968	17	127.92	3	128.96	1	129.49	1	129.49
winfred_henson	53	3	127.392	18	117.51	5	119.42	1	120.35	1	120.35
winfred_henson	54	1	176.448	20	167.29	5	169.31	1	170.02	1	170.02
winfred_henson	54	2	96.192	15	90.9	2	91.59	1	91.88	1	91.88
winfred_henson	54	3	119.904	16	114.01	3	114.95	1	115.44	1	115.44
winfred_henson	54	4	124.368	16	118.36	3	119.59	1	119.79	1	119.79
winfred_henson	54	5	185.424	25	177.11	8	179.22	1	180.78	1	180.78
winfred_henson	54	6	192.6	21	181.76	6	184.14	1	185.46	1	185.46
winfred_henson	55	1	150.288	18	142.39	5	143.47	1	144.24	1	144.24
winfred_henson	55	2	192.408	26	183.98	6	186.94	1	188.04	1	188.04
winfred_henson	55	3	131.064	17	124.54	2	126.37	1	126.53	1	126.53
winfred_henson	55	4	158.544	22	147.67	6	150.47	1	151.61	1	151.61
winfred_henson	56	1	142.8	16	134.25	3	136.72	1	137.34	1	137.34
winfred_henson	56	2	115.752	15	110.15	4	110.62	1	111.17	1	111.17
winfred_henson	56	3	120.432	15	111.76	3	113.09	1	113.46	1	113.46
winfred_henson	57	1	170.352	25	157.72	8	160.66	1	162.06	1	162.06
winfred_henson	58	1	125.136	14	117.94	6	118.67	1	119.37	1	119.37
winfred_henson	58	2	156.768	18	150.85	5	152.05	1	152.46	1	152.46
winfred_henson	58	3	137.184	19	129.72	3	132.16	1	132.56	1	132.56
winfred_henson	58	4	145.032	16	138.54	4	140.06	1	140.69	1	140.69
winfred_henson	58	5	114.288	14	107.43	4	109.16	1	109.67	1	109.67
winfred_henson	58	6	159.72	20	152.51	3	154.56	1	154.85	1	154.85
winfred_henson	58	7	236.688	28	226.52	7	230.35	1	232.15	1	232.15
winfred_henson	58	8	133.008	13	127.48	3	128.48	1	128.63	1	128.63
winfred_henson	58	9	247.872	28	238.47	5	241.65	1	242.38	1	242.38
winfred_henson	58	10	285.912	39	276.32	9	279.79	1	281.41	1	281.41
winfred_henson	58	11	350.712	40	339.0	18	342.23	1	346.16	1	346.16
winfred_henson	58	12	257.376	29	247.38	7	251.34	1	252.61	1	252.61
winfred_henson	58	13	188.448	25	174.73	10	177.85	1	180.95	1	180.95
winfred_henson	59	1	200.472	27	189.34	9	192.52	1	194.64	1	194.64
winfred_henson	59	2	196.104	26	186.39	4	190.78	1	191.79	1	191.79
winfred_henson	59	3	148.104	18	138.72	2	143.24	1	143.52	1	143.52
winfred_henson	59	4	141.432	17	132.32	3	136.2	1	136.94	1	136.94
winfred_henson	59	5	177.72	20	165.76	6	168.83	1	170.52	1	170.52
winfred_henson	60	1	232.704	25	223.24	6	225.63	1	226.69	1	226.69
winfred_henson	60	2	216.432	25	207.76	8	210.13	1	211.75	1	211.75
winfred_henson	60	3	200.52	22	192.93	4	195.07	1	195.94	1	195.94
winfred_henson	60	4	174.6	19	166.46	3	169.37	1	170.3	1	170.3
winfred_henson	60	5	123.816	14	113.43	4	115.61	1	116.53	1	116.53
winfred_henson	61	1	180.0	21	171.0	4	173.61	1	174.0	1	174.0
winfred_henson	61	2	221.28	22	214.36	4	216.31	1	216.87	1	216.87
winfred_henson	61	3	179.112	18	169.94	3	171.77	1	172.07	1	172.07
winfred_henson	62	1	90.672	10	82.6	2	84.2	1	84.46	1	84.46
winfred_henson	62	2	258.648	29	247.28	10	251.1	1	254.13	1	254.13
winfred_henson	62	3	201.672	24	193.15	6	196.05	1	197.31	1	197.31
winfred_henson	62	4	188.352	21	177.93	3	183.19	1	183.82	1	183.82
winfred_henson	62	5	184.104	21	170.59	7	174.36	1	176.71	1	176.71
winfred_henson	63	1	112.296	13	101.16	4	103.04	1	103.97	1	103.97
winfred_henson	64	1	119.952	14	108.27	6	109.22	1	111.21	1	111.21
winfred_henson	65	1	262.368	25	247.97	6	252.33	1	253.74	1	253.74
winfred_henson	66	1	219.096	20	207.35	8	209.29	1	212.74	1	212.74
winfred_henson	66	2	329.424	29	314.61	8	322.39	1	324.9	1	324.9
winfred_henson	66	3	282.24	22	269.73	6	275.04	1	277.26	1	277.26
winfred_henson	66	4	133.176	11	126.69	3	128.35	1	128.81	1	128.81
winfred_henson	66	5	163.368	14	154.15	5	156.57	1	158.48	1	158.48
winfred_henson	66	6	180.96	17	172.93	6	174.89	1	176.44	1	176.44
winfred_henson	66	7	197.472	17	189.17	6	191.19	1	192.7	1	192.7
winfred_henson	66	8	134.256	13	127.18	7	128.27	1	129.8	1	129.8
winfred_henson	66	9	202.44	21	193.02	6	195.86	1	197.83	1	197.83
winfred_henson	66	10	121.968	11	115.49	5	116.15	1	117.42	1	117.42
winfred_henson	66	11	224.136	19	215.01	8	217.48	1	219.38	1	219.38
winfred_henson	66	12	179.016	17	170.69	5	173.14	1	174.44	1	174.44
winfred_henson	66	13	184.728	18	175.78	3	178.95	1	179.62	1	179.62
winfred_henson	66	14	236.76	20	227.16	8	229.66	1	231.9	1	231.9
winfred_henson	66	15	90.768	8	84.61	4	85.27	1	85.99	1	85.99
winfred_henson	66	16	206.328	21	196.24	10	198.46	1	201.57	1	201.57
winfred_henson	66	17	220.56	18	210.65	3	214.87	1	215.44	1	215.44
winfred_henson	66	18	323.472	24	314.12	5	316.88	1	318.15	1	318.15
winfred_henson	66	19	244.344	21	234.11	8	236.51	1	239.51	1	239.51
winfred_henson	66	20	173.376	15	165.51	4	167.51	1	168.63	1	168.63
winfred_henson	66	21	294.864	27	283.34	5	288.34	1	289.93	1	289.93
winfred_henson	66	22	234.048	21	219.93	8	224.1	1	226.8	1	226.8
