keyword	avg_monthly_searches_range_midpoint
bible verse	5000000
authorised version	500000
bible app	500000
bible verse of the day	500000
daily bible verse	500000
english standard bible	500000
english standard version bible	500000
esv bible	500000
king james and the bible	500000
king james authorized version	500000
king james bible	500000
king james bible kjv	500000
king james bible psalm 23	500000
king james bible scripture	500000
king james psalm 23	500000
king james scriptures	500000
king james v bible	500000
king james version psalm 23	500000
new international reader's version	500000
new international version	500000
niv bible	500000
niv versions	500000
psalm 91 in king james version	500000
psalms 91 king james bible	500000
the king james version	500000
verse of the day	500000
1611 king james bible	50000
amplified bibles	50000
annual bible reading plan	50000
annual bible reading plans	50000
annual bible reading schedule	50000
audio audio bible	50000
audio bible	50000
audio bible audio	50000
audio bible audio bible	50000
audio bible bible	50000
audio bible gateway	50000
audio bible king james version	50000
audio bible kjv	50000
best bible translation	50000
best bible version	50000
best version of the bible	50000
bible app download	50000
bible app free	50000
bible app verse of the day	50000
bible audio	50000
bible audio bible	50000
bible audio kjv	50000
bible douay rheims	50000
bible gateway audio bible	50000
bible gateway jeremiah 29 11	50000
bible good news bible	50000
bible in a year bible	50000
bible in a year reading plan	50000
bible journaling	50000
bible online	50000
bible reading plan	50000
bible tagalog version	50000
bible translations	50000
bible u version	50000
bible versions	50000
bible versions and translations	50000
biblia interlinear	50000
biblical translations	50000
books of the bible in order	50000
catholic bible translations	50000
catholic bible version	50000
christian bible audio	50000
christian standard bible	50000
daily bible reading	50000
different bible translations	50000
different versions of the bible	50000
download king james bible	50000
easy to read bible	50000
easy to read version bible	50000
easy translation bible	50000
easy version bible	50000
esv bible study	50000
eugene peterson message bible	50000
eugene peterson the message	50000
genesis 1 1 king james version	50000
genesis 1 king james version	50000
geneva bible	50000
gnb bible	50000
good bible translations	50000
good news bible	50000
good news version bible	50000
holman standard bible	50000
holy bible kjv audio	50000
holy bible new king james version	50000
holy bible nlt	50000
how many books in the bible	50000
how many chapters in the bible	50000
how to study the bible	50000
interlinear bible	50000
james bible	50000
james bible book	50000
king james bible audio	50000
king james bible audio book	50000
king james bible online free	50000
king james genesis 1	50000
king james jeremiah 29 11	50000
king james john 3 16	50000
king james psalm 27	50000
king james psalms 121	50000
king james study bible	50000
king james version	50000
king james version bible	50000
king james version holy bible	50000
king james version psalms 103	50000
king james version romans 8 28	50000
kjv bible	50000
kjv bible 1611	50000
life application study bible new living translation	50000
living translation bible	50000
modern literal version	50000
nasb bible	50000
new american bible	50000
new american bible revised edition	50000
new american bible revised edition nabre	50000
new american standard	50000
new american standard bible	50000
new american standard bible nasb	50000
new english translation bible	50000
new international version bible	50000
new james version bible	50000
new king james bible	50000
new king james study bible	50000
new king james version	50000
new king james version bible	50000
new king james version study bible	50000
new king version bible	50000
new kjv	50000
new kjv bible	50000
new living bible	50000
new living testament	50000
new living translation	50000
new living translation bible	50000
new living translation nlt	50000
new revised standard	50000
new revised standard version	50000
new revised standard version bible	50000
new rsv bible	50000
new standard bible	50000
new standard version bible	50000
new world translation	50000
new world translation of the holy scriptures	50000
niv study bible	50000
nkjv	50000
nkjv bible	50000
nkjv study bible	50000
nlt	50000
nlt application study bible	50000
nlt bible	50000
nlt bible translation	50000
nlt life application bible	50000
nlt life application study bible	50000
nlt translation	50000
nrsv	50000
nrsv bible	50000
on line bible	50000
one year bible online	50000
psalm 1 king james version	50000
psalm 23 new king james	50000
psalm 23 new king james version	50000
psalm 46 king james version	50000
psalm 91 good news bible	50000
psalm 91 good news translation	50000
read the bible for a year	50000
read the bible in 1 year	50000
read the bible in a year	50000
read the bible in a year bible	50000
read the bible in a year plan	50000
read the bible in one year	50000
read the bible in the year	50000
reading bible	50000
red letter bible	50000
revised english bible	50000
revised new american bible	50000
soap bible study method	50000
study bibles kjv	50000
the kjv	50000
the lord's prayer in king james version	50000
the lord's prayer king james version	50000
the message bible translation	50000
the niv study bible	50000
tyndale bible	50000
tyndale new testament	50000
tyndales bible	50000
vulgate	50000
william tyndale	50000
yearly bible study plan	50000
1 year audio bible	5000
1 year bible reading plan	5000
1 year bible study plan	5000
1560 geneva bible	5000
1611 king james	5000
1611 king james version bible	5000
1611 kjv bible with apocrypha	5000
1984 niv bible	5000
365 daily bible reading plan	5000
365 day bible reading plan	5000
365 day bible reading plan printable	5000
365 day chronological bible reading plan	5000
365 days bible study plan	5000
52 week bible reading plan	5000
52 week bible study plan	5000
6 month bible reading plan	5000
6 month bible study plan	5000
90 day bible reading plan	5000
a bible reading plan	5000
a plan to read the bible in one year	5000
all bible translations	5000
all versions of the bible	5000
american bible	5000
american bible association	5000
american bible daily reading	5000
american bible society daily reading	5000
american king james version	5000
american standard bible	5000
american standard bible online	5000
american standard version	5000
american standard version bible	5000
amharic bible audio	5000
amp bible translation	5000
amplified bible online	5000
amplified bible read online	5000
amplified version bible	5000
app bible audio	5000
app bible in a year	5000
ascension bible in a year reading plan	5000
ascension press bibleinayear	5000
asv translation	5000
audible bible app	5000
audio bible app	5000
audio bible book of psalms	5000
audio bible com	5000
audio bible download	5000
audio bible english	5000
audio bible free	5000
audio bible free download	5000
audio bible free kjv	5000
audio bible free niv	5000
audio bible free online	5000
audio bible gateway kjv	5000
audio bible gateway niv	5000
audio bible kjv online free	5000
audio bible kjv psalms	5000
audio bible malayalam	5000
audio bible malayalam poc	5000
audio bible niv	5000
audio bible offline	5000
audio bible on line	5000
audio bible online	5000
audio bible online free	5000
audio bible online gateway	5000
audio bible online king james version	5000
audio bible online kjv	5000
audio bible passages	5000
audio bible psalms	5000
audio bible tagalog	5000
audio bible the book of psalms	5000
audio bible verses	5000
audio book of proverbs	5000
authorized version	5000
baibul tamil	5000
baker illustrated study bible	5000
best bible app	5000
best bible app for android	5000
best bible app for iphone	5000
best bible app free	5000
best bible translation for beginners	5000
best bible translation for catholics	5000
best bible translation for study	5000
best bible version for beginners	5000
best bible version for study	5000
best catholic bible translation	5000
best catholic bible version	5000
bible app audio free	5000
bible app download for android	5000
bible app download free	5000
bible app for pc	5000
bible app online	5000
bible app that reads to you	5000
bible app you version	5000
bible app youversion	5000
bible audio book	5000
bible audio com	5000
bible audio download	5000
bible audio reading	5000
bible audio tagalog	5000
bible audio tamil	5000
bible audiobook	5000
bible audiobook free	5000
bible audiobook free download	5000
bible audiobook nlt	5000
bible com reading plans	5000
bible esv version	5000
bible for beginners	5000
bible for dyslexia	5000
bible gateway bible reading plan	5000
bible gateway kjv audio bible	5000
bible gateway nlt	5000
bible gateway reading plans	5000
bible in 1 year plan	5000
bible in a year plan	5000
bible in a year podcast	5000
bible in a year program	5000
bible in a year study plan	5000
bible in one year plan	5000
bible in one year schedule	5000
bible in russian	5000
bible in spanish and english	5000
bible in year plan	5000
bible king james version english	5000
bible listen to god	5000
bible msg version	5000
bible niv version	5000
bible nlt version	5000
bible on listening	5000
bible plan	5000
bible project bible reading plan	5000
bible project reading plan	5000
bible project reading plans	5000
bible reading and study plan	5000
bible reading for the day	5000
bible reading guide	5000
bible reading guide for beginners	5000
bible reading plan 2026	5000
bible reading plan 2026 pdf	5000
bible reading plan 52 weeks	5000
bible reading plan for 6 months	5000
bible reading plan for beginners	5000
bible reading plan generator	5000
bible reading plan ligonier	5000
bible reading plan navigators	5000
bible reading schedule	5000
bible reading tracker	5000
bible recap reading plan	5000
bible revised standard version catholic edition	5000
bible study for beginners	5000
bible study methods	5000
bible study plan	5000
bible study plan for beginners	5000
bible study podcast	5000
bible study programme	5000
bible tagalog english	5000
bible tagalog king james version	5000
bible tpt	5000
bible translation spectrum	5000
bible translations comparison	5000
bible translations comparison chart	5000
bible translations list	5000
bible verse plans i have for you	5000
bible version easy to understand	5000
bible versions list	5000
bilingual bible	5000
bilingual holy bible	5000
bishop's bible	5000
bishops bible	5000
blue letter bible chronological plan	5000
brian hardin daily audio bible	5000
catholic bible king james version	5000
catholic bible revised standard version	5000
cev bible	5000
cev bible version	5000
christian standard bible translation	5000
christian standard version bible	5000
chronological bible reading plan	5000
chronological bible reading program	5000
chronological bible study plan	5000
chronological reading order of the bible	5000
common bible	5000
common english bible	5000
comparing bible translations	5000
complete jewish bible	5000
contemporary bible translations	5000
contemporary english bible	5000
contemporary english version bible	5000
coverdale bible	5000
csb bible she reads truth	5000
csb bible translation	5000
csb bible version	5000
csb translation	5000
csb translation bible	5000
csb version bible	5000
csb version of bible	5000
daily audio bible with brian hardin	5000
daily bible plan	5000
daily bible reading american bible society	5000
daily bible reading chart	5000
daily bible reading plan	5000
daily bible reading program	5000
daily bible reading schedule	5000
daily bible study plan	5000
daily scripture reading plan	5000
darby bible	5000
different types of bible translations	5000
different types of bible versions	5000
douay bible	5000
douay bible online	5000
douay rheims	5000
douay rheims bible online	5000
douay rheims online	5000
download audible bible	5000
download king james version bible	5000
dramatised audio bible	5000
dramatized audio bible	5000
earliest english translation of the bible	5000
earliest version of the bible	5000
early bible translations	5000
easiest bible translation to read	5000
easiest bible translation to understand	5000
easiest bible version to understand	5000
easiest version of the bible to read	5000
easy to read bible translations	5000
easy to understand bible version	5000
english and spanish bible	5000
english bible good news	5000
english bible kjv	5000
english bible translations	5000
english bible versions	5000
english bible words	5000
english standard version audio bible	5000
english standard version bible online	5000
english standard version online	5000
esv audio bible	5000
esv bible online	5000
esv bible online free	5000
esv bible translation	5000
esv version	5000
first bible version	5000
first english bible	5000
first english translation of the bible	5000
first translation of the bible	5000
free audible bible app	5000
free audible bible kjv	5000
free audio bible app	5000
free audio bible download	5000
free audio bible king james version	5000
free audio bible kjv	5000
free audio bible new international version	5000
free audio bible niv	5000
free audio bible on line	5000
free bible apps with audio	5000
free king james audio bible online	5000
free online audio bible king james version	5000
free online audio bible kjv	5000
gen z bible translation	5000
gen z translation bible	5000
genesis 1 1 nlt	5000
genesis 1 new king james version	5000
genesis 1 nlt	5000
genesis 2 king james version	5000
genesis 3 king james version	5000
good news bible download	5000
good news bible download today's english version	5000
good news bible online	5000
good news bible psalm 35	5000
good news translation	5000
good news translation bible	5000
gospels audio	5000
gothic bible	5000
greek to english bible	5000
greek version of bible	5000
guided bible reading	5000
hcsb bible	5000
hebrew 4 12 kjv	5000
hebrew bible in english	5000
hebrew bible translation	5000
hebrew interlinear bible	5000
hebrew kjv	5000
hebrew version of the bible	5000
holman christian standard bible	5000
holman christian standard study bible	5000
holy bible american standard version	5000
holy bible audio app	5000
holy bible audio king james version	5000
holy bible bilingual	5000
holy bible contemporary english version	5000
holy bible king james version old and new testament	5000
holy bible new living translation	5000
holy bible revised standard version	5000
how long does it take to read the bible	5000
how to memorize bible verses	5000
how to read the bible in a year	5000
how to start reading the bible	5000
how to understand the bible	5000
ignatius bible	5000
in the kjv bible	5000
indian bible	5000
inductive bible study	5000
inspire bible nlt	5000
interlinear	5000
interlinear bible greek	5000
interlinear bible hebrew	5000
interlinear bible hub	5000
interlinear bible online	5000
interlinear bible online greek	5000
interlinear hebrew	5000
isaiah 60 22 king james version	5000
isaiah 60 22 nlt	5000
isaiah 9 6 king james version	5000
james 1 new living translation	5000
james bible study	5000
james bible tagalog	5000
james king james version	5000
james kjv	5000
jesus translation in hebrew	5000
john 1 new king james version	5000
john 1 nlt	5000
john 3 16 nlt	5000
joseph smith bible	5000
joseph smith translation of the bible	5000
jps tanakh	5000
jst bible	5000
king james 1611 with apocrypha	5000
king james audio bible online	5000
king james bible 10 commandments	5000
king james bible 1611 with apocrypha	5000
king james bible books	5000
king james bible churches near me	5000
king james bible english	5000
king james bible for sale	5000
king james bible new testament	5000
king james bible old and new testament	5000
king james bible reading	5000
king james bible spanish	5000
king james free bible	5000
king james new testament	5000
king james only	5000
king james tagalog bible	5000
king james version 1611	5000
king james version bible for sale	5000
king james version history	5000
king james version old and new testament	5000
king james with apocrypha	5000
kiswahili and english bible	5000
kjv apocrypha	5000
kjv audio bible psalms	5000
kjv bible audio online free	5000
kjv bible for sale	5000
kjv bible in spanish	5000
kjv english	5000
kjv history	5000
kjv in spanish	5000
kjv new testament	5000
kjv only	5000
knox bible	5000
lamsa bible	5000
latest bible translation	5000
latest bible version	5000
latin version of the bible	5000
latin vulgate	5000
latin vulgate bible	5000
latin vulgate online	5000
leather esv bible	5000
legacy standard bible	5000
ligonier bible reading plans	5000
ligonier ministries bible reading plan	5000
ligonier ministries bible reading plans	5000
listen to bible scriptures	5000
listen to god scripture	5000
listen to scripture	5000
listen to the bible	5000
listen to the bible for free	5000
listen to the bible free	5000
listen to the bible in a year	5000
listen to the holy bible	5000
louis segond audio bible	5000
luther bible	5000
lxx bible	5000
m cheyne	5000
m cheyne bible reading plan	5000
m cheyne reading plan	5000
malayalam poc bible audio	5000
martin luther bible	5000
martin luther german bible	5000
mccheyne bible reading plan	5000
message version bible	5000
miles coverdale	5000
mirror bible	5000
modern bible translations	5000
modern bibles	5000
modern english bible	5000
modern english bible translations	5000
modern english version bible	5000
most accurate bible translation	5000
most accurately translated bible	5000
most common bible translations	5000
most common bible version	5000
most popular bible translations	5000
most popular versions of the bible	5000
most recent bible translation	5000
most reliable bible translation	5000
multi version bible	5000
nabre catholic bible	5000
nasb 1995	5000
nasb 1995 bible	5000
nasb 2020	5000
nasb bible online	5000
nasb bible translation	5000
nasb bible version	5000
nasb note takers bible	5000
nasb study bible	5000
nasv	5000
navigators bible reading plan	5000
navigators bible study plan	5000
nestle aland greek new testament	5000
new american bible catholic	5000
new american bible catholic bishops	5000
new american standard bible 1995	5000
new american standard bible online	5000
new century version bible	5000
new english bible	5000
new english translation of the septuagint	5000
new international bible	5000
new international bible online free	5000
new international readers version	5000
new international version audio bible	5000
new international version bible download	5000
new king james audio bible	5000
new king james version audio bible	5000
new king james version bible online	5000
new kings james bible online	5000
new kjv bible online	5000
new living bible online	5000
new living translation audio bible	5000
new living translation bible download	5000
new living translation bible online	5000
new living translation study bible	5000
new revised standard version bible online	5000
new revised standard version catholic edition	5000
new revised standard version online	5000
new testament king james version	5000
new translation bible	5000
new version bible	5000
new world translation bible	5000
nirv bible	5000
niv 1984	5000
niv bible books	5000
niv bible download free	5000
niv bible english	5000
niv bible for women	5000
niv bible leather	5000
niv bible online free	5000
niv bible online free download	5000
niv bibles for sale	5000
niv holy bible online	5000
niv james	5000
niv readers bible	5000
niv translation bible	5000
njb bible	5000
nkjv bible online free	5000
nkjv holy bible online	5000
nkjv online bible	5000
nlt audio bible	5000
nlt bible download	5000
nlt bible online	5000
nlt catholic bible	5000
nlt genesis 1	5000
nlt james 1	5000
nlt john 1	5000
nlt john 3 16	5000
nlt notetaking bible	5000
nlt romans 8	5000
nlt study bible	5000
nlt version	5000
nlv audio bible	5000
nrsv bible online	5000
nrsv catholic	5000
nrsv catholic bible	5000
nrsv catholic edition	5000
nwt bible	5000
nyanja bible	5000
offline bible app	5000
old english bible translations	5000
old latin bible	5000
oldest bible translation	5000
oldest version of the bible	5000
one year audio bible online	5000
one year bible	5000
one year bible audio	5000
one year bible daily reading	5000
one year bible for women	5000
one year bible reading plan	5000
one year chronological bible	5000
one year online audio bible	5000
online greek new testament	5000
online jerusalem bible	5000
online nrsv	5000
original 1611 king james bible	5000
original bible version	5000
original king james bible	5000
original king james version	5000
original kjv 1611	5000
original kjv bible	5000
original translation of the bible	5000
parallel bible	5000
parallel scripture	5000
parallelbible	5000
passion translation bible	5000
passion version bible	5000
peshitta	5000
pidgin bible	5000
planning verse	5000
poc audio malayalam bible	5000
popular bible versions	5000
psalm 1 new king james version	5000
psalm 1 nlt	5000
psalm 109 good news bible	5000
psalm 121 nlt	5000
psalm 139 nlt	5000
psalm 19 king james version	5000
psalm 23 good news bible	5000
psalm 23 new living translation	5000
psalm 23 nlt	5000
psalm 34 nlt	5000
psalm 35 good news bible	5000
psalm 35 nlt	5000
psalm 37 nlt	5000
psalm 51 nlt	5000
psalm 91 good news bible version	5000
psalm 91 living translation	5000
psalm 91 nlt	5000
psalms 91 passion translation	5000
psalms audio	5000
read bible in year plan	5000
read the bible in 90 days reading plan	5000
read the bible in a year program	5000
read the bible in a year reading plan	5000
read the bible online	5000
read through the bible in a year	5000
reading of the day bible	5000
reading plan to read the bible in a year	5000
reading the bible chronologically	5000
reading the bible in 1 year plan	5000
reading the bible in chronological order	5000
red letter bible verses	5000
reina valera bible	5000
revised standard bible	5000
revised standard version	5000
revised standard version bible	5000
revised standard version bible download	5000
revised standard version catholic edition	5000
revised standard version online	5000
robert alter	5000
robert murray mccheyne bible reading plan	5000
roman catholic bible version	5000
romans 1 nlt	5000
romans 10 17 king james version	5000
romans 12 2 nlt	5000
romans 12 new living translation	5000
romans 15 13 king james version	5000
romans 8 11 king james version	5000
romans 8 28 nlt	5000
rsv catholic edition	5000
saint james bible	5000
schedule to read the bible in a year	5000
scripture for today kjv	5000
scripture on listening	5000
scripture reading plan	5000
scriptures on listening to god	5000
septuagint bible	5000
simple bible version	5000
simplest bible version	5000
simplified bible version	5000
six month bible reading plan	5000
spanish english bible	5000
st james bible	5000
study bible plan	5000
talking niv bible	5000
tamil audio bible	5000
telugu audio bible	5000
the 1 year bible	5000
the american bible	5000
the american bible society	5000
the bible audio book	5000
the bible recap reading plan	5000
the bible translator	5000
the bible versions	5000
the first version of the bible	5000
the holy bible king james	5000
the interlinear bible	5000
the jerusalem bible	5000
the king james bible history	5000
the living bible	5000
the lord's prayer new king james version	5000
the message bible online	5000
the new american bible	5000
the new international bible	5000
the new king james bible	5000
the one year bible	5000
the one year bible for women	5000
the one year chronological bible	5000
the passion translation	5000
the tyndale bible	5000
the voice bible	5000
the voice bible translation	5000
the voice version of the bible	5000
the vulgate	5000
the word of promise audio bible	5000
tlb bible translation	5000
tpt bible	5000
tpt bible translation	5000
tpt bible version	5000
tree of life bible translation	5000
tree of life bible version	5000
ttb org listen	5000
types of bible translations	5000
types of bible versions	5000
vulgata latin	5000
vulgate bible	5000
vulgate bible online	5000
vulgate online	5000
web bible translation	5000
which bible should i read	5000
which bible translation is best	5000
william tyndale bible	5000
word for word bible translations	5000
wordproject telugu bible	5000
www bible com reading plans	5000
wycliffe bible	5000
wycliffe bible translators	5000
wycliffe international	5000
wycliffe usa	5000
you version audio bible	5000
you version bible reading plan	5000
young's literal translation	5000
young's literal translation bible	5000
youversion bible app audio	5000
1 john 1 nasb	500
1 john 1 nlt	500
1 john 3 16 nlt	500
1 john 4 19 nlt	500
1 month bible reading plan	500
1 peter 1 nlt	500
1 peter 5 10 nlt	500
1 year bible reading schedule	500
1 year chronological bible reading plan	500
1 year daily audio bible	500
1 year daily audio bible chronological	500
10 commandments nlt	500
100 day bible reading plan	500
12 month bible in a year reading plan printable	500
1526 tyndale bible online	500
1560 geneva bible with apocrypha	500
1599 geneva bible patriot's edition	500
1611 king james bible first edition	500
1611 king james bible for sale	500
1611 king james bible with apocrypha online	500
1611 kjv bible for sale	500
180 day bible reading plan	500
1984 new world translation	500
1984 niv	500
1984 niv bible online	500
1984 niv study bible	500
1995 nasb bible	500
2 peter 1 nlt	500
2 year bible plan	500
2 year bible reading plan	500
2 year bible reading plan chronological	500
2 year bible study plan	500
2011 niv bible	500
21 day bible reading plan	500
21st century kjv	500
25 day christmas bible reading plan	500
3 month bible reading plan	500
3 types of bible translations	500
3 year bible reading plan	500
3 year bible reading plan chronological	500
3 year bible study plan	500
30 day bible reading plan	500
30 day new testament reading plan	500
30 day shred bible reading plan	500
365 bible reading plan	500
365 bible study	500
365 bible study plan	500
365 daily bible reading	500
365 day bible plan	500
365 day bible reading plan free	500
365 day bible study	500
365 day reading plan for the bible	500
365 days of reading the bible	500
4 month bible reading plan	500
4 translation parallel bible large print	500
40 day bible reading plan	500
5 day a week bible reading plan	500
5 day bible reading plan	500
5 day reading plan	500
5 days a week bible reading plan	500
52 week bible reading	500
5x5x5 bible reading plan	500
5x5x5 new testament reading plan	500
6 month reading plan bible	500
60 day bible reading plan	500
8 translation parallel bible	500
90 day bible reading challenge	500
90 day new testament reading plan	500
a chapter a day bible reading plan	500
a textual commentary on the greek new testament	500
abdias in english bible	500
advent reading plans	500
afrikaans audio bible	500
alexander scourby audio bible	500
alexander scourby kjv audio bible	500
allen jackson bible reading plan	500
alter bible	500
amazing facts bible reading plan	500
amazon esv bible	500
american bible online	500
american bible reading	500
american bible society daily devotional	500
amharic and english bible	500
amharic bible in english	500
amharic bible niv	500
amp audio bible	500
amplified audio bible	500
amplified bible deutsch	500
amplified bible download free	500
amplified bible for sale	500
amplified bible king james	500
amplified bible online free	500
amplified bible price	500
amplified bible translation	500
andrew wommack bible reading plan	500
app read bible in a year	500
arabic audio bible	500
arabic bible translations	500
aramaic peshitta	500
aramaic to english bible	500
artscroll tanakh	500
asante twi bible old and new testament audio	500
ascension press bible in a year download	500
ascension press bible in a year reading plan	500
ascension press catechism in a year reading plan	500
ascension press com bibleinayear	500
ascensionpress com bibleinayear reading plan	500
asv bible translation	500
audible bible app free	500
audible bible kjv	500
audio bible app esv	500
audio bible app king james version	500
audio bible app offline	500
audio bible biblica	500
audio bible book of ephesians	500
audio bible book of james	500
audio bible book of job	500
audio bible book of john	500
audio bible book of matthew	500
audio bible book of proverbs	500
audio bible book of romans	500
audio bible cantonese	500
audio bible commentary	500
audio bible en francais	500
audio bible for sleep	500
audio bible free download mp3	500
audio bible free download offline	500
audio bible free download tagalog	500
audio bible free online listening	500
audio bible gateway dramatized	500
audio bible gospel of john	500
audio bible hindi	500
audio bible in a year	500
audio bible in ewe	500
audio bible in luganda	500
audio bible in punjabi	500
audio bible in russian	500
audio bible in swahili	500
audio bible in urdu	500
audio bible in yoruba language	500
audio bible job	500
audio bible john	500
audio bible jw org	500
audio bible king james version free download	500
audio bible kjv dramatized	500
audio bible kjv free download	500
audio bible kjv genesis	500
audio bible kjv isaiah	500
audio bible kjv revelation	500
audio bible kjv romans	500
audio bible luganda	500
audio bible luke	500
audio bible mark	500
audio bible max mclean kjv	500
audio bible mp3	500
audio bible new testament free download	500
audio bible nlt free download	500
audio bible numbers	500
audio bible old testament	500
audio bible online free nkjv	500
audio bible online niv	500
audio bible poc	500
audio bible proverbs	500
audio bible psalm 119	500
audio bible punjabi	500
audio bible reading king james version	500
audio bible reading kjv	500
audio bible reading online	500
audio bible revelation	500
audio bible study	500
audio bible telugu download	500
audio bible telugu free download mp3	500
audio bible the book of john	500
audio bible tom dooley	500
audio bible with text	500
audio bible word project	500
audio bibles online free listening	500
audio daily bible reading	500
audio kjv bible app	500
audio nkjv bible app	500
audio reading of the bible kjv	500
audio tamil bible download	500
authorised version of bible	500
authorized kjv	500
authorized kjv bible	500
authorized version bible	500
awmi bible reading plan	500
bad bible translations	500
baronius press douay rheims	500
bbe bible translation	500
beginner 12 month bible in a year reading plan printable	500
best 1 year bible reading plan	500
best audible bible app	500
best audio bible	500
best audio bible app	500
best audio bible app free	500
best bible app for beginners	500
best bible app for ipad	500
best bible app for women	500
best bible app with audio	500
best bible app without ads	500
best bible audiobook app	500
best bible edition	500
best bible in a year plan	500
best bible in a year reading plan	500
best bible reading plans	500
best bible study plan	500
best bible translation for accuracy	500
best bible translation for teens	500
best bible translation for young adults	500
best bible translation reddit	500
best bible translation to read	500
best bible version for young adults	500
best bible version to understand	500
best chronological bible reading plan	500
best dramatized audio bible free	500
best english bible	500
best english bible version	500
best english translation of the bible	500
best esv bible	500
best esv study bible	500
best free audio bible	500
best interlinear bible	500
best king james bible	500
best king james study bible	500
best king james version bible	500
best kjv study bible	500
best modern bible translation	500
best nasb study bible	500
best niv bible	500
best niv study bible	500
best nkjv bible	500
best nkjv study bible	500
best nlt bible	500
best nlt study bible	500
best one year bible reading plan	500
best order to read the bible in a year	500
best rated audio bible	500
best read the bible in a year plan	500
best selling bible translations	500
best spanish bible translation	500
best tagalog bible translation	500
best version of the bible to read	500
best way to listen to the bible	500
best way to read the bible in a year	500
best word for word bible translation	500
bible and catechism in a year	500
bible app for ipad	500
bible app listen	500
bible app plans	500
bible app that reads to you free	500
bible app without ads	500
bible audio ewe	500
bible audio john	500
bible audio online	500
bible audio pronunciations	500
bible audio proverbs	500
bible audiobook online	500
bible bilingual chinese english	500
bible chronological order reading plan	500
bible easy to read version	500
bible editions	500
bible gateway audio app	500
bible gateway audio bible app	500
bible gateway audio bible dramatized	500
bible gateway audio bible niv dramatized	500
bible gateway audio max mclean niv	500
bible gateway chronological bible reading plan	500
bible gateway chronological reading plan	500
bible gateway daily reading plan	500
bible gateway free audio bible	500
bible gateway new living translation	500
bible gateway nkjv audio	500
bible gateway reading plans today	500
bible gateway versions	500
bible hub audio bible	500
bible in 2 years reading plan	500
bible in 90 days	500
bible in a year 365 day reading plan	500
bible in a year bible study	500
bible in a year chronological	500
bible in a year chronological order	500
bible in a year chronological plan	500
bible in a year chronological reading plan	500
bible in a year day 5	500
bible in a year father mike schmitz reading plan	500
bible in a year guide	500
bible in a year in chronological order	500
bible in a year plan chronological	500
bible in a year reading guide	500
bible in a year reading plan ascension	500
bible in a year reading plan ascension press	500
bible in a year reading plan chronological	500
bible in a year reading plan fr mike	500
bible in a year reading plan printable	500
bible in a year schedule	500
bible in a year study guide	500
bible in arabic translation	500
bible in different languages	500
bible in english language	500
bible in luganda and english	500
bible in multiple languages	500
bible in one year alpha	500
bible in one year app	500
bible in one year book	500
bible in one year devotional	500
bible in russian and english	500
bible in ukrainian	500
bible international version	500
bible james version	500
bible language translations	500
bible listening to others	500
bible nrsv catholic edition	500
bible parallel translations	500
bible plan app	500
bible plan chronological	500
bible plan org	500
bible plans for beginners	500
bible plans for women	500
bible project bible in a year	500
bible project one year reading plan	500
bible read aloud app	500
bible reader app	500
bible reading 365 days	500
bible reading app audio	500
bible reading calendar	500
bible reading challenge	500
bible reading chart	500
bible reading chart printable	500
bible reading checklist	500
bible reading checklist printable	500
bible reading for new year	500
bible reading for the new year	500
bible reading for this week	500
bible reading in church	500
bible reading order	500
bible reading plan 2026 printable	500
bible reading plan 30 days	500
bible reading plan 40 days	500
bible reading plan 60 days	500
bible reading plan app	500
bible reading plan book	500
bible reading plan by book	500
bible reading plan christmas	500
bible reading plan devotional	500
bible reading plan for 1 year	500
bible reading plan for christmas	500
bible reading plan for couples	500
bible reading plan for december	500
bible reading plan for men	500
bible reading plan for new believers	500
bible reading plan for teens	500
bible reading plan for two years	500
bible reading plan for women	500
bible reading plan john macarthur	500
bible reading plan kjv	500
bible reading plan old and new testament	500
bible reading plan old testament	500
bible reading plan one chapter a day	500
bible reading plan pdf	500
bible reading plan printable free	500
bible reading plan with devotional	500
bible reading plans for families	500
bible reading plans printable	500
bible reading plans printable one year	500
bible reading plans youversion	500
bible reading program	500
bible reading schedule for a year	500
bible reading schedule jw	500
bible reading today kjv	500
bible reading tracker app	500
bible reading tracker printable	500
bible reading tracker printable free	500
bible recap chronological reading plan	500
bible recap new testament plan	500
bible recap plan	500
bible recap reading plan printable	500
bible scriptures on listening	500
bible standard version	500
bible study lesson plans	500
bible study plan for men	500
bible study plan for new believers	500
bible study plan for spiritual growth	500
bible study plan for teens	500
bible study plan for women	500
bible study plans free	500
bible study reading plan	500
bible study schedule	500
bible study tools chronological reading plan	500
bible study tools reading plan	500
bible study youversion	500
bible through a year	500
bible through the year reading plan	500
bible tlb version	500
bible today's english version	500
bible tpt version	500
bible translation comparison chart pdf	500
bible translation comparison side by side	500
bible translation guide	500
bible translations to avoid	500
bible verse planner	500
bible version closest to original	500
bible version darby	500
bible versions download	500
bible versions explained	500
bible with multiple translations	500
bible with reading plan	500
bible xhosa and english	500
biblegateway com audio bible	500
biblereadingplan	500
biblestudytools audio bible	500
biblia audio download	500
biblia audio swahili	500
biblia reina valera 1960 audio free download	500
biblia takatifu english and swahili	500
biblia wordproject	500
biblica 365 day reading plan	500
biblica bible reading plan	500
biblica niv audio bible	500
biblica reading plan	500
biblical hebrew to english	500
biblical listening	500
bilingual bible app	500
bilingual bible chinese english	500
bilingual bible english and spanish	500
bilingual bible english tagalog free download	500
bilingual bible french english	500
bilingual bible kjv	500
bilingual bible spanish english	500
bilingual bible telugu english	500
bilingual catholic bible	500
bilingual english french bible	500
bilingual niv bible	500
bivhili ya tshivenḓa 1936 free download	500
blue bible audio	500
blue letter bible audio	500
blue letter bible audio bible	500
blue letter bible audio commentary	500
blue letter bible chronological bible reading plan	500
blue letter bible chronological reading plan	500
blue letter bible plan	500
blue letter bible reading plan	500
blue letter bible reading plan chronological	500
blueletter bible audio	500
blueletterbible org audio bible	500
book at a time bible reading plan	500
book by book bible reading plan	500
book of john audio bible	500
book of matthew audio bible	500
book of mormon translation	500
book of revelation audio bible	500
book of romans audio bible	500
books of the bible reading plan	500
books of the bible removed by king james	500
books of the old testament king james version	500
brian simmons passion translation	500
bsb bible translation	500
burmese audio bible	500
buy esv bible	500
buy holy bible	500
buy king james bible	500
buy niv bible	500
calendar to read the bible in one year	500
cambridge esv bible	500
cambridge king james bible	500
catholic audio bible	500
catholic audio bible app	500
catholic bible audio book	500
catholic bible in a year reading plan	500
catholic bible reading plan	500
catholic bible study plan	500
catholic church bible version	500
catholic edition bible	500
catholic jerusalem bible	500
catholic one year bible	500
catholic revised standard version	500
ceb bible translation	500
ceb version of the bible	500
cebuano english bible	500
cev bible online	500
cev bible translation	500
chapter a day bible reading plan	500
chart to read the bible in a year	500
chinese audio bible	500
chinese union version	500
christian bible reading plan	500
christian bible versions	500
christian standard bible audio	500
christian standard bible online	500
christmas bible reading plan	500
chronological 1 year bible reading plan	500
chronological bible app	500
chronological bible audio	500
chronological bible nlt	500
chronological bible plan	500
chronological bible reading plan esv	500
chronological bible reading plan for one year	500
chronological bible reading plan one year	500
chronological bible reading schedule	500
chronological bible study	500
chronological bible study guide	500
chronological daily bible reading plan	500
chronological order of the bible chart	500
chronological read bible in a year	500
chronological read the bible in a year	500
chronological read through the bible in a year	500
chronological reading plan	500
chronological year bible reading plan	500
cjb bible	500
clementine vulgate	500
closest bible translation	500
codex sinaiticus english translation	500
colossians 1 13 kjv	500
colossians nlt	500
common bible translations	500
common english bible translation	500
comparative bible	500
complete bible reading plan	500
concordant literal new testament	500
concordant literal version	500
confraternity bible	500
contemporary english version bible online	500
couples bible study plan	500
coverdale bible online	500
coverdale psalms	500
cpdv bible	500
crossway bible reading plans	500
csb audio bible	500
csb bible audio	500
csb day by day chronological bible	500
csb version of the bible	500
daily audio bible app	500
daily audio bible bible gateway	500
daily audio bible brian	500
daily audio bible chronological	500
daily audio bible com	500
daily audio bible gateway	500
daily bible reading audio	500
daily bible reading esv	500
daily bible reading for the year	500
daily bible reading gateway	500
daily bible reading guide	500
daily bible reading new testament	500
daily bible reading plan for women	500
daily bread bible reading plan	500
daily devotional plan	500
daily new testament reading	500
daily one year bible	500
daily reading bible app	500
daily reading plan	500
darby bible translation	500
david bentley hart new testament	500
david suchet audio bible	500
david suchet audio bible free download	500
david suchet niv audio bible	500
day by day bible study	500
day by day chronological bible	500
december bible reading plan	500
defined king james bible	500
devotional bible reading plan	500
devotional plans	500
di jamiekan nyuu testiment	500
different bible translations explained	500
different versions of the bible explained	500
direct translation bible	500
discipleship journal bible reading plan	500
douay rheims & clementina vulgata	500
douay rheims bible for sale	500
douay rheims catholic bible	500
douay rheims study bible	500
douay rheims translation	500
douay rheims version	500
douay version of the bible	500
download audio bible offline	500
download bible audio offline	500
download good news bible for pc	500
download king james audio bible	500
download king james holy bible	500
download king james version audio bible	500
download niv bible for pc	500
download the holy bible king james version	500
dramatic audio bible free download	500
dramatized audio bible free download	500
dramatized audio bible gateway	500
dramatized audio bible kjv	500
dramatized audio bible niv	500
dramatized audio bible nkjv	500
dramatized bible kjv	500
easiest bible translation	500
easiest bible version	500
easter bible reading plan	500
easy english bible version	500
eliot indian bible	500
english and hebrew parallel bible	500
english audio bible download	500
english bible esv	500
english bible online niv	500
english hindi parallel bible	500
english revised version bible	500
english russian parallel bible	500
english standard version audio bible free download	500
english tamil parallel bible	500
english telugu parallel bible	500
entire bible reading plan	500
erasmus bible translation	500
essential evangelical parallel bible	500
esv audio bible app	500
esv audio bible free	500
esv audio bible free download	500
esv bible app audio	500
esv bible audio app	500
esv bible chronological reading plan	500
esv bible download	500
esv bible free download	500
esv bible in spanish	500
esv bible near me	500
esv bible read online	500
esv bible reading plan	500
esv bible with apocrypha	500
esv bibles for sale	500
esv catholic	500
esv catholic bible	500
esv catholic edition	500
esv ce bible	500
esv dramatized audio bible	500
esv hear the word audio bible	500
esv life application study bible	500
esv nlt parallel bible	500
esv one year bible	500
esv parallel bible	500
esv pastor's bible	500
esv spanish english parallel bible	500
esv study bible reading plan	500
esv translation	500
ethiopian audio bible	500
ethiopian bible translated to english	500
evangelical heritage version	500
everyday bible reading guide	500
everyday matters bible for women nlt	500
f260 bible reading plan	500
f260 reading plan	500
faith by hearing audio bible	500
faith comes by hearing audio bible	500
faith comes by hearing audio bible download	500
family bible reading plan	500
family bible reading plans	500
family bible study plans	500
father mike bible in a year reading plan	500
february bible reading plan	500
ferrar fenton	500
ferrar fenton bible	500
fire bible nlt	500
first edition king james bible	500
first edition of king james bible 1611	500
first king james bible	500
first nations version bible	500
five day bible reading	500
five day bible reading plan	500
fr mike schmitz bible in a year reading plan	500
frc bible reading plan	500
free audio bible download mp3	500
free audio bible download nkjv	500
free audio bible english standard version	500
free audio bible gateway	500
free audio bible new king james version	500
free audio bible reading	500
free audio bible study	500
free audio stories of the bible	500
free bible app that reads to you	500
free bible in a year reading plan	500
free bible reading	500
free bible reading chart	500
free bible reading plans	500
free bible reading plans printable	500
free bible reading schedule	500
free bible reading tracker	500
free bible translations	500
free chronological bible app	500
free chronological bible reading plan	500
free download audio bible new king james version	500
free king james audio bible	500
free king james version bible	500
free nasb bible	500
free new king james audio bible	500
free new king james bible	500
free new living translation audio bible	500
free new living translation bible by mail	500
free nlt bible	500
free offline audio bible download	500
free offline audio bible download mp3	500
free online chronological bible	500
free online new king james version audio bible	500
free printable bible reading plan one year	500
free printable bible reading schedule	500
free printable chronological bible reading plan	500
free printable one year bible reading plan	500
free printable read the bible in a year plan	500
free printable scripture writing plans	500
free read the bible in a year plan	500
french audio bible	500
full audio malayalam bible free download	500
full bible reading plan	500
funny bible translations	500
gateway audio bible king james version	500
gateway audio bible kjv	500
gateway audio bible niv	500
gateway bible translations	500
genesis 1 1 hebrew translation	500
genesis 1 1 interlinear	500
genesis 1 28 nlt	500
genesis 1 good news bible	500
genesis 1 hebrew interlinear	500
genesis 1 hebrew translation	500
genesis 1 interlinear	500
genesis 1 nrsv	500
genesis 3 16 esv	500
genesis 38 nlt	500
genesis 6 nlt	500
genesis audio bible	500
genesis audio bible niv	500
geneva bible 1560 online	500
geneva bible download	500
geneva bible for sale	500
geneva bible online	500
geneva bible translation	500
geneva bible with apocrypha	500
george lamsa	500
george lamsa bible	500
george m lamsa	500
gideon bible reading calendar	500
gideon bible translation	500
gnt bible audio	500
gnt bible translation	500
god's word translation	500
god's word translation bible	500
good audio bible	500
good bible reading plans	500
good bible study plans	500
good news bible audio	500
good news bible catholic	500
good news bible catholic edition	500
good news bible for sale	500
good news bible free download	500
good news bible illustrations	500
good news bible online free	500
good news bible price	500
good news bible read online	500
good news bible today's english version	500
good news bible with deuterocanonical books	500
good news bible with deuterocanonicals apocrypha	500
good news bible youth edition	500
good news translation audio bible	500
gospel of john audio bible	500
grail psalms	500
grant horner bible	500
grant horner bible reading plan	500
grant horner bible reading plan app	500
great adventure bible reading plan	500
great american bible	500
great bible 1539	500
greek to english bible translation	500
guide to read the bible in one year	500
guide to reading the bible in a year	500
gw bible translation	500
haggai 2 nlt	500
halleluyah scriptures bible	500
hawaiian bible translation	500
hawaiian pidgin bible translation	500
haydock douay rheims bible	500
hcsb bible version	500
hcsb online	500
hcsb translation	500
hear bible online	500
hear from god scripture	500
hear the bible online free	500
hebraic roots bible	500
hebrew 11 nlt	500
hebrew bible audio	500
hebrew bible tanakh	500
hebrew bible with english translation	500
hebrew english parallel bible	500
hebrew english side by side bible	500
hebrew english tanakh	500
hebrew old testament online	500
hindi and english parallel bible	500
history of bible translations	500
history of the septuagint	500
holman bibles kjv	500
holman christian standard bible online	500
holman nkjv bible	500
holy bible audio	500
holy bible audio youtube	500
holy bible douay rheims 1884	500
holy bible english version	500
holy bible from the ancient eastern text	500
holy bible in swahili and english	500
holy bible kjv online audio	500
holy bible nasb	500
holy bible new revised standard version	500
holy bible translations	500
holy bible version	500
holy bible versions	500
holy week bible reading plan	500
holy week reading plan	500
hooglied in english bible	500
horner bible reading plan	500
how long does it take to listen to the bible	500
how to read the bible every day	500
how to start reading the bible catholic	500
how to start reading the bible daily	500
how to start reading the bible for beginners	500
i have a plan for you bible	500
i know the plans i have for you nlt	500
ignatius bible rsv 2nd edition	500
in king james bible	500
in king james version	500
in the king james version	500
in the king james version of the bible	500
inclusive bible	500
inspired version of the bible	500
interlinear bible app	500
interlinear bible download	500
interlinear bible hebrew greek english	500
interlinear bible online hebrew	500
interlinear bible pdf	500
interlinear bible translation	500
interlinear hebrew bible online	500
interlinear hebrew old testament	500
interlinear new testament	500
interlinear old testament	500
interlinear online	500
international standard version	500
international standard version bible	500
isaiah 14 12 kjv	500
isaiah 41 nlt	500
isaiah 54 17 message bible	500
isaiah 55 11 nlt	500
isaiah 58 11 nlt	500
james 2 nlt	500
james 3 nlt	500
james bible audio	500
james moffatt bible	500
james nasb	500
james nkjv	500
january bible reading plan	500
jb phillips new testament	500
jb phillips translation	500
jefta bible	500
jehovah witness bible audio	500
jehovah's witness bible version	500
jeremiah 1 5 nlt	500
jeremiah 1 5 tagalog	500
jeremiah 29 nlt	500
jeremiah 30 17 nlt	500
jerome latin vulgate	500
jerome vulgate	500
jerusalem bible 1966	500
jerusalem bible online free	500
jesus storybook bible advent reading plan	500
jewish bible translation	500
jewish english bible	500
jewish new testament	500
jewish new testament commentary	500
jewish publication society bible	500
jewish version of the bible	500
jim caviezel audio bible	500
job bible audio	500
john 1 1 interlinear	500
john 1 1 new world translation	500
john 1 1 nlt	500
john 1 12 nlt	500
john 1 interlinear	500
john 1 nasb	500
john 1 new world translation	500
john 13 34 35 nlt	500
john 14 6 nlt	500
john 15 5 nlt	500
john 15 kjv audio	500
john 16 33 nlt	500
john 2 nlt	500
john 3 16 17 nlt	500
john 3 16 interlinear	500
john 3 16 nasb	500
john 3 interlinear	500
john 3 nlt	500
john 316 king james version	500
john audio bible niv	500
john macarthur bible reading plan	500
john macarthur bible study plan	500
john macarthur bible translation	500
john macarthur reading plan	500
john wycliffe bible	500
john wycliffe bible translation	500
jonah 1 nlt	500
joseph smith translating the book of mormon	500
joseph smith translation of the bible online	500
jps tanakh 1917	500
jps tanakh online	500
jude nlt	500
jw audio bible	500
jw interlinear	500
jw new world translation	500
jw org audio bible reading	500
jw org bible audio	500
kannada audio bible	500
kcm bible reading plan	500
kikuyu audio bible	500
king james 1 bible	500
king james amplified bible	500
king james and amplified bible	500
king james and niv parallel bible	500
king james audio bible app	500
king james audio bible dramatized	500
king james audio bible reading	500
king james bible app audio	500
king james bible audio download free	500
king james bible books in order	500
king james bible church	500
king james bible in spanish online	500
king james bible near me	500
king james bible old testament	500
king james bible online free reading	500
king james bible original version	500
king james bible price	500
king james bible reading plan	500
king james bible store	500
king james bible study books	500
king james bible translation	500
king james bible year	500
king james books	500
king james catholic bible	500
king james dramatized audio bible free download	500
king james easy read bible	500
king james family bible	500
king james holy bible audio	500
king james in spanish	500
king james language	500
king james lord's prayer	500
king james niv bible	500
king james old testament	500
king james only churches	500
king james parallel bible	500
king james translation	500
king james version audio bible app	500
king james version bible price	500
king james version bible study	500
king james version catholic	500
king james version of the bible online	500
king version bible	500
kingdom interlinear	500
kingdom new testament	500
kjv 1611 dictionary	500
kjv 1611 with apocrypha	500
kjv amplified bible	500
kjv amplified parallel bible	500
kjv and amplified bible	500
kjv and amplified parallel bible	500
kjv and esv parallel bible	500
kjv and niv bible	500
kjv and nkjv parallel bible	500
kjv and nkjv side by side	500
kjv and nlt parallel bible	500
kjv audio bible alexander scourby free download audio	500
kjv audio bible download	500
kjv audio bible offline free download	500
kjv audio bible offline free download mp3	500
kjv bible app audio	500
kjv bible audio youtube	500
kjv bible audiobook	500
kjv bible buy	500
kjv bible near me	500
kjv bible net	500
kjv bible translation	500
kjv bible version	500
kjv catholic	500
kjv dramatized audio bible free download	500
kjv easy read bible	500
kjv enoch	500
kjv esv parallel bible	500
kjv free online bible	500
kjv nkjv parallel bible	500
kjv nlt parallel bible	500
kjv nlt parallel bible large print	500
kjv nlt parallel study bible	500
kjv nlt people's parallel bible	500
kjv one year bible	500
kjv only churches	500
kjv parallel bible	500
kjv simple	500
kjv study bible online free	500
kjv translation	500
klingon bible	500
knox bible online	500
korean bible translations	500
koren jerusalem bible	500
koren tanakh	500
kutoka in english bible	500
lamsa bible online	500
lamsa translation	500
latin english bible	500
latin translation of the bible	500
layman's parallel bible	500
lds book of abraham	500
lds king james bible	500
learn english with the bible	500
learn spanish numbers	500
lectio divina app	500
legacy bible translation	500
lent bible reading plan	500
lent reading plan	500
lexham english septuagint	500
lexham septuagint	500
life journal bible reading plan	500
life journal reading plan	500
list of books in the king james bible	500
list of english bible translations	500
listen kjv bible	500
listen proverbs	500
listen to bible online free	500
listen to bible stories	500
listen to king james bible online	500
listen to kjv bible	500
listen to psalms	500
listen to psalms 91	500
listen to scripture online	500
listen to the bible app	500
listen to the bible king james version	500
listen to the bible max mclean	500
listen to the bible on audio	500
listen to the bible on line	500
listen to the bible on youtube	500
listen to the bible online	500
listen to the bible online free	500
listen to the bible while sleeping	500
listen to the gospel of john	500
listen to the king james bible	500
listeners audio bible	500
listening to god in the bible	500
listening to gods word	500
literal standard version bible	500
literal translation of the bible	500
literal word nasb	500
living bible online	500
living bible paraphrased	500
lord's prayer nlt	500
louis segond bible online	500
lsb audio bible	500
luganda audio bible	500
luganda english bible	500
luther bible english translation	500
luther bible in english	500
luther bible translation	500
luther translated the bible	500
lutheran bible version	500
lxx interlinear	500
lxx septuagint	500
m cheyne bible plan	500
m cheyne bible reading	500
m cheyne plan	500
macarthur bible reading plan	500
march bible reading plan	500
martin luther bible translation	500
matthew's bible 1537	500
max mclean audio bible	500
max mclean audio bible esv	500
max mclean audio bible free download	500
max mclean audio bible kjv	500
max mclean audio bible niv	500
mccheyne bible reading	500
mccheyne reading plan	500
mcshane bible reading plan	500
men's bible reading plan	500
message bible online free	500
message translation bible free download	500
mev bible translation	500
mhubiri in english bible	500
miles coverdale bible	500
mirror bible free download	500
mirror bible translation	500
mkjv bible	500
modern english version	500
modern king james version	500
modern language bible	500
modern version of the bible	500
modernized geneva bible	500
moffatt bible	500
moffatt bible translation	500
moffatt translation	500
monthly bible study plan	500
monthly scripture reading plan	500
mormon bible translation	500
most literal bible translation	500
most modern bible translation	500
most used bible version	500
mp3 audio bible download	500
msg bible translation	500
multilingual bible	500
murray mccheyne reading plan	500
myanmar bible audio	500
nab bible translation	500
nabre bible online	500
nasb 1977 online	500
nasb 1995 study bible	500
nasb 2020 bible	500
nasb 2020 study bible	500
nasb 95	500
nasb audio bible	500
nasb bible 1995	500
nasb bible download	500
nasb bible online free	500
nasb bibles for sale	500
nasb catholic bible	500
nasb chronological bible	500
nasb genesis 1	500
nasb john 3 16	500
nasb leather bible	500
nasb pocket bible	500
nasb reference bible	500
nasb study bible online	500
nasb version	500
native american bible	500
navigators reading plan	500
ncv bible online	500
ncv bible translation	500
nehemiah 8 10 nlt	500
net bible full notes	500
net bible full notes edition	500
net bible notes	500
net bible online	500
net bible translation	500
net bible version	500
new age bible versions	500
new american bible online	500
new american bible online free	500
new american bible revised edition online	500
new american bible revised edition online free	500
new american bible st joseph edition	500
new american bible translation	500
new american standard bible 2020	500
new american standard bible catholic	500
new american standard bible for sale	500
new american standard bible free download	500
new american standard bible online free	500
new american standard study bible	500
new american standard version	500
new american standard version bible	500
new american version bible	500
new believer's bible nlt	500
new believers bible reading plan	500
new catholic bible translation	500
new english standard bible	500
new english version bible	500
new international version bible gateway	500
new international version bible online	500
new international version study bible	500
new king james audio bible free download mp3	500
new king james audio bible online	500
new king james bible audio free online	500
new king james bible for sale	500
new king james bible online free download	500
new king james one year bible	500
new king james study bible online	500
new king james version audio bible free download	500
new king james version audio bible online	500
new king james version bible for sale	500
new king james version online	500
new king james version study bible online	500
new life translation bible	500
new life version bible	500
new living testament bible	500
new living translation audio bible free download	500
new living translation audio bible online	500
new living translation bible free download	500
new living translation online	500
new living translation study bible online	500
new niv	500
new niv bible	500
new pilipino version bible	500
new revised standard bible	500
new revised standard version bible online free	500
new revised standard version catholic edition national council of churches	500
new revised standard version updated edition	500
new testament 90 day reading plan	500
new testament audio bible	500
new testament audio bible free download	500
new testament bible reading plan	500
new testament bible study plan	500
new testament chronological reading plan	500
new testament in a year	500
new testament in a year reading plan	500
new testament reading plan	500
new testament reading plan in a year	500
new testament reading plan printable	500
new testament translations	500
new world translation bible cover	500
new world translation bible download	500
new world translation bible download for android	500
new world translation john 1	500
new world translation of the holy scriptures 1984	500
new world translation of the holy scriptures study edition	500
new world translation online	500
new world translation study bible	500
nicky and pippa gumbel bible in one year	500
nicky gumbel one year bible	500
nirv bible for adults	500
nirv bible online	500
nirv translation	500
niv 1984 bible for sale	500
niv 1984 bible free download	500
niv 1984 version	500
niv 2011	500
niv 84	500
niv and kjv parallel bible	500
niv and kjv side by side bible	500
niv audio bible app	500
niv audio bible david suchet	500
niv audio bible download mp3	500
niv audio bible dramatized	500
niv audio bible free download	500
niv audio bible offline free download	500
niv audio bible online free	500
niv bible 1984 edition	500
niv bible audiobook	500
niv bible audiobook free download	500
niv bible cebuano version free download	500
niv bible near me	500
niv bible online free audio	500
niv bible price	500
niv bible read online free	500
niv bible reading plan	500
niv bilingual bible	500
niv catholic bible	500
niv dramatized audio bible free download	500
niv in english	500
niv kjv nasb amplified parallel bible	500
niv listener's audio bible	500
niv message parallel bible	500
niv nvi bilingual bible	500
niv parallel bible	500
niv reader's bible	500
niv reading plan	500
niv spanish bible	500
niv tagalog	500
niv translation	500
niv84 bible	500
njps bible	500
nkjv amp parallel bible	500
nkjv amplified parallel bible	500
nkjv and nlt parallel bible	500
nkjv audio bible	500
nkjv audio bible app	500
nkjv audio bible dramatized	500
nkjv audio bible free	500
nkjv audio bible free download offline	500
nkjv bible app with audio	500
nkjv bible for sale	500
nkjv bible online audio	500
nkjv english bible	500
nkjv nlt parallel bible	500
nkjv study bible online free	500
nkjv translation	500
nkjv with apocrypha	500
nlt and kjv parallel bible	500
nlt audio	500
nlt audio bible free	500
nlt audio bible free online	500
nlt audio bible online free	500
nlt bible amazon	500
nlt bible audio online	500
nlt bible for beginners	500
nlt bible for sale	500
nlt bible free download	500
nlt bible near me	500
nlt bible online audio	500
nlt bible online free	500
nlt bible with note space	500
nlt bible with tabs	500
nlt filament bible	500
nlt fire bible	500
nlt leather bible	500
nlt life recovery bible	500
nlt new testament	500
nlt online	500
nlt parallel study bible	500
nlt pitt minion	500
nlt pocket bible	500
nlt readers bible	500
nlt reflections bible	500
nlt spiritual growth bible	500
nlt study bible leather	500
nlt study bible online	500
nlt thinline bible	500
nlt women's study bible	500
nova vulgata online	500
nrsv audio bible	500
nrsv bible online free	500
nrsv bible online free download	500
nrsv bible translation	500
nrsv catholic bible online	500
nrsv online free	500
nrsv pocket bible	500
nrsv translation	500
numbers 6 24 26 nlt	500
october bible reading plan	500
offline audio bible app	500
offline bible app download	500
old english bible	500
old king james	500
old king james bible	500
old king james bible for sale	500
old king james version	500
old king james version bible	500
old kjv bible	500
old testament bible study plan	500
old testament in a year reading plan	500
old testament kjv	500
old testament reading plan	500
old testament translation	500
oldest version of the bible in english	500
one chapter a day bible reading plan	500
one month bible reading plan	500
one year audio bible tom dooley	500
one year bible audio niv	500
one year bible book	500
one year bible by tyndale	500
one year bible daily	500
one year bible for men	500
one year bible king james version	500
one year bible new king james version	500
one year bible niv	500
one year bible nkjv	500
one year bible nlt	500
one year bible on line com	500
one year bible online app	500
one year bible online chronological	500
one year bible online com	500
one year bible online reading plan	500
one year bible reading for today	500
one year bible reading plan from genesis to revelation	500
one year bible reading plan genesis to revelation	500
one year bible reading plan tyndale	500
one year bible reading program	500
one year bible reading today	500
one year bible reflections	500
one year bible study	500
one year bible study guide	500
one year bible study plan	500
one year chronological bible niv	500
one year chronological bible nlt	500
one year daily bible reading plan	500
oneplace j vernon mcgee	500
online bible amharic	500
online bible reading in a year	500
online bible reading plans	500
online bible translations	500
online bible versions	500
online greek interlinear	500
online read the bible in a year	500
online tamil audio bible	500
online telugu audio bible	500
open source translation	500
original 1560 geneva bible for sale	500
original 1611 king james bible for sale	500
original bible translation from hebrew to english	500
original douay rheims bible	500
original geneva bible	500
original king james bible 1611 for sale	500
original king james bible online	500
orthodox bible translation	500
orthodox jewish bible	500
our daily bread bible in a year reading plan	500
our daily bread bible reading plan	500
parallel bible app	500
parallel bible english and telugu	500
parallel bible free download	500
parallel bible kjv	500
parallel bible kjv niv	500
parallel bible large print	500
parallel bible niv	500
parallel bible niv and message	500
parallel bible niv message	500
parallel bible online	500
parallel bible online free	500
parallel bible translations	500
parallel gospels	500
parallel kjv niv bible	500
parallel plus bible	500
parallel study bible	500
paraphrase bible translations	500
passion translation bible online	500
passion translation online	500
people's parallel bible	500
peshitta bible	500
peshitta bible in english	500
peshitta holy bible translated	500
peshitta new testament	500
peshitta old testament	500
peshitta online	500
phillips bible translation	500
plain english version bible	500
plan for you bible verse	500
plans proverbs	500
poc bible audio malayalam	500
popular bible translations	500
printable bible in a year plan	500
printable bible study plans	500
printable chronological bible reading plan	500
printable chronological order of the bible chart	500
printable new testament reading plan	500
printable one year bible reading plan	500
professor grant horner bible reading system	500
professor horner bible reading plan	500
proverbs 15 audio	500
proverbs audio bible kjv	500
proverbs audio bible niv	500
psalm 1 3 nlt	500
psalm 1 tpt	500
psalm 10 good news bible	500
psalm 100 4 nlt	500
psalm 101 nlt	500
psalm 104 nlt	500
psalm 107 nlt	500
psalm 108 nlt	500
psalm 121 new living translation	500
psalm 124 nlt	500
psalm 126 nlt	500
psalm 136 good news bible	500
psalm 138 good news bible	500
psalm 140 nlt	500
psalm 146 nlt	500
psalm 149 nlt	500
psalm 15 nlt	500
psalm 150 nlt	500
psalm 151 king james version	500
psalm 16 good news bible	500
psalm 16 nlt	500
psalm 17 nlt	500
psalm 18 good news bible	500
psalm 21 nlt	500
psalm 22 nlt	500
psalm 23 1 6 nlt	500
psalm 23 1 nlt	500
psalm 23 4 nlt	500
psalm 23 5 nlt	500
psalm 23 6 nlt	500
psalm 23 douay rheims	500
psalm 23 hebrew translation	500
psalm 23 in spanish kjv	500
psalm 23 living bible	500
psalm 23 nasb	500
psalm 23 nlt audio	500
psalm 23 revised standard version	500
psalm 23 translations	500
psalm 26 nlt	500
psalm 27 new living translation	500
psalm 3 3 nlt	500
psalm 31 nlt	500
psalm 34 8 nlt	500
psalm 35 gnb	500
psalm 37 good news bible	500
psalm 39 nlt	500
psalm 4 8 nlt	500
psalm 41 nlt	500
psalm 46 1 nlt	500
psalm 46 good news bible	500
psalm 46 nlt	500
psalm 56 nlt	500
psalm 57 nlt	500
psalm 62 nlt	500
psalm 64 good news bible	500
psalm 66 good news bible	500
psalm 70 good news bible	500
psalm 70 kjv audio	500
psalm 70 nlt	500
psalm 77 nlt	500
psalm 82 nlt	500
psalm 83 18 king james version	500
psalm 9 good news bible	500
psalm 9 nlt	500
psalm 90 nlt	500
psalm 91 good news bible audio	500
psalm 91 jerusalem bible	500
psalm 91 king james version bible	500
psalm 91 living bible	500
psalm 91 new living translation	500
psalm 91 nlt audio	500
psalm 91 today's english version	500
psalm 95 nlt	500
psalm 96 nlt	500
psalm nlt	500
psalms 100 nlt	500
psalms 103 good news bible	500
psalms 139 14 nlt	500
psalms 23 gnb	500
psalms 27 nlt	500
psalms 3 nlt	500
psalms 34 18 nlt	500
psalms 37 4 nlt	500
psalms 4 nlt	500
psalms reading plan	500
ranking bible translations	500
read and listen to the bible	500
read bible in 3 months	500
read bible in a month	500
read bible in a year catholic	500
read bible in a year printable	500
read bible in order	500
read bible in six months	500
read bible in year plan printable plan	500
read king james bible online	500
read kjv bible in a year	500
read niv bible online	500
read nkjv bible online	500
read the bible in 30 days	500
read the bible in 365 days	500
read the bible in 365 days plan	500
read the bible in 6 months	500
read the bible in 90 days	500
read the bible in a year app	500
read the bible in a year book	500
read the bible in a year calendar	500
read the bible in a year chart	500
read the bible in a year chronological	500
read the bible in a year plan 2026	500
read the bible in a year plan chronological	500
read the bible in a year plan pdf	500
read the bible in a year printable	500
read the bible in a year schedule printable	500
read the bible in a year study guide	500
read the bible in chronological order in a year	500
read the bible in one year chart	500
read the bible in three months	500
read the bible in two years plan	500
read the catholic bible in a year	500
read the chronological bible in a year	500
read the entire bible	500
read the living bible online	500
read the new testament in a year	500
read the old testament in a year	500
read through bible in a year chronologically	500
read through the bible	500
read through the bible chronologically	500
read through the bible in 1 year	500
read through the bible in a year chronologically	500
read through the bible in a year plan	500
read through the bible in a year planner	500
read through the bible in a year schedule	500
read through the bible in one year	500
read through the bible schedule	500
reading catholic bible in a year	500
reading new testament in a year	500
reading plan	500
reading plan for new testament	500
reading plan for the new testament	500
reading plan new testament in a year	500
reading the new testament in chronological order	500
reading the whole bible	500
reading through the bible plan	500
reb bible	500
red letter bible app	500
red letter bible meaning	500
red letter bible niv	500
red letter bible online	500
red letter bible pdf	500
redemptive historical bible reading plan	500
reina valera 1960 bilingual bible	500
reina valera bible in english	500
reina valera in english	500
revelation bible audio	500
revised grail psalms	500
revised new jerusalem bible	500
revised standard	500
revised standard version 2nd catholic edition	500
revised standard version bible online	500
revised standard version catholic edition online	500
revised standard version second catholic edition	500
revised version bible	500
robert alter bible	500
robert alter hebrew bible	500
robert alter the art of biblical narrative	500
robert alter the hebrew bible	500
robert alter translation	500
robert mccheyne bible reading plan	500
robert mcshane bible reading plan	500
robert murray m cheyne bible reading plan	500
robert murray m cheyne reading plan	500
robert murray mccheyne reading plan	500
robert murray mcshane bible reading plan	500
robert roberts bible reading plan	500
roman catholic bible online	500
romans 10 nlt	500
romans 12 1 nlt	500
romans 12 3 nlt	500
romans 4 nlt	500
romans 6 23 nlt	500
romans 8 1 nlt	500
romans 8 18 different versions	500
romans 8 38 39 nlt	500
romans 8 amplified bible	500
romans 8 the passion translation	500
romans nlt	500
ronald knox bible	500
rotherham emphasized bible	500
rsv bible translation	500
rsv second catholic edition	500
runyankole rukiga bible	500
russian audio bible	500
russian bible online	500
russian english bible	500
russian synodal bible	500
ryrie nasb study bible	500
ryrie study bible nkjv	500
saint jerome bible	500
saint joseph edition of the new american bible	500
sbl greek new testament	500
scourby audio bible	500
scourby bible app	500
scripture for listening to god	500
scripture for planning	500
scripture for today niv	500
scripture of the day king james version	500
scripture on listening to others	500
september bible reading plan	500
septuagint bible online	500
septuagint english bible	500
septuagint interlinear	500
septuagint interlinear online	500
septuagint new testament	500
septuagint online english	500
septuagint online greek english	500
septuagint online in english	500
sermon on the mount king james version	500
shakespeare king james	500
she reads truth bible plan	500
she reads truth bible reading plan	500
she reads truth devotionals	500
she reads truth leather bible	500
shona audio bible	500
shona english bible	500
side by side bible	500
side by side bible translations	500
side by side bible translations comparison	500
side by side bible versions	500
simple bible reader	500
sixto clementine vulgate	500
song of songs passion translation	500
spanish audio bible	500
spanish english parallel bible	500
speaking bible app	500
spoken bible app	500
st james version of the bible	500
st jerome bible	500
st jerome bible translation	500
st jerome vulgate	500
st joseph new american bible	500
standard bible	500
streetlights audio bible	500
study bible english	500
study bible in a year	500
study the bible in a year	500
study the bible in a year guide	500
stuttgart vulgate	500
sunrise good news bible	500
sword of the lord bible reading plan	500
syriac peshitta	500
tabletalk bible reading plan	500
talking bible app	500
talking bible kjv	500
talking bible online listen free	500
tamil and english parallel bible	500
tamil english parallel bible	500
tanakh old testament	500
tanakh the holy scriptures	500
targum bible	500
telugu and english parallel bible	500
telugu and english parallel bible free download	500
telugu english bilingual bible	500
ten commandments nlt	500
textus receptus bibles	500
the american standard bible	500
the bible audio king james version	500
the bible english	500
the bible experience audio bible	500
the bible in a year schedule	500
the bible in a year study guide	500
the bible in modern english	500
the bible in one year	500
the bible in one year app	500
the bible in one year book	500
the bible in one year online	500
the bible on listening	500
the bible one year	500
the bible project bible in a year	500
the bible project bible reading plan	500
the bible recap bible reading plan	500
the bible recap chronological reading plan	500
the bible recap one year guide	500
the bible recap plan	500
the bible recap printable reading plan	500
the bishops bible	500
the book of james king james version	500
the christian standard bible	500
the complete jewish bible	500
the coverdale bible	500
the daily audio bible	500
the epistle of jude	500
the experience audio bible	500
the first english bible	500
the good news bible online	500
the greek new testament	500
the hebrew bible a translation with commentary	500
the hebrew bible alter	500
the hebrew bible robert alter	500
the holy bible audiobook	500
the holy bible english standard version	500
the holy bible new international version	500
the holy scriptures	500
the inclusive bible	500
the jerusalem bible 1966	500
the king james	500
the king james bible 1611	500
the kingdom interlinear translation of the greek scriptures	500
the kingdom new testament	500
the knox bible	500
the layman's parallel bible	500
the learning bible contemporary english version	500
the legacy standard bible	500
the living bible online free download	500
the living bible paraphrased	500
the lord is my shepherd king james	500
the lord is my shepherd king james version	500
the lord's prayer nasb	500
the lord's prayer nlt	500
the message bible audio	500
the message peterson	500
the message the bible in contemporary language	500
the message translation	500
the mirror bible	500
the navigators bible reading plan	500
the net bible	500
the new american bible revised edition	500
the new american standard bible	500
the new english bible	500
the new king james bible online	500
the new king james version	500
the new living bible	500
the new revised standard version	500
the new world translation	500
the niv	500
the niv bible online	500
the nkjv bible online	500
the nlt study bible	500
the one year bible app	500
the one year bible audio	500
the one year bible esv	500
the one year bible for men	500
the one year bible for women nlt	500
the one year bible king james version	500
the one year bible online	500
the one year bible plan	500
the one year chronological bible niv	500
the original king james bible	500
the orthodox jewish bible	500
the passion translation bible free download	500
the passion translation bible old and new testament	500
the passion translation bible online	500
the passion translation full bible	500
the passion translation old testament	500
the passion translation online	500
the peshitta	500
the peshitta holy bible translated	500
the plan bible	500
the real king james	500
the recovery version bible	500
the revised english bible	500
the roman missal	500
the streaming bible	500
the voice translation bible app	500
the vulgate bible	500
the way living bible	500
the word on the street bible	500
the wycliffe bible	500
the wycliffe bible commentary	500
thematic bible reading plan	500
three month bible reading plan	500
three year bible reading plan	500
through the bible in 1 year	500
through the bible in a year	500
through the bible in one year	500
thru the bible schedule	500
tlv bible translation	500
tniv	500
tniv bible	500
to day bible reading	500
to the word bible reading challenge	500
top bible translations	500
tpt bible online	500
tpt bible version free download	500
tpt version of the bible	500
translation for translators bible	500
truth & life dramatized audio bible	500
truth and life dramatized audio bible	500
ttb org listen 5 year study	500
twi bible audio	500
two year bible reading plan	500
twr360 daily audio bible	500
tyndale bible dictionary	500
tyndale bible download	500
tyndale bible for sale	500
tyndale bible online	500
tyndale bible translation	500
tyndale bible william tyndale	500
tyndale greek new testament	500
tyndale new living translation bible	500
tyndale nlt	500
tyndale nlt bible	500
tyndale nlt life application study bible	500
tyndale nlt study bible	500
ubs greek new testament	500
ukrainian bible	500
united bible societies greek new testament	500
valley creek reading plan	500
versions of the bible explained	500
voice reading bible	500
vulgate english translation	500
vulgate translation	500
weekly bible study plan	500
white niv bible	500
whole bible reading plan	500
william tyndale bible translation	500
william tyndale biography	500
william tyndale new testament	500
word for word bible comic	500
word studies in the greek new testament	500
wordproject amharic bible	500
wordproject audio bible	500
wordproject audio bible kjv	500
wordproject luganda bible	500
words of jesus in red	500
world bible translation center	500
world english bible translation	500
wuest bible	500
wuest translation	500
www biblegateway com reading plans	500
wycliffe bible commentary	500
wycliffe bible online	500
wycliffe translators	500
year long bible reading plan	500
year long bible study plan	500
yoruba and english bible	500
yoruba bible audio	500
yoruba bible version	500
yoruba english bible	500
you version bible read	500
youth bible reading plan	500
youtube audio bible	500
youversion bible app offline	500
youversion bible app plans	500
youversion bible app reading plans	500
youversion bible in a year	500
youversion bible in a year plan	500
youversion bible plans	500
youversion bible recap	500
youversion bible study plans	500
youversion chronological bible reading plan	500
youversion plans	500
zephaniah 3 17 nlt	500
zondervan parallel bible	500
zulu audio bible	500
zulu english bible	500
1 chapter a day bible reading plan	50
1 john 1 audio bible	50
1 john 1 tpt	50
1 kings audio bible kjv	50
1 kings audio bible niv	50
1 timothy audio bible niv	50
1 week bible reading plan	50
1 year audio bible tom dooley	50
1 year bible app	50
1 year bible reading plan 2023	50
1 year bible reading plan app	50
1 year bible reading plan kjv	50
1 year bible reading plan old and new testament	50
1 year bible study	50
1 year bible study guide	50
1 year catholic bible reading plan	50
1 year chronological bible	50
1 year chronological bible reading plan printable	50
1 year daily audio bible brian hardin	50
1 year daily bible reading plan	50
1 year reading bible plan	50
10 02 bible reading plan	50
10 chapter bible reading plan	50
10 commandments king james version bible	50
10 day bible reading plan	50
10 list bible reading plan	50
10 month bible reading plan	50
100 day bible challenge	50
12 days of christmas bible reading plan	50
12 month bible reading plan	50
120 day bible reading plan	50
120 day chronological bible reading plan	50
14 day bible reading plan	50
15 minute bible reading plan	50
15 minutes a day bible reading plan	50
1599 geneva audio bible mp3	50
1611 king james bible 80 books	50
1611 king james bible audio	50
1611 kjv audio bible	50
1611 old english bible	50
18 month bible reading plan	50
1885 parallel bible	50
1886 parallel bible	50
1984 niv kjv parallel bible	50
2 john nlt	50
2 kings audio bible niv	50
2 month bible reading plan	50
2 thessalonians audio bible	50
2 timothy audio bible	50
2 week bible reading plan	50
2 year bible	50
2 year bible reading plan 2022	50
2 year bible reading plan 2023	50
2 year bible reading plan app	50
2 year bible reading plan old and new testament	50
2 year bible reading plan printable	50
2 year bible reading plan youversion	50
2 year catholic bible reading plan	50
2 year read through the bible plan	50
2 year reading plan	50
2 year reading plan bible	50
20 day bible reading plan	50
2001 translation an american english bible	50
2021 bible reading plan	50
2022 5 day bible reading plan	50
2022 bible in a year	50
2022 bible reading	50
2022 bible reading guide	50
2022 bible reading plan	50
2022 bible study plan	50
2022 chronological bible reading plan	50
2022 daily bible reading guide	50
2023 5 day bible reading plan	50
2023 5 day bible reading program	50
2023 bible in a year	50
2023 bible in a year reading plan	50
2023 bible reading	50
2023 bible reading guide	50
2023 bible reading plan	50
2023 bible reading plan printable	50
2023 bible reading plans	50
2023 bible study plan	50
2023 chronological bible reading plan	50
2023 daily bible reading guide	50
2023 daily bible reading plan	50
2023 five day bible reading plan	50
2023 five day bible reading program	50
2023 one year bible reading plan	50
2023 read the bible in a year	50
21 day bible challenge	50
21 day bible plan	50
21 day bible reading challenge	50
21 day bible reading challenge youversion	50
21 day fast bible reading plan	50
21 day new testament reading plan	50
21 day scripture challenge	50
26 day bible reading plan	50
26 translation bible	50
260 bible reading plan	50
260 day bible reading plan	50
28 day bible reading plan	50
3 john nlt	50
3 month new testament reading plan	50
3 month old testament reading plan	50
3 year bible plan	50
3 year bible reading plan app	50
3 year bible reading plan old and new testament	50
3 year bible reading plan printable	50
3 year bible reading plan zondervan	50
30 day bible plan	50
30 day bible reading challenge	50
30 day bible reading plan for new believers	50
30 day bible shred	50
30 day bible study plan	50
30 day chronological bible reading plan	50
30 day devotional plan	50
30 day entire bible reading plan	50
30 day gospel reading plan	50
30 day psalm reading plan	50
30 day shred bible plan	50
30 days to read the bible	50
30 days with jesus bible reading plan	50
30 days with jesus reading plan	50
31 day bible reading plan	50
316 publishing legacy standard bible	50
360 day bible reading plan	50
365 bible challenge	50
365 bible plan	50
365 bible reading	50
365 bible reading plan app	50
365 bible reading plan printable	50
365 chronological bible	50
365 chronological bible reading plan	50
365 day bible challenge	50
365 day bible reading plan app	50
365 day bible reading plan old and new testament	50
365 day bible reading schedule	50
365 day catholic bible reading plan	50
365 day chronological bible	50
365 day connect the testaments plan	50
365 day daily bible reading plan	50
365 day new testament reading plan	50
365 day plan to read the bible	50
365 day reading plan	50
365 days bible reading plan 2022	50
365 days reading the bible	50
365 days through the bible	50
365 days to read the bible	50
365 reading bible plan	50
4 month chronological bible reading plan	50
4 month new testament reading plan	50
4 translation parallel bible	50
4 translation parallel bible online	50
4 version parallel bible	50
4 year bible reading plan	50
40 day bible reading plan esv	50
40 day gospel reading plan	50
40 day lent reading plan	50
40 day new testament reading plan	50
40 day reading plan bible	50
40 day reading plan for lent	50
40 days bible reading challenge	50
40 days full bible reading plan	50
40 days lent bible reading plan	50
40 days with jesus bible reading plan	50
45 day bible reading plan	50
5 5 5 bible reading plan	50
5 by 5 by 5 bible reading plan	50
5 day bible reading	50
5 day bible reading com	50
5 day bible reading plan 2022	50
5 day bible reading plan 2023	50
5 day bible reading plan youversion	50
5 day bible reading program	50
5 day bible reading program 2023	50
5 day bible study	50
5 day chronological bible reading plan	50
5 day read through the bible in a year	50
5 day reading plan 2022	50
5 day reading plan 2023	50
5 day reading plan bible	50
5 day reading plan bible 2022	50
5 day reading plan bible 2023	50
5 day week bible reading plan	50
5 days bible reading plan 2022	50
5 minute bible reading plan	50
5 minutes a day bible reading plan	50
5 month bible reading plan	50
5 x 5 x 5 bible reading plan	50
5 year bible reading plan	50
50 day bible reading plan	50
52 bible reading plan	50
52 days bible reading plan	50
52 week bible plan	50
52 week bible reading plan chronological	50
52 week bible reading plan printable	50
52 week chronological bible reading plan	50
52 week new testament reading plan	50
52 week reading plan	50
555 bible reading plan	50
5x5 bible reading plan	50
5x5x5 reading plan	50
6 day bible reading plan	50
6 month bible plan	50
6 month bible reading plan 2022	50
6 month bible reading plan chronological	50
6 month bible reading plan old and new testament	50
6 month bible reading plan youversion	50
6 month new testament reading plan	50
6 month old testament reading plan	50
6 week bible reading plan	50
60 day chronological bible reading plan	50
60 day new testament reading plan	50
7 day bible reading plan	50
7 year bible reading plan	50
8 month bible reading plan	50
9 month bible reading plan	50
9 month chronological bible reading plan	50
90 bible reading plan	50
90 day bible challenge	50
90 day bible plan	50
90 day bible reading plan app	50
90 day bible reading plan kjv	50
90 day bible reading plan new testament	50
90 day bible reading plan old and new testament	50
90 day bible reading schedule	50
90 day chronological bible reading plan	50
90 day old testament reading plan	50
90 day psalms reading plan	50
90 day read through the bible	50
90 day reading plan	50
90 days through the bible	50
90 days through the new testament	50
90 days to read the bible	50
91 psalm nlt	50
9780593233023	50
9781585169665	50
a bible app that reads to you	50
a bible study plan	50
a chapter a day bible plan	50
a chapter a day bible reading	50
a daily bible reading plan	50
a good bible study plan	50
a guide to read the bible in one year	50
a one year bible reading plan	50
a year of reading the bible	50
a year with the bible	50
a year with the catechism 365 day reading plan	50
abarim publications interlinear	50
action bible audio	50
acts audio bible kjv	50
acts bible reading plan	50
acts niv audio bible	50
acts reading plan	50
advent bible reading plan for families	50
advent bible reading plans	50
adventist bible reading plan	50
adventure bible reading plan	50
afaan oromo bible audio	50
afrikaans audio bible mp3 download	50
afrikaans audio bybel	50
afrikaans audio bybel app	50
afrikaans english parallel bible	50
akan audio bible	50
akuapem twi audio bible	50
akuapem twi bible audio	50
alexa bible reading plan	50
alexander scourby audio bible app	50
alexander scourby audio bible download	50
alexander scourby audio bible free	50
alexander scourby audio bible free download	50
alexander scourby audio bible mp3 free download	50
alexander scourby bible app	50
alexander scourby bible reading app	50
alexander scourby dramatized audio bible	50
alexander scourby kjv audio bible app	50
alistair begg bible reading plan	50
all the words of jesus in red	50
allen jackson ministries bible reading plan	50
alyssa howard bible reading plan	50
amazon audio bible	50
amazon bilingual bible	50
amazon one year chronological bible	50
amazon parallel bible	50
american bible daily	50
american bible society bibles	50
american bible society daily	50
american bible society daily reading 2022	50
american standard audio bible	50
american standard version bible online	50
amharic audio bible download	50
amharic audio bible free	50
amharic audio bible free download	50
amharic audio bible free download for pc	50
amharic audio bible offline	50
amharic bible audio 81	50
amharic bible audio full	50
amharic bible audio mp3	50
amharic bible audio mp3 free download	50
amharic bible audio mp3 free download for pc	50
amharic bible mp3	50
amharic bible online audio	50
amharic bible study audio	50
amharic bible study with audio	50
amharic english parallel bible	50
amplified and message parallel bible	50
amplified audio bible mp3 free download	50
amplified audio bible online	50
amplified bible app download	50
amplified bible app free	50
amplified bible audio online free	50
amplified bible download for pc	50
amplified bible large print red letter	50
amplified bible online free download	50
amplified bible red letter	50
amplified bible red letter edition	50
amplified parallel bible	50
amplified parallel study bible	50
amplified study bible red letter	50
an audio bible	50
andrew wommack bible in a year	50
andrew wommack daily bible reading plan	50
ang biblia tagalog audio	50
ang dating biblia audio	50
anglican bible reading plan	50
animated audio bible	50
apocrypha audio bible	50
apostolic bible reading plan	50
app bible in one year	50
app biblia audio	50
app for listening to the bible	50
app for reading the bible in chronological order	50
app for reading the bible in one year	50
app that reads bible aloud	50
app to listen to bible	50
app to listen to the bible	50
app to read bible in chronological order	50
app to read the bible in one year	50
apps that read the bible aloud	50
april bible reading plan	50
april one year bible	50
april one year bible reading	50
arabic audio bible online	50
arabic bible audio mp3 download free	50
aramaic audio bible	50
aramaic bible audio	50
aramaic translation bible	50
asante twi audio bible	50
asante twi audio bible free download	50
asante twi bible audio mp3	50
asante twi bible audio offline	50
ascension bible in a year download	50
ascension bible in a year plan	50
ascension bible in a year study guide	50
ascension bible reading plan	50
ascension plan bible in a year	50
ascension press bible in a year plan	50
ascension press bible in a year podcast reading plan	50
ascension press bible reading plan	50
ascension press com bible in a year reading plan	50
ascension press read the bible in a year	50
ascension press reading plan	50
ascension read the bible in a year	50
ascension reading plan	50
ascensionpress com bible in a year download	50
assamese audio bible	50
asv audio bible	50
asv bible for sale	50
asv bible online	50
athmaraksha bible	50
audible bible kjv free download	50
audible bible reading app	50
audible bible study apps	50
audible daily bible devotional	50
audible daily bible reading	50
audible esv bible	50
audible niv bible	50
audible niv bible free download	50
audible nkjv bible	50
audio bible 1 timothy	50
audio bible actors voices	50
audio bible african american voices	50
audio bible afrikaans 1933	50
audio bible afrikaans 1953	50
audio bible alexander	50
audio bible american standard version	50
audio bible amplified version online	50
audio bible app download	50
audio bible app for android	50
audio bible app for blind	50
audio bible app free download	50
audio bible app free for android	50
audio bible app tagalog	50
audio bible app with james earl jones	50
audio bible app with sleep timer	50
audio bible app without ads	50
audio bible apps for android	50
audio bible apps for iphone	50
audio bible bisaya	50
audio bible book of daniel	50
audio bible book of genesis	50
audio bible book of luke niv	50
audio bible book of mark	50
audio bible book of numbers	50
audio bible brian hardin	50
audio bible by alexander scourby download	50
audio bible by david suchet	50
audio bible catholic version	50
audio bible cebuano	50
audio bible cebuano old testament	50
audio bible cebuano version	50
audio bible celebrity voices	50
audio bible cev	50
audio bible chapters	50
audio bible com listen	50
audio bible commentary app	50
audio bible commentary free	50
audio bible commentary matthew henry	50
audio bible commentary online	50
audio bible commentary verse by verse	50
audio bible concordance	50
audio bible continuous play	50
audio bible creole	50
audio bible david suchet free	50
audio bible devotional app	50
audio bible devotions	50
audio bible dictionary	50
audio bible download for pc	50
audio bible download nkjv	50
audio bible download telugu	50
audio bible dramatized esv	50
audio bible dramatized online free	50
audio bible easy to understand	50
audio bible english free download	50
audio bible english king james version	50
audio bible english kjv free download	50
audio bible english niv	50
audio bible english online	50
audio bible esv online	50
audio bible esv online free	50
audio bible experience	50
audio bible female voice	50
audio bible for android	50
audio bible for android free download	50
audio bible for android phone	50
audio bible for iphone	50
audio bible for pc	50
audio bible for pc free download	50
audio bible for pc offline	50
audio bible for seniors	50
audio bible for teens	50
audio bible for the blind	50
audio bible for vision impaired	50
audio bible for visually impaired	50
audio bible for women	50
audio bible free listening	50
audio bible free youtube	50
audio bible from genesis to revelation	50
audio bible gateway kjv dramatized	50
audio bible gateway online	50
audio bible genesis 1	50
audio bible genesis chapter 1	50
audio bible german	50
audio bible gnt	50
audio bible gujarati	50
audio bible hiligaynon	50
audio bible hindi download	50
audio bible hindi mein	50
audio bible ilocano	50
audio bible in chronological order	50
audio bible in different languages	50
audio bible in english niv free download	50
audio bible in english nkjv free download	50
audio bible in hebrew online	50
audio bible in hindi free download	50
audio bible in kannada	50
audio bible in marathi	50
audio bible in one year app	50
audio bible in tamil free download	50
audio bible in tamil offline	50
audio bible in twi free download	50
audio bible in urdu free download	50
audio bible in urdu language	50
audio bible in urdu mp3 download	50
audio bible in yoruba	50
audio bible james 1	50
audio bible james earl jones free	50
audio bible john 1	50
audio bible john chapter 1	50
audio bible john kjv	50
audio bible john niv	50
audio bible kannada	50
audio bible king james version dramatized	50
audio bible kings	50
audio bible kjv book of john	50
audio bible kjv free download mp3	50
audio bible kjv john	50
audio bible kjv matthew	50
audio bible kjv new testament	50
audio bible length	50
audio bible listen online	50
audio bible living translation	50
audio bible malayalam download	50
audio bible malayalam free download	50
audio bible malayalam mp3 free download	50
audio bible malayalam old testament	50
audio bible malayalam online	50
audio bible mandarin	50
audio bible matthew kjv	50
audio bible max mclean niv	50
audio bible memory verses	50
audio bible message translation	50
audio bible mizo	50
audio bible mp3 download nkjv	50
audio bible mp3 free download kjv	50
audio bible mp3 niv free download	50
audio bible mp3 offline download	50
audio bible new international version free download	50
audio bible new revised standard version	50
audio bible new testament kjv	50
audio bible new world translation	50
audio bible niv psalms	50
audio bible niv version	50
audio bible nkjv bible app	50
audio bible nkjv john	50
audio bible nkjv proverbs	50
audio bible nkjv psalms	50
audio bible nkjv romans	50
audio bible nkjv youtube	50
audio bible nlt dramatized	50
audio bible nlt version	50
audio bible non dramatized	50
audio bible nrsv free download	50
audio bible odia	50
audio bible offline download for pc	50
audio bible offline free	50
audio bible offline free download for pc	50
audio bible old and new testament	50
audio bible on roku	50
audio bible online continuous play	50
audio bible online nasb	50
audio bible online niv dramatized	50
audio bible online russian	50
audio bible org	50
audio bible passion translation	50
audio bible plans	50
audio bible please	50
audio bible poc malayalam	50
audio bible price	50
audio bible project	50
audio bible proverbs 1	50
audio bible psalm 23	50
audio bible psalms kjv	50
audio bible psalms niv	50
audio bible psalms nkjv	50
audio bible radio	50
audio bible read by actors	50
audio bible read by alexander scourby	50
audio bible read by black actors	50
audio bible read by celebrities	50
audio bible read by david suchet	50
audio bible reading app by alexander scourby	50
audio bible reading esv	50
audio bible reading for today	50
audio bible reading niv	50
audio bible reading plans	50
audio bible recordings	50
audio bible recovery version	50
audio bible reina valera 1960	50
audio bible revelation chapter 1	50
audio bible revelation kjv	50
audio bible romans nkjv	50
audio bible rsv	50
audio bible scripture	50
audio bible shona	50
audio bible sinhala	50
audio bible sleep	50
audio bible slow reading	50
audio bible spanish reina valera	50
audio bible spotify	50
audio bible study app	50
audio bible study for beginners	50
audio bible study genesis	50
audio bible study verse by verse	50
audio bible tagalog bagong tipan	50
audio bible tagalog download	50
audio bible tagalog dramatized free download	50
audio bible tagalog dramatized old testament	50
audio bible tagalog genesis	50
audio bible tagalog king james version	50
audio bible tagalog lumang tipan	50
audio bible tagalog niv	50
audio bible tagalog offline	50
audio bible tagalog old testament	50
audio bible tagalog version	50
audio bible tamil download	50
audio bible tamil mp3 download	50
audio bible tamil mp3 free download	50
audio bible teachings	50
audio bible teachings free	50
audio bible telugu app	50
audio bible telugu mp3	50
audio bible the book of genesis	50
audio bible the book of revelation	50
audio bible the passion translation	50
audio bible to sleep	50
audio bible torrent	50
audio bible tpt	50
audio bible verse by verse	50
audio bible verse of the day	50
audio bible verses download	50
audio bible verses for sleep	50
audio bible verses on peace	50
audio bible voices	50
audio bible with actors	50
audio bible with background music	50
audio bible with black actors	50
audio bible with different voices	50
audio bible with explanations	50
audio bible with music	50
audio bible with music background	50
audio bible with scrolling text	50
audio bible with sleep timer	50
audio bible with speed control	50
audio bible with words	50
audio bible without internet connection	50
audio bible woman voice	50
audio bible youtube psalms	50
audio bibles bible gateway	50
audio bibles for missions	50
audio bibles for sale	50
audio chronological bible app	50
audio chronological bible reading plan	50
audio daily bible devotions	50
audio daily devotional app	50
audio devotional app	50
audio holy bible in amharic free download	50
audio king james version bible app	50
audio living bible free download	50
audio offline bible download	50
audio on bible app	50
audio poc bible malayalam	50
audio shona bhaibheri	50
audio study bible app	50
audio swahili bible offline	50
audio tagalog bible free download	50
audio talking bible	50
audio tamil bible free download for mobile	50
audio tamil bible offline	50
audio telugu bible free download	50
audio twi bible download	50
audio verse app	50
audio yoruba bible download	50
audio yoruba bible free download	50
audiobook bible king james version	50
august bible reading plan	50
august one year bible	50
august one year bible reading	50
authorised version of bible in english literature	50
awana trek bible reading plan	50
b90 bible in 90 days	50
b90x bible reading plan	50
back to the bible chronological bible reading plan	50
back to the bible chronological reading plan	50
back to the bible reading plan	50
baibuli y oluganda audio	50
bangla audio bible	50
bangla bible audio	50
barnes and noble audio bible	50
beginner bible study plan for adults	50
beginner christian bible reading plan	50
beginning to end bible reading plan	50
bemba audio bible	50
bemba audio bible download	50
benefits of audio bible	50
bengali audio bible	50
berean study bible audio	50
berean study bible online	50
bereans kjv	50
best 2 year bible reading plan	50
best 3 year bible reading plan	50
best 365 day bible reading plan	50
best amplified bible	50
best app for bible reading plan	50
best app for listening to the bible	50
best app for reading bible in a year	50
best app for reading the bible in a year	50
best app to listen to the bible	50
best app to read bible in a year	50
best app to read the bible in a year	50
best app to read the bible in one year	50
best arabic bible translation	50
best aramaic bible translation	50
best audio bible app for android	50
best audio bible app for ipad	50
best audio bible app for iphone	50
best audio bible app offline	50
best audio bible commentary	50
best audio bible download	50
best audio bible for elderly	50
best audio bible for iphone	50
best audio bible in a year	50
best audio bible in a year app	50
best audio bible kjv	50
best audio bible on audible	50
best audio bible on spotify	50
best audio bible study	50
best audio bible study app	50
best audio bible voice	50
best audio catholic bible app	50
best audio daily devotional app	50
best audio devotional app	50
best bible app for listening	50
best bible app plans	50
best bible app reading plans	50
best bible app that reads to you	50
best bible app to download	50
best bible app to listen to	50
best bible app to read bible in a year	50
best bible app with explanation	50
best bible app without ads for android	50
best bible audio book	50
best bible in a year plan app	50
best bible in a year plan on bible app	50
best bible in a year plan youversion	50
best bible in a year reading plan app	50
best bible in one year	50
best bible in one year app	50
best bible in one year plan	50
best bible listening app	50
best bible plan	50
best bible plan app	50
best bible plans for couples	50
best bible plans on bible app	50
best bible plans on youversion	50
best bible plans on youversion 2022	50
best bible reading plan app	50
best bible reading plan for beginners	50
best bible reading plan for new believers	50
best bible reading plans for beginners	50
best bible study plan for beginners	50
best bible to read in a year	50
best bible translation for new believers	50
best bilingual bible	50
best bilingual bible spanish english	50
best catholic audio bible	50
best chinese bible translation	50
best chronological audio bible	50
best chronological bible app	50
best chronological bible plan	50
best chronological bible study	50
best csb bible	50
best daily audio bible app	50
best daily bible reading plan	50
best dramatized audio bible	50
best dramatized audio bible online	50
best esv audio bible	50
best esv audio bible app	50
best free audio bible app	50
best free audio bible app for android	50
best free audio bible app for iphone	50
best free audio bible for iphone	50
best free bible audio app	50
best free bible study app for iphone	50
best free online parallel bible	50
best greek new testament	50
best hebrew bible translation	50
best king james audio bible	50
best kjv audio bible	50
best kjv audio bible app	50
best nasb audio bible	50
best nasb bible	50
best niv audio bible	50
best niv audio bible app	50
best nkjv audio bible	50
best nlt audio bible app	50
best nlt bible for beginners	50
best nrsv study bible	50
best offline audio bible	50
best offline audio bible app for android	50
best offline audio bible for android	50
best one year bible	50
best one year bible plan	50
best one year bible reading app	50
best one year bible reading plan app	50
best one year bible reading plan youversion	50
best one year bible study	50
best one year chronological bible	50
best online audio bible	50
best order to read the new testament	50
best parallel bible	50
best parallel study bible	50
best plan for reading the bible in one year	50
best plan to read bible in a year	50
best plan to read the bible	50
best plan to read the bible in a year	50
best plan to read the bible in one year	50
best plans on bible app	50
best plans on the bible app	50
best plans on youversion	50
best read aloud bible app	50
best read bible in a year app	50
best read bible in a year plan	50
best read the bible in a year app	50
best read the bible in a year book	50
best read through the bible in a year app	50
best read through the bible in a year plan	50
best read through the bible plan	50
best reading plan for the bible	50
best reading plans on youversion	50
best selling bible translations 2022	50
best two year bible reading plan	50
best version to read the bible	50
best way to read bible in one year	50
best way to read new testament	50
best way to read the bible chronologically	50
best way to read the bible in one year	50
best way to read the bible in order	50
best way to read the bible through	50
best way to read the entire bible	50
best way to read the new testament	50
best way to read the whole bible in a year	50
best way to read through the bible	50
best way to read through the bible in a year	50
best way to study the bible in a year	50
best year bible reading plan	50
best year long bible study	50
best yearly bible reading plan	50
best youversion bible plans	50
best youversion plans	50
best youversion plans 2021	50
best youversion plans 2022	50
best youversion whole bible plan	50
beth moore bible reading plan	50
biay reading plan	50
bibeli mimo audio	50
bibeli yoruba audio	50
bibiliya audio	50
bibiliya yera audio	50
bibla shqip audio	50
bible 1 year reading plan printable	50
bible 3 year reading plan	50
bible 30 day reading plan	50
bible 365 plan	50
bible 5 day reading plan	50
bible 52 week reading plan	50
bible 6 month reading plan	50
bible a year schedule	50
bible and spirit of prophecy reading plan	50
bible app best plans	50
bible app chronological plan	50
bible app female voice	50
bible app for iphone that reads to you	50
bible app how to listen	50
bible app in spanish and english	50
bible app kjv audio	50
bible app narrated by james earl jones	50
bible app no ads android	50
bible app plans with friends	50
bible app read in a year	50
bible app read out loud	50
bible app that has audio	50
bible app that reads to you offline	50
bible app that you can listen to	50
bible app to read bible in a year	50
bible app to read in one year	50
bible app to read the bible in a year	50
bible app voice	50
bible app with audio version	50
bible app with reading plans	50
bible app without ads reddit	50
bible app without advertisements	50
bible asv	50
bible audible app	50
bible audio and text	50
bible audio darby	50
bible audio english download	50
bible audio for sleep	50
bible audio in twi	50
bible audio jw	50
bible audio kannada	50
bible audio mark	50
bible audio mp3 louis segond	50
bible audio swahili	50
bible audio tagalog lumang tipan	50
bible audio urdu	50
bible audio with text	50
bible audiobook app	50
bible audiobook dramatized	50
bible audiobook nkjv	50
bible bilingual english tagalog	50
bible books in spanish and english	50
bible buddy reading plan	50
bible cc parallel	50
bible chapter a day reading plan	50
bible chapters in spanish and english	50
bible chinese english bilingual version free download	50
bible chronological order in a year	50
bible chronological reading plan printable	50
bible class material reading plan	50
bible closest to original	50
bible com plans	50
bible cover to cover reading plan	50
bible daily reading guide 2022	50
bible devotional plans	50
bible discipleship reading plan	50
bible dual language	50
bible easy to read simple english version	50
bible experience app	50
bible gateway 90 day reading plan	50
bible gateway audio app for android	50
bible gateway audio bible continuous play	50
bible gateway audio bible esv	50
bible gateway audio bible online	50
bible gateway audio bible online kjv	50
bible gateway free online audio bible	50
bible gateway kjv reading plan	50
bible gateway lent reading plan	50
bible gateway listen	50
bible gateway listen to the bible	50
bible gateway one year reading plan	50
bible gateway parallel	50
bible gateway parallel bible	50
bible gateway passion translation	50
bible gateway plans	50
bible gateway read through the bible in a year	50
bible gateway the passion translation	50
bible gateway tpt	50
bible gateway yearly reading plan	50
bible how to read	50
bible in 180 days reading plan	50
bible in 3 months	50
bible in 3 years	50
bible in 3 years plan	50
bible in 30 days plan	50
bible in 30 days reading plan	50
bible in 365 days plan	50
bible in 40 days plan	50
bible in 40 days reading plan	50
bible in 6 months	50
bible in 6 months plan	50
bible in 90	50
bible in 90 days app	50
bible in 90 days chronological reading plan	50
bible in 90 days schedule	50
bible in 90 days website	50
bible in a month plan	50
bible in a year 2022 reading plan	50
bible in a year 260	50
bible in a year 5 days a week	50
bible in a year ascension press reading plan	50
bible in a year ascension reading plan	50
bible in a year audio app	50
bible in a year bible project	50
bible in a year calendar	50
bible in a year challenge	50
bible in a year chart	50
bible in a year checklist	50
bible in a year day 260	50
bible in a year day 90	50
bible in a year download	50
bible in a year mike schmitz reading plan	50
bible in a year plan 2022	50
bible in a year plan 2023	50
bible in a year plan app	50
bible in a year plan ascension	50
bible in a year podcast reading plan	50
bible in a year printable	50
bible in a year printable plan	50
bible in a year reading plan 2021	50
bible in a year reading plan 2022	50
bible in a year reading plan 2023	50
bible in a year reading plan app	50
bible in a year reading plan catholic	50
bible in a year reading plan fr mike schmitz	50
bible in a year reading plan free	50
bible in a year reading plan journal	50
bible in a year reading plan mike schmitz	50
bible in a year reading plan podcast	50
bible in a year schedule printable	50
bible in a year study guide ascension	50
bible in a year timeline ascension	50
bible in a year youversion	50
bible in chronological order in one year	50
bible in chronological order plan	50
bible in different languages online	50
bible in one year 2021	50
bible in one year 2022	50
bible in one year app 2022	50
bible in one year bible	50
bible in one year book buy	50
bible in one year calendar	50
bible in one year catholic	50
bible in one year classic	50
bible in one year commentary	50
bible in one year journal	50
bible in one year printable plan	50
bible in one year reading plan nicky gumbel	50
bible in one year youth	50
bible in one year youversion	50
bible in spanish and english online	50
bible in tagalog translation	50
bible in the year reading plan	50
bible in two years plan	50
bible in two years reading plan	50
bible journal reading plan	50
bible kannada audio	50
bible lessons on listening	50
bible meditation audio	50
bible names in different languages	50
bible names in spanish and english	50
bible niv tagalog english	50
bible old and new testament free download niv	50
bible on one page nkjv	50
bible on one year	50
bible on tape app	50
bible one year chronological reading plan	50
bible original language translation	50
bible overview reading plan	50
bible parallel passages	50
bible parallel texts	50
bible parallel versions	50
bible plan 1 year	50
bible plan 2022	50
bible plan 2023	50
bible plan chronological order	50
bible plan for 3 months	50
bible plan for 6 months	50
bible plan for couples	50
bible plan for new believers	50
bible plan for teens	50
bible plan for the year	50
bible plan to read in a year	50
bible plan to read the whole bible	50
bible plan youversion	50
bible planner 2023	50
bible plans for 2023	50
bible plans for you	50
bible plans for young adults	50
bible plans for youth	50
bible plans to read the bible in a year	50
bible project 1 year reading plan	50
bible project bible in a year plan	50
bible project bible in one year	50
bible project bible plan	50
bible project biblical storyline reading plan	50
bible project daily reading	50
bible project in a year	50
bible project new testament in a year	50
bible project new testament in one year	50
bible project new testament reading plan	50
bible project one year plan	50
bible project plan	50
bible project read bible in a year	50
bible project read the bible in a year	50
bible project read through the bible	50
bible project reading plan 2023	50
bible project reading plan app	50
bible project reading the bible	50
bible project year reading plan	50
bible project yearly reading plan	50
bible prophecy reading plan	50
bible quotes in spanish and english	50
bible read by max mclean	50
bible read out loud app	50
bible read through plans	50
bible reading 2022	50
bible reading 2023	50
bible reading 365	50
bible reading bookmark	50
bible reading calendar 2021	50
bible reading calendar 2022	50
bible reading calendar 2023	50
bible reading challenge 2022	50
bible reading challenge 2023	50
bible reading challenge app	50
bible reading challenge for youth	50
bible reading challenge org	50
bible reading challenge rachel jankovic	50
bible reading challenge to the word	50
bible reading chapter checklist	50
bible reading chart by chapter	50
bible reading chart free	50
bible reading checklist by chapter	50
bible reading checklist excel	50
bible reading checklist free download	50
bible reading com	50
bible reading com plan	50
bible reading for christmas program	50
bible reading for family	50
bible reading for one year	50
bible reading for one year plan	50
bible reading guide 2021	50
bible reading guide 2022	50
bible reading guide 2023	50
bible reading in 6 months	50
bible reading in a year app	50
bible reading in one year plan	50
bible reading list	50
bible reading log	50
bible reading log printable	50
bible reading new testament	50
bible reading new year	50
bible reading order for beginners	50
bible reading outline	50
bible reading plan 1 chapter a day	50
bible reading plan 1 month	50
bible reading plan 2021	50
bible reading plan 2021 printable	50
bible reading plan 2022	50
bible reading plan 2022 printable	50
bible reading plan 2023	50
bible reading plan 2023 app	50
bible reading plan 2023 printable	50
bible reading plan 365 days	50
bible reading plan 5 day	50
bible reading plan 5 days a week	50
bible reading plan amazing facts	50
bible reading plan and devotional	50
bible reading plan and study guide	50
bible reading plan andrew wommack	50
bible reading plan audio	50
bible reading plan beginning to end	50
bible reading plan bible project	50
bible reading plan bookmark	50
bible reading plan bullet journal	50
bible reading plan by genre	50
bible reading plan by topic	50
bible reading plan calendar	50
bible reading plan chapter a day	50
bible reading plan chart	50
bible reading plan checklist	50
bible reading plan checklist printable	50
bible reading plan chronological order one year	50
bible reading plan cover to cover	50
bible reading plan december	50
bible reading plan desiring god	50
bible reading plan excel	50
bible reading plan f260	50
bible reading plan for 1 year printable	50
bible reading plan for 12 year olds	50
bible reading plan for 2 years	50
bible reading plan for 2022	50
bible reading plan for 2023	50
bible reading plan for 3 months	50
bible reading plan for 4 months	50
bible reading plan for anxiety	50
bible reading plan for busy moms	50
bible reading plan for dating couples	50
bible reading plan for depression	50
bible reading plan for easter	50
bible reading plan for easter week	50
bible reading plan for families	50
bible reading plan for fasting	50
bible reading plan for hope	50
bible reading plan for january	50
bible reading plan for march	50
bible reading plan for married couples	50
bible reading plan for moms	50
bible reading plan for non believer	50
bible reading plan for november	50
bible reading plan for october	50
bible reading plan for pastors	50
bible reading plan for september	50
bible reading plan for shirkers and slackers	50
bible reading plan for six months	50
bible reading plan for slackers and shirkers	50
bible reading plan for slow readers	50
bible reading plan for spiritual growth	50
bible reading plan for summer	50
bible reading plan for teenage guys	50
bible reading plan for the gospels	50
bible reading plan for the new testament	50
bible reading plan for the new year	50
bible reading plan for the whole year	50
bible reading plan for tweens	50
bible reading plan for young adults	50
bible reading plan for young women	50
bible reading plan from genesis to revelation	50
bible reading plan genesis to revelation	50
bible reading plan gospel coalition	50
bible reading plan gospels	50
bible reading plan harris creek	50
bible reading plan in 2 years	50
bible reading plan in 3 months	50
bible reading plan in 30 days	50
bible reading plan in one month	50
bible reading plan in order	50
bible reading plan in telugu	50
bible reading plan john piper	50
bible reading plan journal	50
bible reading plan jw	50
bible reading plan mccheyne	50
bible reading plan new and old testament	50
bible reading plan new testament in 90 days	50
bible reading plan new testament in a year	50
bible reading plan new testament psalms and proverbs	50
bible reading plan new testament psalms proverbs	50
bible reading plan old testament in a year	50
bible reading plan old testament new testament psalms proverbs	50
bible reading plan one month	50
bible reading plan org	50
bible reading plan ot nt psalms proverbs	50
bible reading plan podcast	50
bible reading plan psalms and proverbs	50
bible reading plan read the bible in a year	50
bible reading plan robert murray mccheyne	50
bible reading plan starting today	50
bible reading plan starting with john	50
bible reading plan starting with new testament	50
bible reading plan tamil	50
bible reading plan to get closer to god	50
bible reading plan whole bible	50
bible reading plan with apocrypha	50
bible reading plan with commentary	50
bible reading plan with explanation	50
bible reading plan with podcast	50
bible reading plan with psalms and proverbs	50
bible reading plan with questions	50
bible reading plan youversion	50
bible reading plans 2023	50
bible reading plans 2023 printable	50
bible reading plans by topic	50
bible reading plans for 2022	50
bible reading plans for 2023	50
bible reading plans for dating couples	50
bible reading plans for lent	50
bible reading plans for spiritual growth	50
bible reading plans for the new year	50
bible reading plans old and new testament	50
bible reading printable	50
bible reading schedule 2023	50
bible reading schedule app	50
bible reading schedule for 1 year	50
bible reading schedule for 6 months	50
bible reading schedule in chronological order	50
bible reading schedule kjv	50
bible reading schedule pdf	50
bible reading schedule printable	50
bible reading schedule recovery version	50
bible reading system	50
bible reading time chart	50
bible reading tracker by chapter	50
bible reading tracker coloring page	50
bible reading tracker free	50
bible reading tracker free printable	50
bible reading tracker google sheets	50
bible reading tracker pdf	50
bible recap bible reading plan	50
bible recap daily reading plan	50
bible recap one year guide	50
bible recap printable plan	50
bible recap printable reading plan	50
bible recap reading plan 2023	50
bible recap reading schedule	50
bible recap schedule	50
bible schedule	50
bible schedule for one year	50
bible stories reading plan	50
bible stories to listen to	50
bible stories to listen to at night	50
bible study 1 year plan	50
bible study calendar	50
bible study lesson plans for young adults	50
bible study listening	50
bible study listening to god	50
bible study on planning	50
bible study plan 2022	50
bible study plan 2023	50
bible study plan app	50
bible study plan book	50
bible study plan for 2023	50
bible study plan for family	50
bible study plan for youth	50
bible study planner 2022	50
bible study planner printable	50
bible study plans 2023	50
bible study plans for dating couples	50
bible study plans for small groups	50
bible study plans for young adults	50
bible study plans for young couples	50
bible study plans for young women	50
bible study read the bible in a year	50
bible study reading plan for beginners	50
bible study tools bible in a year	50
bible study tools bible reading plan	50
bible study tools classic reading plan	50
bible summer reading plan	50
bible timeline reading plan	50
bible to listen	50
bible to listen to	50
bible to read in a year	50
bible tools reading plan	50
bible translation closest to original text	50
bible translation comparison app	50
bible translation comparison chart zondervan	50
bible translation comparison tool	50
bible translation in english literature	50
bible translation in tamil	50
bible verses in different languages	50
bible verses in spanish and english	50
bible version tpt	50
bible version with simple english	50
bible versions by denomination	50
bible voice reading app	50
bible yoruba and english version	50
biblegateway com reading plans	50
bibleproject advent reading plan	50
biblereading com	50
biblereading org	50
biblestudytools com audio bible	50
biblia audio app	50
biblia audio offline	50
biblia audio offline download	50
biblia bilingüe bilingual bible new king james version	50
biblia cornilescu online audio	50
biblia douay rheims	50
biblia gateway audio espanol	50
biblia mp3 download	50
biblia reina valera 1960 audio app	50
biblia tagalog audio	50
biblia ya kiswahili audio	50
biblica niv audio bible online free	50
biblica online audio bible	50
biblica read the bible in a year	50
biblical hebrew words translated to english	50
biblical storyline reading plan	50
big james bible	50
bilingual bible biblia bilingüe nlt ntv	50
bilingual bible download	50
bilingual bible english and yoruba free download	50
bilingual bible english swahili	50
bilingual bible english tagalog	50
bilingual bible english tagalog kjv	50
bilingual bible english tamil free download	50
bilingual bible for youth	50
bilingual bible free download for pc	50
bilingual bible hindi english	50
bilingual bible leather	50
bilingual bible new king james version	50
bilingual bible online	50
bilingual bible portuguese english	50
bilingual bible reina valera	50
bilingual bible reina valera 1960	50
bilingual bible reina valera 1960 nkjv	50
bilingual bible romanian english	50
bilingual bible spanish english kjv	50
bilingual bible spanish english niv	50
bilingual bible spanish english nkjv	50
bilingual bible spanish english online	50
bilingual bible study	50
bilingual bible tamil english	50
bilingual bible with thumb index	50
bilingual bibles for sale	50
bilingual bibles spanish english reina valera	50
bilingual holy bible english spanish	50
bilingual king james bible	50
bilingual new testament	50
bilingual romanian english bible	50
bilingual spanish bible	50
bilingual spanish english study bible	50
bilingual study bible	50
bilingual study bible niv	50
bilingual study bible spanish english	50
bilingual tamil english bible	50
billy graham audio bible	50
billy graham bible reading plan	50
billy graham daily bible reading plan	50
billy graham read the bible in a year	50
bisaya audio bible	50
bishops bible online	50
black audio bible	50
blb audio bible	50
blended bible reading plan	50
blue bible chronological	50
blue bible reading plan	50
blue letter bible 2 year reading plan	50
blue letter bible audio download	50
blue letter bible audio kjv	50
blue letter bible audio nkjv	50
blue letter bible chronological	50
blue letter bible chronological order	50
blue letter bible daily bible reading program	50
blue letter bible daily bible reading program chronological plan	50
blue letter bible historical reading plan	50
blue letter bible one year reading plan	50
blue letter bible parallel translations	50
blue letter chronological bible	50
blue letter chronological bible reading plan	50
bonpounou audio bible	50
book at a time reading plan	50
book of acts reading plan	50
book of common prayer bible reading plan	50
book of daniel audio bible	50
book of enoch audio bible	50
book of genesis audio bible	50
book of james audio bible nkjv	50
book of jasher audio bible	50
book of john audio bible nkjv	50
book of john reading plan	50
book of joshua audio bible	50
book of judges audio bible niv	50
book of mark audio bible	50
book of psalms reading plan	50
book of the bible to read in december	50
book reading plan	50
bread bible reading plan	50
bread bible reading program	50
breathe audio bible	50
brian from daily audio bible	50
brian hardin daily audio bible app	50
brian hardin daily bible	50
brian simmons passion bible	50
brook hills bible reading plan	50
burmese bible audio free download	50
busy mom's bible reading plan	50
buy audio bible	50
calendar bible reading plan	50
calendar for reading the bible in one year	50
calendar to read bible in a year	50
calvary chapel bible reading plan	50
can you use the bible app offline	50
candace cameron bure bible reading plan	50
canon press bible reading challenge	50
cantonese audio bible mp3 free download	50
cantonese audio bible old testament	50
carson bible reading plan	50
catholic audio bible free download	50
catholic audio bible mp3 download	50
catholic audio bible old testament	50
catholic audio bible online free	50
catholic bible app audio	50
catholic bible audio online	50
catholic bible bilingual	50
catholic bible in a year plan	50
catholic bible in a year reading plan ascension	50
catholic bible in one year reading plan	50
catholic bible one year reading plan	50
catholic bible plan	50
catholic bible reading plan 2023	50
catholic bible reading plan for beginners	50
catholic bible reading plan for lent	50
catholic bible reading schedule	50
catholic bible yearly reading plan	50
catholic bilingual bible spanish english	50
catholic chronological bible reading plan	50
catholic daily bible reading plan	50
catholic daily readings audio app	50
catholic douay bible	50
catholic good news bible download	50
catholic guide to reading the bible in a year	50
catholic holy bible audio	50
catholic lent bible reading plan	50
catholic lifetime reading plan	50
catholic living bible	50
catholic old testament audio bible	50
catholic parallel bible	50
catholic read the bible in a year plan	50
catholic reading plan	50
cbd parallel bible	50
cbn audio bible	50
cbn audio bible online	50
cbn bible reading plan	50
cbn daily bible reading plan	50
cbn read bible in a year	50
ccf bible reading plan	50
ccf bible reading plan 2022	50
cebuano audio bible	50
cebuano audio bible free download	50
cebuano bible audio	50
cebuano bible kjv online	50
celebrity audio bible	50
cepher audio bible	50
cepher bible audio	50
cev audio bible free download	50
cev learning bible	50
challies bible reading plan	50
charles stanley audio bible	50
charles stanley bible reading plan	50
charles stanley daily bible reading plan	50
charles stanley one year bible	50
charles stanley read through the bible in a year	50
chichewa audio bible	50
chichewa audio bible mp3 download	50
childrens bible audio	50
china hardin daily audio bible	50
chinese english audio bible	50
chinese english parallel bible	50
choosing a bible translation	50
christian audio bible	50
christianity cove bible reading plan	50
christkirk bible reading challenge	50
christkirk bible reading plan	50
christmas bible plan	50
christmas bible reading plan luke	50
christmas bible reading plans	50
christmas reading in the bible	50
christmas reading plan	50
christmas scripture reading plan	50
christmas scripture writing plan	50
christmas story bible reading plan	50
christmas story reading plan	50
chronological 2 year bible reading plan	50
chronological 90 day bible reading	50
chronological audio bible free	50
chronological audio bible free download	50
chronological bible app audio	50
chronological bible audio book	50
chronological bible audio online	50
chronological bible daily reading	50
chronological bible download	50
chronological bible guide	50
chronological bible in 90 days	50
chronological bible in a year app	50
chronological bible in a year reading plan printable	50
chronological bible in a year reading schedule	50
chronological bible in one year reading plan	50
chronological bible plan one year	50
chronological bible plan printable	50
chronological bible reading app	50
chronological bible reading chart	50
chronological bible reading checklist	50
chronological bible reading guide	50
chronological bible reading in one year	50
chronological bible reading list	50
chronological bible reading plan 2021	50
chronological bible reading plan 2022	50
chronological bible reading plan 2023	50
chronological bible reading plan 2023 printable	50
chronological bible reading plan 5 days a week	50
chronological bible reading plan app	50
chronological bible reading plan audio	50
chronological bible reading plan checklist	50
chronological bible reading plan joni and friends	50
chronological bible reading plan jw	50
chronological bible reading plan new testament	50
chronological bible reading plan niv	50
chronological bible reading plan old and new testament	50
chronological bible reading plan with apocrypha	50
chronological bible schedule	50
chronological bible study in a year	50
chronological bible study in one year	50
chronological bible study online	50
chronological bible study podcast	50
chronological cross reference bible reading plan	50
chronological daily bible reading plan for a year	50
chronological esv bible reading plan	50
chronological gospel reading plan	50
chronological kjv bible reading plan	50
chronological life application study bible nlt reading plan	50
chronological life application study bible one year reading plan	50
chronological life application study bible reading plan	50
chronological new testament bible reading plan	50
chronological new testament reading plan 90 days	50
chronological new testament reading plan printable	50
chronological old testament bible reading plan	50
chronological old testament in a year	50
chronological old testament reading plan	50
chronological one year bible reading plan printable	50
chronological order bible app	50
chronological order bible plan	50
chronological order bible reading plan one year	50
chronological order chronological bible reading plan	50
chronological plan for reading the bible	50
chronological reading	50
chronological reading bible plan	50
chronological reading of the bible in one year	50
chronological reading of the new testament	50
chronological reading plan bible printable	50
chronological study bible reading plan	50
church bible reading	50
church bible reading plan	50
church wide bible reading plan	50
cjb bible online	50
classic bible reading plan	50
classic comparative parallel bible	50
classic daily bible reading plan	50
clementine vulgate online	50
codex sinaiticus translation	50
combination bible	50
combined bible versions	50
coming home network bible reading plan	50
common english bible audio free	50
community bible reading schedule	50
comparative parallel bible	50
comparative study bible large print	50
comparative study bible zondervan	50
comparing scripture with scripture kjv	50
complete audio bible	50
complete audio bible mp3 download	50
complete bible in one year	50
complete evangelical parallel bible	50
complete jewish bible audio	50
complete jewish bible audio download	50
complete jewish bible online download	50
complete jewish bible parallel	50
complete parallel bible	50
comprehensive bible reading plan	50
comprehensive bible reading plan 365 days	50
contemporary bible audio	50
contemporary comparative parallel bible	50
contemporary english bible audio	50
contemporary english version audio bible online	50
contemporary english version bible audio	50
contemporary parallel bible	50
continuous audio bible	50
continuous audio bible online	50
continuous play audio bible	50
cotton patch version of the bible	50
couple bible reading plans	50
couples devotional bible reading plan	50
courage for life audio bible	50
cover the bible in one year	50
cover to cover bible reading plan	50
craig desjardins bible reading plan	50
creating a bible reading plan	50
creative bible reading plans	50
cross church bible reading plan	50
crosswalk bible reading plan	50
crossway audio bible	50
crossway bible reading plan	50
crossway chronological bible reading plan	50
crossway esv audio bible	50
crossway reading plans	50
cs idailybread org	50
csb 90 day reading plan	50
csb audio bible download	50
csb audio bible dramatized	50
csb audio bible online	50
csb bible reading plan	50
csb chronological bible reading plan	50
csb one year bible	50
csb parallel bible	50
csb reading plan	50
custom bible reading plan	50
custom bible reading plan app	50
custom one year bible reading plan	50
custom parallel bible	50
d group bible reading plan	50
da carson bible reading plan	50
dab audio bible	50
dab daily audio bible	50
daily american bible reading	50
daily audio bible app for android	50
daily audio bible brian hardin family	50
daily audio bible china hardin	50
daily audio bible chronological reading plan	50
daily audio bible download	50
daily audio bible espanol	50
daily audio bible listen	50
daily audio bible lite	50
daily audio bible mobile app	50
daily audio bible online	50
daily audio bible proverbs	50
daily audio bible psalms	50
daily audio bible reading brian	50
daily audio bible reading plan	50
daily audio bible shop	50
daily audio bible sleep	50
daily audio bible spanish	50
daily audio bible store	50
daily audio bible study	50
daily audio bible transcripts	50
daily audio bible twr 360	50
daily audio bible website	50
daily audio bible with brian	50
daily audio bible women	50
daily bible calendar	50
daily bible chronological	50
daily bible chronological order	50
daily bible guide 2020	50
daily bible in a year	50
daily bible reading 365 days	50
daily bible reading alexander scourby	50
daily bible reading audio kjv	50
daily bible reading calendar	50
daily bible reading calendar 2020	50
daily bible reading calendar kjv	50
daily bible reading challenge	50
daily bible reading chapter checklist	50
daily bible reading checklist	50
daily bible reading chronological order	50
daily bible reading guide 2020	50
daily bible reading guide 2023	50
daily bible reading list	50
daily bible reading mission	50
daily bible reading one year plan	50
daily bible reading plan 2021	50
daily bible reading plan 2023	50
daily bible reading plan app	50
daily bible reading plan catholic	50
daily bible reading plan for 2023	50
daily bible reading plan for a year	50
daily bible reading plan for beginners	50
daily bible reading plan in tamil	50
daily bible reading plan kjv	50
daily bible reading plan new testament	50
daily bible reading plan old and new testament	50
daily bible reading plan online	50
daily bible reading plan printable	50
daily bible reading plan with commentary	50
daily bible reading schedule printable	50
daily bible schedule	50
daily bible study schedule	50
daily bible verse audio	50
daily bible verse reading plan	50
daily bread bible in one year	50
daily bread bible reading schedule	50
daily bread read the bible in a year	50
daily bread reading plan	50
daily chronological bible	50
daily devotional one year bible reading plan	50
daily devotional read the bible in one year	50
daily devotional reading plan	50
daily family bible reading plan	50
daily grace bible reading plan	50
daily grace co bible reading plan	50
daily journal bible reading plan	50
daily journey audio bible	50
daily new testament bible reading plan	50
daily one year bible audio	50
daily one year bible audio and commentary	50
daily one year bible reading	50
daily psalm reading plan	50
daily reading 2023	50
daily reading plan to read the bible in a year	50
daily reading schedule	50
daily schedule for bible reading	50
daily scripture reading guide 2022	50
daily scripture writing plan 2021	50
daily walk bible audio	50
daily walk bible reading plan	50
daily walk bible schedule	50
daily walk reading plan	50
daniel bilingual bible telugu english	50
daniel fast bible reading plan	50
daniel fast reading plan	50
darby bible audio	50
darby bible online	50
dating couples bible study plan	50
david jeremiah bible reading plan	50
david jeremiah daily bible reading plan	50
david pawson unlocking the bible audio	50
david platt bible reading plan	50
david suchet audio bible download	50
david suchet bible in one year app	50
david suchet niv bible	50
day 260 bible in a year	50
day 5 bible in a year	50
day by day bible reading plan	50
day to day chronological bible	50
daystar bible reading plan	50
december bible reading challenge	50
december bible reading plans	50
december christmas bible reading plan	50
december one year bible	50
december scripture reading plan	50
deep bible study plan	50
desiring god bible reading plan	50
devotional reading plan	50
different bible reading plans	50
digging deeper daily bible reading plan	50
digital audio bible	50
direct hebrew translation bible	50
disciple journal bible reading plan	50
discipleship bible journal reading plan	50
discipleship bible plan	50
discipleship bible reading plan	50
discipleship bible reading plan john piper	50
discipleship journal bible plan	50
discipleship journal bible reading	50
discipleship journal bible reading plan book at a time	50
discipleship journal bible reading plan john piper	50
discipleship journal book at a time reading plan	50
discipleship journal plan	50
discipleship journal reading plan	50
discipleship journal reading plan app	50
discipleship journal reading plan john piper	50
discipleship journal's 5x5x5 reading plan	50
discipleship reading plan	50
discipleship reading plan john piper	50
divine mentor bible reading plan	50
divine mentor daily reading plan	50
divine mentor reading plan	50
dj bible reading plan	50
don carson bible reading plan	50
don finto bible reading plan	50
douay rheims 1582	50
douay rheims audio bible	50
douay rheims bible online for free	50
douay rheims bible reading plan	50
douay rheims daily readings	50
douay rheims psalms	50
douay version	50
download amplified study bible	50
download audio bible app	50
download audio bible mp3 offline	50
download audio bible verses	50
download audio twi bible for pc	50
download audio yoruba bible	50
download audio yoruba bible offline	50
download bible gateway audio	50
download bible in one year app	50
download bible reading	50
download biblia audio mp3	50
download bilingual bible english swahili	50
download complete audio bible mp3	50
download complete yoruba audio bible mp3	50
download daily bible reading	50
download free audio bible app	50
download good news bible in bemba	50
download new testament audio bible	50
download one year bible reading plan	50
download speaking bible	50
download tamil audio bible mp3	50
download the talking bible	50
download tpt bible	50
download twi audio bible mp3	50
download twi bible audio	50
download voice bible	50
download yoruba audio bible mp3	50
downloadable bible reading plans	50
downloads for king james version	50
dr charles stanley bible reading plan	50
dr constable audio bible study	50
dr george guthrie bible reading plan	50
dr grant horner bible reading plan	50
dr horner bible reading plan	50
dramatic bible reading app	50
dramatized audio bible app	50
dramatized audio bible download	50
dramatized audio bible mp3 free download	50
dramatized audio bible new international version niv complete bible	50
dramatized audio bible nkjv on online free	50
dramatized audio bible offline	50
dramatized audio bible online	50
dramatized catholic audio bible	50
dramatized nkjv audio bible mp3 free download	50
dumc bible reading plan	50
dutch english parallel bible	50
e sword audio bible	50
e100 bible reading challenge	50
e100 bible reading plan	50
e100 reading plan	50
earliest bible translation	50
easter bible plan	50
easter reading plan	50
easter week bible reading plan	50
easter week reading plan	50
easy audio bible	50
easy bible audio	50
easy bible reading plan	50
easy bible reading plan for beginners	50
easy english audio bible	50
easy english bible audio	50
easy listening bible	50
easy to read bible audio	50
easy to read version bible audio	50
easy to understand audio bible	50
easy to use audio bible	50
easy version of bible to read	50
easy way to read the bible in a year	50
eat this book bible reading plan	50
editable bible reading plan	50
efik audio bible	50
elca bible version	50
electronic audio bible	50
elevation church bible reading plan	50
emphasized bible	50
emphatic diaglott online	50
end of year bible study	50
end of year bible study ideas	50
english and telugu parallel bible	50
english audio bible app	50
english audio bible kjv	50
english audio bible nkjv free download	50
english audio bible online	50
english bible audio mp3 free download	50
english bible audio reading and listening	50
english german parallel bible kjv	50
english greek parallel bible	50
english malayalam bilingual bible	50
english russian parallel bible kjv	50
english russian parallel bible nasb	50
english spanish bible online	50
english spanish parallel bible online	50
english swahili bible kjv	50
english swahili parallel bible	50
english telugu parallel bible free download	50
english to cebuano bible translation	50
english to spanish bible translation niv	50
english to telugu bible parallel	50
english to yoruba bible translation	50
enoch audio bible	50
entire bible audio	50
ephesians reading plan	50
episcopal bible reading plan	50
erv audio bible	50
erv bible audio	50
essential 100 bible reading plan	50
essential jesus reading plan	50
esther nlt	50
esther reading plan	50
esv advent reading plan	50
esv amplified parallel bible	50
esv and niv parallel bible	50
esv audio bible download	50
esv audio bible matthew	50
esv audio bible mp3 free download	50
esv audio bible offline	50
esv audio bible psalms	50
esv audio bible youtube	50
esv bible audiobook	50
esv bible in a year plan	50
esv bible listen online	50
esv bible mp3	50
esv bible mp3 download	50
esv bible plan	50
esv bible read aloud	50
esv bible study plan	50
esv bilingual bible	50
esv chronological audio bible	50
esv chronological reading plan	50
esv daily bible reading plan	50
esv daily reading plan	50
esv german english parallel bible	50
esv hear the word audio bible book	50
esv hear the word audio bible chapters	50
esv hear the word audio bible free download	50
esv interlinear bible	50
esv kjv parallel	50
esv kjv side by side bible	50
esv listen online	50
esv literary study bible reading plan	50
esv message parallel bible	50
esv nasb parallel bible	50
esv niv parallel bible	50
esv nkjv parallel bible	50
esv one year bible reading plan	50
esv org bible reading plans	50
esv org reading plans	50
esv parallel study bible	50
esv read the bible in a year plan	50
esv reading plan	50
esv spanish english bible	50
esv spanish english parallel bible leather	50
esv study bible audio	50
esv study bible daily reading plan	50
esv study bible one year reading plan	50
esv through the bible in a year	50
ethiopian amharic bible audio	50
ethiopian orthodox bible 81 audio	50
ethiopian orthodox bible audio	50
evangelical parallel bible	50
every day in the word bible reading plan	50
every day in the word reading plan	50
every day with jesus 365 day bible with reading plan	50
every day with jesus one year bible	50
every word in the bible reading plan	50
everyday bible reading plan	50
everyday with jesus bible reading plan	50
ewe bible audio download	50
ewtn audio bible	50
exegeses parallel bible	50
exodus reading plan	50
ezekiel audio bible niv	50
f260 bible	50
f260 bible plan	50
f260 bible reading	50
f260 bible study	50
f260 new testament	50
f260 new testament reading plan	50
f260 plan	50
f260 reading plan 2022	50
f260 reading plan 2023	50
f260 reading plan app	50
f260 reading plan new testament	50
faith comes by hearing audio bible tagalog	50
faith comes by hearing esv audio bible	50
faith comes by hearing kjv audio bible	50
faith comes by hearing telugu audio bible	50
falam bible audio	50
fall bible reading plan	50
family bible reading	50
family bible reading plan 2021	50
family radio audio bible	50
family radio audio bible reading	50
family research council bible reading plan	50
fante bible audio	50
farsi english bilingual bible	50
farsi english parallel bible	50
fast bible reading plan	50
father mike schmitz bible in a year plan	50
fcbh audio bible download	50
february one year bible	50
female voice audio bible	50
feminist bible translation	50
find audio bible	50
first complete english translation of the bible	50
first latin bible	50
first nations new testament	50
first nations translation bible	50
first nations version an indigenous translation of the new testament	50
first nations version new testament	50
first time bible reading order	50
first time bible reading plan	50
five day a week bible reading plan	50
five day bible reading 2023	50
five day bible reading com	50
five day bible reading plan 2023	50
five day bible reading program	50
five day chronological bible reading plan	50
five day reading plan	50
five year bible reading plan	50
foundations 260 day bible reading plan	50
foundations a 260 day bible reading plan for busy believers	50
foundations bible reading plan	50
foundations book robby gallaty	50
foundations f260 new testament	50
foundations f260 reading plan	50
foundations gallaty	50
foundations new testament reading plan	50
foundations new testament robby gallaty	50
foundations old testament reading plan	50
foundations reading plan	50
foundations robby and kandi gallaty	50
foundations robby gallaty	50
four translation parallel bible	50
fr mike schmitz bible reading plan	50
francis chan bible reading plan	50
francois du toit mirror bible	50
free 1 year bible reading plan	50
free 2023 bible reading plan	50
free 365 day bible reading plan	50
free advent reading plan	50
free afrikaans audio bible download	50
free amplified bible	50
free amplified bible by mail	50
free audible niv bible	50
free audio bible apocrypha	50
free audio bible app for android	50
free audio bible app for iphone	50
free audio bible app kjv	50
free audio bible app niv	50
free audio bible app nkjv	50
free audio bible app offline	50
free audio bible apps for iphone	50
free audio bible commentary online	50
free audio bible continuous play	50
free audio bible download for android without internet	50
free audio bible download for windows 10	50
free audio bible for android phone	50
free audio bible hear and read	50
free audio bible in a year	50
free audio bible in chronological order	50
free audio bible in english	50
free audio bible king james bible hear and read	50
free audio bible king james hear and read	50
free audio bible mp3	50
free audio bible nasb	50
free audio bible new living translation	50
free audio bible niv new testament	50
free audio bible online kjv alexander scourby	50
free audio bible online nasb	50
free audio bible online no downloads	50
free audio bible passion translation	50
free audio bible read and listen	50
free audio bible reading online	50
free audio bible studies online	50
free audio bible study verse by verse	50
free audio bible verses	50
free audio chronological bible app	50
free audio daily bible reading	50
free audio devotional app	50
free audio nkjv bible listening	50
free audio urdu bible download offline	50
free bible app without ads	50
free bible gateway audio app	50
free bible in a year plan	50
free bible listening app	50
free bible plans	50
free bible reading checklist	50
free bible reading guide	50
free bible reading plan for beginners	50
free bible reading plan for one year	50
free bible reading plan printable	50
free bible stories to listen to	50
free bible study lesson plans	50
free bible study plans for beginners	50
free catholic audio bible	50
free catholic audio bible app	50
free chichewa audio bible download	50
free chronological bible study	50
free chronological bible study guide	50
free daily audio bible	50
free daily bible reading plan	50
free download audio bible tagalog version	50
free download tamil audio bible	50
free dramatized audio bible	50
free esv audio bible app	50
free ewe audio bible download	50
free family bible study plans	50
free french bible louis segond	50
free gateway audio bible	50
free haitian creole audio bible	50
free king james audio bible app	50
free king james bible audiobook	50
free kjv audio bible alexander scourby	50
free kjv audio bible app	50
free listen to the bible	50
free new king james audio bible app	50
free new testament audio bible	50
free new testament reading chart	50
free niv audio bible app	50
free nkjv audio bible download for pc	50
free offline afrikaans audio bible download	50
free offline audio bible app	50
free offline audio bible download for pc	50
free offline audio bible download mp3 for pc	50
free offline audio kjv bible download for pc	50
free offline audio niv bible download mp3	50
free offline audio nkjv bible download for pc	50
free offline audio yoruba bible download mp3	50
free offline niv audio bible download for android	50
free offline niv audio bible download for pc	50
free offline tamil audio bible download mp3	50
free offline yoruba audio bible download mp3	50
free one year audio bible	50
free one year bible	50
free one year bible reading plan	50
free online audio bible reading kjv	50
free online audio bible reading niv	50
free online bible reading plans	50
free online kjv bible audio dramatized	50
free parallel bible	50
free printable 2 year bible reading plans	50
free printable bible chapter checklist	50
free printable bible in a year reading plan	50
free printable bible reading chart	50
free printable bible reading checklist	50
free printable bible reading plan for beginners	50
free printable bible reading plans 2023	50
free printable bible reading tracker	50
free printable bible study planner	50
free printable daily bible reading plan	50
free printable read the bible in a year schedule	50
free printable read through the bible in a year	50
free read the bible in a year	50
free read the bible in one year	50
free read through the bible in a year plan	50
free spanish audio bible	50
free voice bible app	50
free yearly bible reading plan	50
french audio bible app	50
french english bible side by side	50
french english parallel bible	50
french english parallel bible online	50
fresh start bible reading plan	50
full audio bible	50
full audio bible mp3 download	50
full bible reading plan in tamil	50
full year bible reading plan	50
fun bible reading plans	50
ga audio bible	50
ga bible audio	50
gateway audio bible app	50
gateway audio bible com	50
gateway audio bible dramatized	50
gateway bible audio reading	50
gateway bible listen online	50
gender inclusive bible translations	50
gender neutral bible	50
gender neutral bible translations	50
general conference of sda bible reading plan	50
genesis 1 1 hebrew interlinear	50
genesis 1 passion translation	50
genesis 14 audio bible	50
genesis 2 hebrew interlinear	50
genesis 22 audio bible	50
genesis 4 audio bible	50
genesis audio bible esv	50
genesis audio bible kjv	50
genesis audio bible nlt	50
genesis audio bible tagalog	50
genesis bible study plan	50
genesis chapter 1 audio bible	50
genesis good news bible	50
genesis in the bible audio	50
genesis kjv audio bible	50
genesis passion translation	50
genesis reading plan	50
genesis tamil audio bible	50
genesis to revelation bible reading plan	50
geneva bible notes	50
genre bible reading plan	50
george guthrie bible reading plan	50
george guthrie chronological bible	50
george lamsa bible online	50
george m lamsa bible	50
german audio bible free download	50
german english bible parallel online	50
german english parallel bible	50
ghetto bible translation	50
giant print parallel bible	50
gideon bible reading plan	50
gideon daily bible reading calendar	50
go bible study plan	50
go through the bible in a year	50
god is listening scripture	50
god translated in hebrew	50
god's word audio bible	50
god's word translation bible free download	50
good audio bible app	50
good bible plans	50
good news bible audio app	50
good news bible audio mp3 download	50
good news bible audio online free	50
good news bible book buy	50
good news bible download free download	50
good news bible english and kiswahili	50
good news bible free download for pc	50
good news bible gateway	50
good news bible in bemba	50
good news bible in chitonga	50
good news bible reading plan	50
good news bible with deuterocanonical books apocrypha	50
good news kjv	50
good news scripture kjv	50
good plans on the bible app	50
google audio bible	50
gospel bible reading plan	50
gospel coalition bible in a year	50
gospel coalition bible reading plan	50
gospel coalition bible reading plan 2023	50
gospel coalition reading plan	50
gospel of john reading plan	50
gospel of luke audio bible	50
gospel of mark audio bible	50
gospel of mark reading plan	50
gospel parallel bible	50
gospel parallel online	50
gospel project bible reading plan	50
gospel reading plan	50
gospels chronological reading plan	50
gospels in 40 days reading plan	50
gospels in a year reading plan	50
gospels in chronological order reading plan	50
grace audio bible	50
grace bible audio	50
grace bible reading plan	50
grace to you bible reading plan	50
grant horner bible reading	50
grant horner bible reading plan checklist	50
grant horner bible reading system	50
grant horner reading plan	50
great adventure bible timeline reading plan	50
great bible reading plans	50
greek audio bible	50
greek orthodox bible audio	50
green's interlinear bible	50
group bible study plans	50
guide for reading bible in a year	50
guide for reading the bible through in a year	50
guide to read the bible chronologically	50
guide to reading the bible in chronological order	50
guided reading bible 365 days	50
guideposts parallel bible	50
gujarati audio bible	50
guthrie bible reading plan	50
guthrie chronological bible reading plan	50
gwt bible	50
haitian creole audio bible	50
haitian creole english parallel bible	50
half year bible reading plan	50
halleluyah scriptures bible download	50
halleluyah scriptures bible free	50
halleluyah scriptures english hebrew parallel edition	50
hand held audio bible	50
harris creek bible reading plan	50
hausa audio bible	50
hausa bible translation	50
hawaiian bible audio	50
hawaiian pidgin bible audio	50
hcsb bible online	50
hcsb parallel bible	50
hear and read the bible	50
hear bible study	50
hear bible study method pdf	50
hear the bible	50
hear the bible app	50
hear the bible read out loud	50
hear the word audio bible	50
heartlight bible reading plan	50
hebrew 11 1 nlt	50
hebrew audio bible by verse	50
hebrew audio bible free download	50
hebrew audio bible mp3 free download	50
hebrew audio bible new testament	50
hebrew audio bible online	50
hebrew audio bible psalms	50
hebrew bible audio free	50
hebrew bible audio verse by verse	50
hebrew bible parallel	50
hebrew bible reading plan	50
hebrew bible robert alter	50
hebrew english audio bible	50
hebrew english interlinear audio bible	50
hebrew english parallel bible online	50
hebrew in spanish bible	50
hebrew interlinear online	50
hebrew kjv parallel bible	50
hebrew new testament interlinear	50
hebrew study bible in english	50
hebrews reading plan	50
hendrickson parallel bible	50
henry groves bible reading plan	50
hiligaynon audio bible	50
hindi audio bible app	50
hindi audio bible app download	50
hindi audio bible download	50
hindi audio bible download mp3	50
hindi audio bible free download for pc	50
hindi audio bible free download mp3	50
hindi audio bible mp3	50
hindi audio bible offline	50
hindi audio bible offline free download	50
hindi audio bible old testament mp3 download	50
hindi audio bible online	50
hindi english audio bible	50
hindi english parallel bible free download	50
hindi english parallel bible online	50
historical bible reading plan	50
history of english bible translations	50
hmong audio bible	50
hokkien audio bible	50
holman bilingual bible	50
holman christian standard bible audio	50
holy bible 1611 king james version	50
holy bible app read to you	50
holy bible audio download	50
holy bible audio free	50
holy bible audio free download	50
holy bible audio psalms	50
holy bible audio version	50
holy bible contemporary english version book	50
holy bible george lamsa	50
holy bible in different languages	50
holy bible in latin	50
holy bible king james version 1611 edition	50
holy bible king james version book of psalms	50
holy bible listen free	50
holy bible new american standard	50
holy bible new living translation book	50
holy bible niv audio free download	50
holy bible parallel edition	50
holy bible people's parallel edition	50
holy bible plans	50
holy bible reading plan	50
holy bible tbn parallel edition	50
holy week bible plan	50
homeschool bible reading plan	50
horner bible reading system	50
horner reading plan	50
how many hours is the audio bible	50
how to learn spanish easy way	50
how to read the bible in a year app	50
how to read the bible in a year catholic	50
how to read the bible in a year chart	50
how to read the bible in a year chronologically	50
how to read the bible in a year for beginners	50
how to read the bible in a year plan	50
how to read the bible in a year schedule	50
how to start reading the bible again	50
how to start reading the bible everyday	50
how to start reading the bible for the first time	50
how to start reading the bible reddit	50
hum audio bible	50
hum audio bible app	50
hungarian english parallel bible	50
hunter street bible reading plan	50
husband and wife bible reading plan	50
husband listen to wife bible	50
i want to listen to the bible	50
i want to read the bible in a year	50
i year bible reading plan	50
ibhayibheli zulu bible audio	50
icb audio bible	50
icb bible audio	50
idailybread bible app	50
igbo audio bible	50
igbo audio bible free download	50
igbo audio bible offline	50
ilocano audio bible	50
ilocano audio bible free download	50
ilocano bible audio	50
immersion bible reading plan	50
in depth bible reading plan	50
in depth bible study plan	50
in touch bible reading plan	50
in touch ministries audio bible	50
in touch ministries bible reading plan	50
inclusive bible translation	50
individual bible study plans	50
indonesian english bilingual bible	50
inspired word of god kjv	50
intense bible study plan	50
interactive bible reading plan	50
interlinear bible genesis 1	50
interlinear bible online free	50
interlinear study bible	50
international standard bible	50
into thy word bible reading plan	50
irish audio bible	50
isaiah 18 nlt	50
isaiah 40 22 hebrew translation	50
isaiah 41 10 good news bible	50
isaiah 41 10 translation	50
isaiah 43 passion translation	50
isaiah 43 the passion translation	50
isaiah 49 good news bible	50
isaiah 53 4 5 nlt	50
isaiah 53 septuagint	50
isaiah 54 the passion translation	50
isaiah 58 the passion translation	50
isaiah audio bible esv	50
isaiah bible study plan	50
isaiah passion translation	50
isaiah reading plan	50
isaiah the passion translation	50
isizulu audio bible	50
j vernon mcgee through the bible audio	50
jack hibbs one year bible audio	50
jamaican audio bible	50
james 1 audio bible	50
james audio bible esv	50
james bible in hindi	50
james bible malayalam	50
james earl jones audio bible app	50
january bible reading plan 2023	50
january one year bible reading	50
january scripture reading plan	50
japanese audio bible	50
japanese english bilingual bible	50
japanese english parallel bible	50
jay p green literal translation bible	50
jb phillips bible audio	50
jeff cavins bible reading plan	50
jen wilkin bible reading plan	50
jeremiah 1 5 king james version	50
jeremiah 16 nlt	50
jeremiah 29 11 14 nlt	50
jeremiah 29 11 the passion translation	50
jeremiah 29 11 verse of the day	50
jeremiah 29 good news bible	50
jeremiah nlt	50
jerusalem bible for sale	50
jesse tree reading plan	50
jesus audio bible	50
jesus bible reading plan	50
jesus centered bible reading plan	50
jesus storybook bible advent plan	50
jesus storybook bible audio download	50
jesus storybook bible bilingual	50
jesus storybook bible easter reading plan	50
jesus storybook bible reading plan	50
jewish bible audio	50
jewish bible audio english	50
jewish bible reading plan	50
jim caviezel audio bible app	50
jn darby bible	50
job audio bible kjv	50
job reading plan	50
joel osteen bible reading plan	50
john 1 1 5 nlt	50
john 1 1 nasb	50
john 1 12 nasb	50
john 1 audio bible	50
john 14 audio bible	50
john 3 16 translations	50
john 3 36 nlt	50
john 3 audio bible	50
john ankerberg audio bible	50
john audio bible esv	50
john audio bible nkjv	50
john audio bible nlt	50
john bible audio niv	50
john bible reading plan	50
john chapter 1 audio bible	50
john darby bible	50
john macarthur audio bible	50
john macarthur bible reading plan printable	50
john macarthur bible reading plans	50
john macarthur bible reading schedule	50
john macarthur daily bible reading plan	50
john macarthur legacy standard bible	50
john macarthur one year bible	50
john macarthur read through the bible in a year plan	50
john piper bible in a year	50
john piper bible reading plan	50
john piper bible reading plan 2022	50
john piper discipleship reading plan	50
john piper reading plan	50
john reading plan	50
john wycliffe translated the bible from which language	50
jonah nlt	50
joni and friends bible reading plan	50
joni eareckson tada bible reading plan	50
joseph prince bible reading plan	50
joseph smith translation genesis	50
joseph smith's new translation of the bible	50
journal bible reading plan	50
joyce meyer audio bible	50
joyce meyer bible reading plan	50
joyce meyer daily bible reading plan	50
jps audio bible	50
jubilee bible translation	50
jude interlinear	50
judith audio bible	50
july bible reading plan	50
july bible reading plan 2022	50
july one year bible	50
july one year bible reading	50
june bible reading plan	50
june bible writing plan	50
june one year bible reading	50
junia in the bible kjv	50
justin taylor bible reading plans	50
jw audio bible reading	50
jw bible reading plan	50
jw library audio bible	50
jw org bible reading and listening	50
jw org bible reading plan	50
kachin bible audio	50
kalenjin bible audio	50
kankanaey bible	50
kannada and english parallel bible	50
kannada audio bible app	50
kannada audio bible download	50
kannada audio bible download for mobile	50
kannada audio bible free	50
kannada audio bible mp3 free download	50
kannada audio bible offline	50
kannada english parallel bible	50
karen audio bible	50
karen bible audio	50
keith moore bible reading plan	50
kenneth copeland bible reading plan	50
kenneth copeland one year bible reading plan	50
kenneth wuest bible	50
kenneth wuest bible online	50
khmer audio bible	50
khmer bible audio free download	50
kikuyu audio bible free download	50
kikuyu audio bible offline download	50
kindle audio bible	50
king james 1611 apocrypha online	50
king james amplified bible free download	50
king james amplified parallel bible	50
king james amplified study bible	50
king james amplified version	50
king james and amplified parallel bible	50
king james and niv parallel study bible	50
king james audio app	50
king james audio bible gateway	50
king james audio bible offline	50
king james bible audio download mp3	50
king james bible audio free kjv	50
king james bible audio read and listen	50
king james bible audio reading	50
king james bible easy to understand	50
king james bible english and spanish	50
king james bible for sale near me	50
king james bible genesis 1 3	50
king james bible kjv audio bible free offline	50
king james bible kjv free bible verses audio	50
king james bible max mclean	50
king james bible read and listen	50
king james bible read free online	50
king james bible text	50
king james bible with apocrypha for sale	50
king james church	50
king james edition	50
king james english translator	50
king james international bible	50
king james living bible parallel	50
king james niv	50
king james niv bible online	50
king james one year bible	50
king james read and listen	50
king james study bible audio	50
king james version of	50
king james version scriptures	50
kingdom bible reading plan	50
kingdom reading plan	50
kings and chronicles parallel	50
kinyarwanda bible audio	50
kiswahili audio bible	50
kiwi audio bible	50
kj3 bible	50
kjv 1960	50
kjv amp parallel study bible	50
kjv amplified	50
kjv amplified parallel bible free download	50
kjv amplified parallel bible giant print	50
kjv amplified parallel bible large print	50
kjv amplified parallel bible leather	50
kjv amplified parallel bible online	50
kjv amplified parallel bible red letter edition	50
kjv amplified side by side bible	50
kjv amplified study bible	50
kjv and amplified side by side bible	50
kjv and message parallel bible	50
kjv and nasb parallel bible	50
kjv and niv parallel study bible	50
kjv audio bible alexander scourby free download	50
kjv audio bible alexander scourby luke	50
kjv audio bible alexander scourby revelation	50
kjv audio bible alexander scourby romans	50
kjv audio bible download alexander scourby	50
kjv audio bible download mp3	50
kjv audio bible dramatized john	50
kjv audio bible dramatized mp3 download	50
kjv audio bible female voice	50
kjv audio bible genesis	50
kjv audio bible matthew	50
kjv audio bible mp3	50
kjv audio bible offline free download for pc	50
kjv audio bible online free download	50
kjv audio bible proverbs	50
kjv audio bible revelation	50
kjv audio bible with text	50
kjv authorized version	50
kjv bible app that reads to you	50
kjv bible app without ads	50
kjv bible audio read along	50
kjv bible audiobook free	50
kjv bible catholic	50
kjv bible for sale near me	50
kjv bible listen online	50
kjv bible reading plan for one year	50
kjv bible study for beginners	50
kjv bilingual bible english spanish	50
kjv by max mclean	50
kjv chinese parallel bible	50
kjv chronological audio bible	50
kjv chronological bible reading plan	50
kjv daily bible reading schedule	50
kjv dramatized audio bible mp3	50
kjv dramatized audio bible online	50
kjv esv parallel bible online	50
kjv esv parallel study bible	50
kjv listen	50
kjv living bible parallel	50
kjv message parallel bible	50
kjv mev parallel bible	50
kjv nasb parallel bible	50
kjv niv parallel bible online	50
kjv niv parallel bible red letter	50
kjv niv parallel study bible	50
kjv nkjv niv nlt parallel bible	50
kjv nkjv parallel	50
kjv nkjv parallel bible large print	50
kjv nkjv parallel bible leather	50
kjv nkjv parallel bible online	50
kjv nlt parallel bible giant print	50
kjv nlt parallel bible leather	50
kjv nlt parallel bible online	50
kjv nlt parallel bible red letter	50
kjv offline audio bible	50
kjv parallel	50
kjv parallel bible commentary	50
kjv parallel bible large print	50
kjv parallel bible online	50
kjv parallel study bible	50
kjv reader's bible	50
kjv spanish english bible	50
kjv study bible audio	50
kjv tagalog audio bible free download	50
kjv yearly bible reading plan	50
konkani audio bible	50
konkani bible audio	50
korean audio bible	50
korean english bilingual bible	50
korean english parallel bible	50
korean english parallel bible online	50
la bible audio en creole	50
la biblia online en audio	50
la sainte bible louis segond audio	50
lamsa bible download	50
lao bible audio	50
large print parallel bible kjv niv	50
latin audio bible	50
latin audio bible old testament	50
latin english bible side by side	50
latin english parallel bible	50
latin vulgate audio bible	50
latin vulgate bible free download	50
latin vulgate english parallel	50
lcbc bible reading plan	50
lcms bible reading plan	50
lcms bible reading plan 2021	50
lds bible audio	50
lds scripture reading plan	50
lds scripture study plan	50
learn english through bible	50
learn english through bible stories	50
learn english through the bible	50
learn english with bible stories	50
learn spanish by reading the bible	50
learn spanish through the bible	50
learn spanish with the bible	50
learning and teaching english through the bible pdf	50
learning bible contemporary english version	50
learning english through bible stories	50
learning english with the bible pdf	50
leather bilingual bible	50
leather one year bible	50
leather parallel bible	50
leb bible translation	50
lectio divina bible reading plan	50
lectio divina reading plan	50
lectionary bible reading plan	50
legacy bible reading plan	50
legacy reading plan	50
legacy standard bible amazon	50
legacy standard bible audio	50
legacy standard bible download	50
legacy standard bible for sale	50
legacy standard bible full version	50
legacy standard bible john macarthur	50
legacy standard bible macarthur	50
lent bible plan	50
lent bible reading plan 2021	50
lent bible reading plan 2022	50
lent bible reading plan catholic	50
lent bible reading plans	50
lent days bible reading 2021	50
lent gospel reading plan	50
lent new testament reading plan	50
lent scripture reading plan	50
lenten bible reading plan 2022	50
liberal bible translations	50
life application bible reading plan	50
life application parallel study bible	50
life application study bible 365 day reading plan	50
life application study bible audio	50
life application study bible reading plan	50
life journal daily reading schedule	50
life journal reading plan wayne cordeiro	50
life of david bible reading plan	50
lifeway audio bible	50
lifeway bible reading plan	50
ligonier 2022 bible reading plans	50
ligonier chronological bible reading plan	50
ligonier org bible reading plans	50
list of bible reading plans	50
list of books in the 1611 king james bible	50
list of books in the geneva bible	50
list of gender neutral bible translations	50
listen and obey scripture	50
listen and read bible online free	50
listen bible online niv	50
listen bible verses free online	50
listen in bible	50
listen kjv	50
listen online bible reading	50
listen online talking bibles	50
listen talking bible	50
listen talkingbibles org	50
listen to alexander scourby	50
listen to alexander scourby read the bible	50
listen to amir tsarfati	50
listen to amplified audio bible online free	50
listen to amplified bible online free	50
listen to audio bible free	50
listen to audio bible online kjv free	50
listen to bible in one year	50
listen to bible offline	50
listen to bible online free niv	50
listen to bible reading	50
listen to bible reading online free	50
listen to bible stories at night	50
listen to bible stories for adults	50
listen to bible stories free	50
listen to bible stories online free	50
listen to books of the bible	50
listen to catholic bible	50
listen to catholic bible online	50
listen to daily audio bible	50
listen to daily bible reading	50
listen to daily mass readings	50
listen to dr j vernon mcgee	50
listen to dramatized bible online free	50
listen to ephesians	50
listen to esv bible	50
listen to galatians	50
listen to healing scriptures	50
listen to her voice women of the hebrew bible	50
listen to isaiah	50
listen to j vernon mcgee	50
listen to james earl jones read the bible	50
listen to jeremiah	50
listen to king james audio bible	50
listen to king james bible alexander scourby	50
listen to kjv online	50
listen to lds scriptures online	50
listen to les feldick	50
listen to leviticus	50
listen to max mclean audio bible online	50
listen to nasb bible online	50
listen to new king james bible online	50
listen to new king james bible online free	50
listen to new living translation bible online	50
listen to new testament online free	50
listen to niv bible	50
listen to niv dramatized audio bible	50
listen to nkjv audio bible	50
listen to nkjv bible online	50
listen to old testament	50
listen to old testament online	50
listen to philippians	50
listen to proverbs 1	50
listen to proverbs 31	50
listen to proverbs online	50
listen to psalm 119	50
listen to psalms online	50
listen to psalms online free	50
listen to science and health with key to the scriptures	50
listen to tara leigh cobble	50
listen to the amplified bible online	50
listen to the bible app free	50
listen to the bible audio	50
listen to the bible being read	50
listen to the bible chronologically	50
listen to the bible dramatized	50
listen to the bible esv	50
listen to the bible experience free online	50
listen to the bible free app	50
listen to the bible in 90 days	50
listen to the bible in a year app	50
listen to the bible in a year free	50
listen to the bible in arabic	50
listen to the bible in chronological order	50
listen to the bible in one year	50
listen to the bible in one year app	50
listen to the bible nkjv	50
listen to the bible offline	50
listen to the bible on my phone	50
listen to the bible online free kjv	50
listen to the bible online free nkjv	50
listen to the bible online free nlt	50
listen to the bible org	50
listen to the bible while you sleep	50
listen to the bible with james earl jones	50
listen to the book of proverbs	50
listen to the catholic bible online for free	50
listen to the esv bible online	50
listen to the holy bible king james version	50
listen to the holy bible online	50
listen to the holy spirit scripture	50
listen to the kjv bible dramatized	50
listen to the lord scripture	50
listen to the message bible	50
listen to the new testament	50
listen to the new testament online	50
listen to the old testament	50
listen to the old testament online free	50
listen to the passion translation	50
listen to the voice of god scripture	50
listen to the whole bible	50
listen to thru the bible	50
listener's bible app	50
listener's bible in a year plan	50
listeners bible app	50
listening bible in hindi	50
listening in the bible proverbs 18 13	50
listening to god bible study	50
listening to others in the bible	50
listening to the language of the bible	50
liturgical bible reading plan	50
liturgical calendar bible reading plan	50
litv bible	50
living bible audio	50
living bible audio download	50
living bible download	50
living bible online free download	50
logos audio bible	50
logos bible reading plan	50
logos chronological bible reading plan	50
logos reading plans	50
lolcat bible translation project	50
lookout bible reading plan	50
lord's prayer nasb	50
lost books of the bible audio	50
lost books of the bible audio free	50
luganda audio bible app download	50
luganda audio bible download	50
luganda audio bible free download	50
luganda audio bible mp3	50
luganda audio bible offline	50
luganda bible audio download	50
luke audio bible kjv	50
luke audio bible niv	50
luke audio bible nkjv	50
luke christmas reading plan	50
luke reading plan	50
luke reading plan for christmas	50
lumang tipan audio bible	50
lumang tipan audio bible free download	50
luo audio bible	50
luther bible 1534 online	50
lutheran bible reading plan	50
m cheyne bible	50
m cheyne bible calendar	50
m cheyne bible reading calendar	50
m cheyne bible reading plan 2 year	50
m cheyne bible reading plan 2023	50
m cheyne bible reading plan app	50
m cheyne bible reading plan audio	50
m cheyne bible reading plan carson	50
m cheyne bible reading plan esv	50
m cheyne bible reading plan excel	50
m cheyne bible reading plan printable	50
m cheyne bible reading plan youversion	50
m cheyne bible reading schedule	50
m cheyne calendar	50
m cheyne calendar for daily readings	50
m cheyne chart of daily bible readings	50
m cheyne daily bible reading plan	50
m cheyne esv	50
m cheyne one year reading plan	50
m cheyne reading	50
m cheyne reading calendar	50
m cheyne reading plan app	50
m cheyne reading plan esv	50
m cheyne reading plan printable	50
m cheyne yearly bible reading plan	50
macarthur daily bible reading plan	50
macarthur read through the bible in a year	50
macarthur study bible reading plan	50
machine bible reading plan	50
majority text bible translations	50
malayalam audio bible app	50
malayalam audio bible free download for pc	50
malayalam audio bible mp3 free download	50
malayalam audio bible offline	50
malayalam audio bible offline download	50
malayalam audio bible poc	50
malayalam bible audio mp3 download	50
malayalam bible audio online	50
malayalam bible reading audio	50
malayalam bible study audio	50
malayalam bible voice	50
malayalam catholic audio bible	50
malayalam english bilingual bible	50
malayalam poc audio bible	50
marathi audio bible download	50
marathi audio bible free download	50
marathi audio bible mp3 free download	50
march bible reading plan 2022	50
march one year bible	50
march one year bible reading	50
marilyn hickey bible reading plan	50
mark 1 audio bible	50
mark audio bible esv	50
mark audio bible niv	50
mark audio bible nkjv	50
marriage bible reading plan	50
marriage bible study plan	50
married couple bible study plan	50
matthew 5 audio bible	50
matthew audio bible esv	50
matthew audio bible kjv	50
matthew bible reading plan	50
matthew chapter 1 audio bible	50
matthew esv audio bible	50
matthew everhard bible reading plan	50
matthew niv audio bible	50
matthew reading plan	50
matthew tamil audio bible	50
max lucado bible reading plan	50
max lucado read the bible in a year	50
max mclean audio bible app	50
max mclean audio bible kjv free download	50
max mclean bible app	50
max mclean bible narrator	50
max mclean kjv	50
max mclean niv	50
may bible reading plan	50
may one year bible	50
may one year bible reading	50
mccheyne 2 year bible reading plan	50
mccheyne bible	50
mccheyne bible calendar	50
mccheyne bible plan	50
mccheyne bible reading calendar	50
mccheyne bible reading plan 2021	50
mccheyne bible reading plan 2022	50
mccheyne bible reading plan app	50
mccheyne bible reading plan esv	50
mccheyne daily bible	50
mccheyne daily bible reading plan	50
mccheyne esv	50
mccheyne reading plan esv	50
mclean bible church bible reading plan	50
mclean bible church bible reading plan 2022	50
mclean bible church reading plan 2022	50
mclean bible reading plan	50
mclean bible reading plan 2022	50
mcshane bible in a year	50
mcshane bible plan	50
mcshane bible reading	50
mcshane reading plan	50
mechanical translation bible	50
melissa kruger bible reading plan	50
message bible reading plan	50
message nkjv parallel bible	50
messenger audio bible	50
messianic bible reading plan	50
messianic bible reading plan 2022	50
messianic jewish bible reading plan	50
methodist bible reading plan	50
mev audio bible	50
michael coley bible reading plan	50
middle english bible	50
mike schmitz bible in a year reading plan	50
mike winger passion translation	50
miles coverdale quotes	50
mirror bible audio	50
mirror bible online	50
mizo audio bible	50
mizo bible audio download	50
mizo holy bible audio	50
mjaa bible reading plan	50
modern bible books	50
modern day bible translations	50
modern english version audio bible	50
monthly bible reading	50
monthly bible reading challenge	50
monthly bible reading plan 2022	50
monthly bible reading plan 2023	50
monthly bible reading plans	50
monthly bible study guide	50
moody 3 year bible reading plan	50
moody church bible reading plan	50
moravian bible reading plan	50
morning and evening bible reading plan	50
morning bible reading plan	50
most accurate chronological bible reading plan	50
most popular audio bible	50
most popular bible reading plans	50
most popular bible translations 2021	50
most popular english bible translations	50
most popular youversion reading plans	50
most translated bible	50
most translated bible in the world	50
mother daughter bible reading plan	50
multilingual bible app	50
multilingual bible download	50
multilingual bible online	50
murray m cheyne bible reading plan	50
murray mccheyne bible reading plan	50
murray mcshane bible reading plan	50
murray mcshane reading plan	50
murray mcshane reading plan esv	50
my bible audio	50
my bible plan	50
my bible reading plan	50
my daily bread kjv bible with daily reading plan	50
my favorite bible in a year reading plan	50
my son listen to me bible	50
myanmar bible audio download	50
myles coverdale bible	50
myles munroe bible reading plan	50
nab audio bible	50
nab bible audio	50
nabre audio bible	50
nabre translation	50
narrated bible app	50
nasb 1971 online	50
nasb 1995 bible online	50
nasb 2020 free download	50
nasb 2020 macarthur	50
nasb 2020 online	50
nasb 77	50
nasb amplified bible	50
nasb amplified parallel bible	50
nasb amplified parallel bible leather	50
nasb audio bible app	50
nasb audio bible download	50
nasb audio bible dramatized	50
nasb audio bible free download	50
nasb audio bible mp3	50
nasb audio bible mp3 download	50
nasb audio bible mp3 free download	50
nasb audio bible offline	50
nasb bible 2020	50
nasb bilingual bible	50
nasb chronological bible reading plan	50
nasb concordance	50
nasb concordance online	50
nasb message parallel bible	50
nasb new testament	50
nasb niv parallel bible	50
nasb nkjv parallel bible	50
nasb nlt parallel bible	50
nasb one year bible	50
nasb parallel bible	50
nasb preacher's bible	50
navigator discipleship tool 5x5x5	50
navigators 5x5x5	50
navigators bible in a year plan	50
navigators bible plan	50
navigators bible reading plan 2023	50
navigators bible reading plan app	50
navigators daily bible reading plan	50
navigators discipleship bible reading plan	50
navigators discipleship journal bible reading plan	50
navigators discipleship reading plan	50
navigators new testament reading plan	50
navigators org bible reading plan	50
navigators read the bible in a year	50
navigators read through the bible in a year	50
navpress bible reading plan	50
nelson's kjv nkjv parallel bible with center column references	50
nepali audio bible old testament	50
nestle aland greek new testament online	50
net bible audio	50
net bible free download	50
net bible full notes online	50
new american bible audio	50
new american bible audio free	50
new american bible free download	50
new american bible st joseph medium size edition	50
new american catholic bible audio	50
new american standard bible 2020 online	50
new american standard bible audio	50
new american standard bible audio download	50
new american standard bible audio download free	50
new american standard bible audio online free	50
new american standard one year bible	50
new and living way kjv	50
new audio bible	50
new bible reading plan	50
new bible translation 2022	50
new bible translations list	50
new bible versions 2021	50
new century version study bible	50
new christian bible reading plan	50
new christian reading plan	50
new english bible 1970 online	50
new english translation audio bible	50
new english translation bible download	50
new english version bible online	50
new hope bible reading plan	50
new hope reading plan	50
new international audio bible	50
new international study bible	50
new international version quotes	50
new james bible	50
new jerusalem audio bible	50
new jerusalem bible online free	50
new king james amplified bible	50
new king james amplified parallel bible	50
new king james bible audio download free	50
new king james bible online website	50
new king james bilingual bible	50
new king james dramatized audio bible	50
new king james version audio bible app	50
new king james version audio bible voice only	50
new king james version book buy	50
new king james version nkjv audio bible new testament	50
new king james version nkjv audio bible old testament	50
new layman's parallel bible	50
new living audio bible	50
new living translation audio bible app	50
new living translation audio bible download	50
new living translation audio bible dramatized	50
new living translation bible download for pc	50
new living translation bible for sale	50
new living translation bible free download for pc	50
new living translation one year bible reading plan	50
new living translation parallel bible	50
new living version	50
new revised standard version bible free download	50
new revised standard version catholic edition online	50
new revised standard version download	50
new testament 1 year reading plan	50
new testament 30 day reading plan	50
new testament 90 days	50
new testament and psalms reading plan	50
new testament bible plan	50
new testament bible reading plan in 3 months	50
new testament bible reading plan one year	50
new testament chronological bible reading plan	50
new testament chronological order reading plan	50
new testament chronological reading plan 180 days	50
new testament daily reading plan	50
new testament devotional plan	50
new testament in 30 days	50
new testament in 365 days	50
new testament in 90 days app	50
new testament in 90 days reading plan	50
new testament in a year bible reading plan	50
new testament in a year plan	50
new testament in a year reading plan printable	50
new testament in one month	50
new testament in one year reading plan	50
new testament one year reading plan	50
new testament parallel bible	50
new testament psalms and proverbs reading plan	50
new testament psalms proverbs reading plan	50
new testament reading calendar	50
new testament reading chart	50
new testament reading chart 2023	50
new testament reading chart free	50
new testament reading guide	50
new testament reading order	50
new testament reading plan 1 year	50
new testament reading plan 120 days	50
new testament reading plan 180 days	50
new testament reading plan 2022	50
new testament reading plan 60 days	50
new testament reading plan chronological	50
new testament reading schedule	50
new testament reading tracker	50
new testament study plan	50
new testament year reading plan	50
new translation of the holy scriptures	50
new version bible download	50
new world translation bible audio	50
new world translation of the holy scriptures 2013 revision	50
new world translation of the holy scriptures download free	50
new world translation of the holy scriptures study edition download	50
new year bible challenge	50
new year bible plan	50
new year bible reading plan	50
newest bible translation 2021	50
newest bible translation 2022	50
nicky gumbel bible reading plan	50
nicky gumbel read the bible in a year	50
nicky gumbel the bible in one year	50
nirv bible audio	50
niv 1984 audio bible	50
niv 1984 audio bible free download	50
niv 1984 audio bible online free	50
niv 365 devotional reading plan	50
niv amharic audio bible	50
niv amplified parallel bible	50
niv and amplified side by side bible	50
niv and kjv side by side bible large print	50
niv and kjv side by side study bible	50
niv and message parallel study bible	50
niv and nlt side by side bible	50
niv and the message side by side bible	50
niv and the message side by side bible large print	50
niv audio bible download	50
niv audio bible dramatized mp3 free download	50
niv audio bible in one year	50
niv audio bible in one year read by david suchet	50
niv audio bible listen online for free	50
niv audio bible mp3	50
niv audio bible offline	50
niv audio bible online free download	50
niv audio bible read by david suchet	50
niv audio bible youtube	50
niv bible app with audio	50
niv bible app without ads	50
niv bible audio youtube	50
niv bible experience	50
niv bible in a year reading plan	50
niv bible in spanish and english	50
niv bible listen online for free	50
niv bible mp3	50
niv bible mp3 download	50
niv bible on tape	50
niv bible read aloud	50
niv bible read out loud	50
niv bible reading audio	50
niv catholic bible online	50
niv chronological audio bible	50
niv chronological bible audio	50
niv daily bible reading plan	50
niv dramatized audio bible app	50
niv english spanish bible	50
niv free online	50
niv gender neutral	50
niv holy bible audio	50
niv kjv nasb amp comparative study bible	50
niv kjv parallel bible large print leather	50
niv kjv parallel bible red letter large print	50
niv live audio bible	50
niv live bible experience app	50
niv message parallel bible large print	50
niv nkjv nlt the message	50
niv nkjv parallel bible	50
niv nlt parallel bible	50
niv one year bible large print	50
niv one year bible online	50
niv one year bible reading plan	50
niv parallel study bible	50
niv study bible audio	50
niv the message parallel study bible	50
niv the message parallel study bible large print	50
nkjv amplified bible	50
nkjv amplified parallel bible large print	50
nkjv amplified parallel bible leather	50
nkjv amplified parallel study bible	50
nkjv and amplified parallel bible	50
nkjv and message parallel bible	50
nkjv and niv parallel bible	50
nkjv audio bible john	50
nkjv audio bible mp3	50
nkjv audio bible mp3 free download	50
nkjv bible audiobook	50
nkjv bible buy online	50
nkjv bible online free download	50
nkjv bible read aloud	50
nkjv bible reading plan	50
nkjv bilingual bible	50
nkjv bilingual bible leather	50
nkjv chronological audio bible	50
nkjv chronological bible reading plan	50
nkjv dramatized audio bible free download	50
nkjv dramatized audio bible online	50
nkjv nlt parallel bible large print	50
nkjv one year bible reading plan	50
nkjv parallel bible	50
nkjv voice only audio bible	50
nkjv voice only audio bible download free	50
nlt 365 day reading plan	50
nlt amplified parallel bible	50
nlt and message parallel bible	50
nlt audio bible app	50
nlt audio bible download mp3	50
nlt audio bible mp3 download	50
nlt audio bible mp3 free download	50
nlt audio bible offline	50
nlt bible audio app	50
nlt bible audio download	50
nlt bible buy online	50
nlt bible download for pc	50
nlt bible in a year reading plan	50
nlt bible online free download	50
nlt bible reading plan	50
nlt bibles in bulk	50
nlt bilingual bible	50
nlt chronological bible reading plan	50
nlt daily bible reading	50
nlt dramatized audio bible	50
nlt esv parallel bible	50
nlt holy sanctuary audio bible	50
nlt message parallel bible	50
nlt ntv bilingual bible	50
nlt one year bible audio	50
nlt one year bible online	50
nlt one year bible reading plan	50
nlt one year chronological bible reading plan	50
nlt parallel bible	50
nlt parallel study bible large print	50
nlt reading plan	50
nlt reference bible	50
nlt study bible free download	50
norwegian audio bible	50
november bible reading plan	50
november bible reading plan 2022	50
november one year bible	50
nrsv audio bible app	50
nrsv audio bible free	50
nrsv audio bible online	50
nrsv audio bible online free	50
nrsv bible audio mp3 free download	50
nrsv catholic bible audio mp3 free download	50
nrsv catholic bible free download	50
nrsv parallel bible	50
nt bible reading plan	50
nt chronological reading plan	50
nt f260 reading plan	50
nt reading plan	50
nt wright bible reading plan	50
nt wright bible translation	50
nt260 reading plan	50
nuer bible audio	50
numbers 1 nlt	50
numbers 6 24 26 passion translation	50
numbers audio bible niv	50
numbers audio bible nkjv	50
nvi bilingual bible	50
nwt bible cover	50
october bible reading plan 2022	50
october one year bible	50
october one year bible reading	50
odia audio bible	50
odia bible audio	50
offline audio bible download for android	50
offline audio bible esv	50
offline audio bible mp3 free download kjv	50
offline bible app for android	50
offline bible app for android free download	50
offline bible app for iphone	50
offline bible app for pc	50
offline bible app for pc free download	50
offline bible app with audio	50
offline bible app with different versions	50
offline kjv audio bible	50
offline malayalam audio bible free download	50
offline telugu audio bible	50
offline youversion bible	50
ok google audio bible	50
old and new testament reading plan	50
old testament 1 year reading plan	50
old testament and new testament reading plan	50
old testament audio bible free download	50
old testament audio bible kjv	50
old testament audio bible tagalog	50
old testament bible plan	50
old testament chronological order reading plan	50
old testament in a year	50
old testament in a year plan	50
old testament new testament psalms proverbs reading plan	50
old testament new testament reading plan	50
old testament one year reading plan	50
old testament reading chart printable	50
old testament reading plan 30 days	50
old testament reading plan 6 months	50
old testament reading plan in 60 days	50
old testament reading plan in 90 days	50
old testament reading plan in a year	50
old testament reading plan one year	50
old testament reading schedule	50
old testament telugu audio bible	50
old testament year reading plan	50
oldest version of the bible online	50
olive tree audio bible	50
olive tree bible app audio	50
olive tree bible audio	50
olive tree bible reading plans	50
olive tree chronological bible reading plan	50
olive tree reading plans	50
once a day bible reading plan	50
once a week bible study plan	50
one week bible reading plan	50
one with god is majority kjv	50
one year audio bible app	50
one year audio bible by tom dooley	50
one year audio bible free	50
one year audio bible kjv	50
one year audio bible narrated by tom dooley	50
one year audio bible reading	50
one year audio bible with commentary	50
one year bible amplified version	50
one year bible april	50
one year bible audio and commentary	50
one year bible audio book	50
one year bible audio commentary	50
one year bible audio free	50
one year bible audio kjv	50
one year bible audio nkjv	50
one year bible august	50
one year bible barnes noble	50
one year bible calendar	50
one year bible catholic edition	50
one year bible challenge	50
one year bible colleges	50
one year bible com	50
one year bible commentary	50
one year bible companion	50
one year bible december	50
one year bible download	50
one year bible dr bill creasy	50
one year bible esv large print	50
one year bible esv online	50
one year bible february	50
one year bible for new believers	50
one year bible for teens	50
one year bible for women nlt	50
one year bible for youth	50
one year bible free	50
one year bible free download	50
one year bible giant print	50
one year bible guide	50
one year bible january	50
one year bible journal	50
one year bible july	50
one year bible june	50
one year bible large print	50
one year bible leather	50
one year bible march	50
one year bible may	50
one year bible message translation	50
one year bible new testament	50
one year bible nicky gumbel	50
one year bible niv large print	50
one year bible nlt large print	50
one year bible nlt reading plan	50
one year bible november	50
one year bible october	50
one year bible online audio app	50
one year bible online daily reading	50
one year bible online february	50
one year bible online january	50
one year bible online july	50
one year bible online september	50
one year bible plan printable	50
one year bible printable reading plan	50
one year bible program	50
one year bible reading app	50
one year bible reading audio	50
one year bible reading calendar	50
one year bible reading journal	50
one year bible reading online	50
one year bible reading online audio	50
one year bible reading plan 2021	50
one year bible reading plan 2022	50
one year bible reading plan 2023	50
one year bible reading plan 5 days a week	50
one year bible reading plan app	50
one year bible reading plan audio	50
one year bible reading plan bookmark	50
one year bible reading plan download	50
one year bible reading plan for beginners	50
one year bible reading plan in chronological order	50
one year bible reading plan in order	50
one year bible reading plan in tamil	50
one year bible reading plan john macarthur	50
one year bible reading plan laminated pamphlet	50
one year bible reading plan new testament	50
one year bible reading plan old and new testament	50
one year bible reading plan old new psalms proverbs	50
one year bible reading plan straight through	50
one year bible reading plan tamil	50
one year bible reading plan with apocrypha	50
one year bible reading plan with commentary	50
one year bible reading plan with devotional	50
one year bible reading plan with psalms and proverbs	50
one year bible september	50
one year bible spanish	50
one year bible study book	50
one year bible study course	50
one year bible study online	50
one year bible the message	50
one year bible today	50
one year bible versions	50
one year bible weekly	50
one year bible weekly reading	50
one year chronological	50
one year chronological bible app	50
one year chronological bible audio	50
one year chronological bible esv	50
one year chronological bible reading	50
one year chronological bible reading plan kjv	50
one year chronological bible reading plan printable	50
one year chronological bible study guide	50
one year chronological bible tyndale	50
one year chronological new testament reading plan	50
one year chronological reading plan	50
one year daily audio bible	50
one year daily bible reading plan printable	50
one year plan for bible reading	50
one year printable bible reading plan for beginners	50
one year reading	50
one year reading plan	50
one year through the bible reading plan	50
one year weekly bible reading	50
online audio bible english	50
online audio bible study	50
online audio bible tamil	50
online audio tamil bible	50
online bible audio free download	50
online bible plans	50
online bible reading plan one year	50
online bible reading tracker	50
online bible study plans	50
online chronological bible reading plan	50
online chronological bible study	50
online daily bible reading audio	50
online one year bible audio	50
online one year bible reading plan	50
online parallel bible gateway	50
online parallel bible translations	50
online parallel study bible	50
online urdu bible audio	50
open audio bible	50
open source bible app	50
open source means free	50
order to read new testament	50
original hebrew bible translation	50
original king james version bible online	50
original translation of john 3 16	50
original tyndale bible for sale	50
oriya audio bible	50
oriya bible audio	50
oromo audio bible	50
orthodox audio bible	50
orthodox bible reading plan	50
orthodox jewish bible online	50
orthodox study bible reading plan	50
our daily bread read the bible in a year	50
our daily bread reading plans	50
our daily bread yearly bible reading plan	50
outline for reading the bible in one year	50
outline to read the bible in a year	50
own it 365 bible reading plan	50
ownit365	50
ownit365 whole bible plan	50
pahayag bible in english	50
parallel amplified bible	50
parallel bible afrikaans english	50
parallel bible amplified	50
parallel bible books	50
parallel bible com	50
parallel bible commentary	50
parallel bible commentary online	50
parallel bible download	50
parallel bible english and tamil	50
parallel bible esv	50
parallel bible for sale	50
parallel bible four versions	50
parallel bible gateway	50
parallel bible giant print	50
parallel bible hebrew english kjv	50
parallel bible hebrew greek english	50
parallel bible kjv amp	50
parallel bible kjv nlt red letter large print	50
parallel bible nasb	50
parallel bible niv nkjv	50
parallel bible nkjv	50
parallel bible plus	50
parallel bible telugu english	50
parallel bible the message	50
parallel bible with thumb index	50
parallel bibles for sale	50
parallel bibles with 4 translations large print	50
parallel classic commentary on the psalms	50
parallel column edition the holy bible 1886	50
parallel commentary on the new testament	50
parallel gospel passages	50
parallel greek new testament	50
parallel hebrew old testament	50
parallel ilocano english bible	50
parallel message bible	50
parallel new testament	50
parallel nkjv amplified bible	50
parallel old testament	50
parallel passages	50
parallel passages in the old testament	50
parallel scriptures in the gospels	50
parallel stories in the bible	50
parallel study bible large print	50
parallel study of the gospels	50
parallel translations bible gateway	50
passion audio bible	50
passion bible audio	50
passion of the christ audio bible	50
passion translation audio bible	50
passion translation bible audio	50
passion translation bible gateway	50
passion translation john 3 16	50
passion translation old testament	50
passion week bible reading plan	50
passion week reading plan	50
patois bible audio	50
paul washer bible reading plan	50
pavitra bible audio	50
people's parallel bible large print	50
people's parallel edition kjv nlt	50
personal bible reading plan	50
personal bible study plan	50
personalized bible reading plan	50
personalized parallel bible	50
peshitta english translation	50
peshitta old testament online	50
ph bible translation	50
philippians reading plan	50
pidgin bible audio	50
plan for reading the whole bible	50
plan reader	50
plan to read bible in 6 months	50
plan to read the bible chronologically in 1 year	50
plan to read the bible in 1 year	50
plan to read the bible in 3 months	50
plan to read the bible in 30 days	50
plan to read the whole bible in a year	50
plan to read through the bible in a year	50
plans for reading the bible through in a year	50
plans for you bible	50
play audio bible	50
play the audio bible	50
poc audio bible download	50
poc audio bible free download	50
poc audio bible malayalam download	50
poc bible audio download	50
poc bible malayalam audio offline	50
poc english audio bible download	50
poc english bible audio	50
poc malayalam audio bible for iphone	50
poc malayalam audio bible free download	50
polish audio bible	50
polish english parallel bible	50
popular bible reading plans	50
portable audio bible	50
portuguese audio bible	50
portuguese english parallel bible	50
precious moments bilingual bible	50
precise parallel new testament	50
pregnancy bible reading plan	50
printable 1 year bible reading plan	50
printable 2 year bible reading plan	50
printable 30 day bible reading plan	50
printable 90 day bible reading plan	50
printable advent reading plan	50
printable bible in a year	50
printable bible plans	50
printable bible reading checklist free download	50
printable bible reading plan for beginners	50
printable bible reading plan for youth	50
printable bible reading plans 2021	50
printable bible reading plans 2023	50
printable bible reading tracker	50
printable chronological bible reading plan kjv	50
printable chronological bible reading plan one year	50
printable chronological daily bible reading plan	50
printable new testament bible reading plan	50
printable plan to read the bible in a year	50
printable read the bible in a year chronological	50
printable read the bible through in a year chart	50
printable read through the bible in a year plan	50
printable scripture writing plan 2022	50
printable yearly bible reading plan	50
professor bible reading plan	50
professor grant horner bible reading plan	50
professor grant horner bible reading plan checklist	50
professor horner bible reading system	50
program to read the bible in one year	50
progressive bible reading plan	50
progressive bible translations	50
project 345 bible reading plan	50
proverbs 2 audio bible	50
proverbs 31 audio bible	50
proverbs 31 listen	50
proverbs and psalms reading plans	50
proverbs audio bible esv	50
proverbs bible audio	50
proverbs daily reading plan	50
proverbs kjv audio bible	50
proverbs my son listen	50
psalm 1 1 nlt	50
psalm 1 audio bible	50
psalm 1 passion translation	50
psalm 103 new living translation	50
psalm 103 passion translation	50
psalm 111 good news bible	50
psalm 116 good news bible	50
psalm 121 living bible	50
psalm 131 good news bible	50
psalm 139 living bible	50
psalm 147 good news bible	50
psalm 17 good news bible	50
psalm 23 3 nlt	50
psalm 23 audio bible nkjv	50
psalm 23 catholic good news bible	50
psalm 23 jerusalem bible	50
psalm 23 new american bible	50
psalm 23 new world translation	50
psalm 23 parallel bible	50
psalm 27 living bible	50
psalm 27 nlt audio	50
psalm 37 the passion translation	50
psalm 4 tpt	50
psalm 51 douay rheims	50
psalm 51 kjv audio bible	50
psalm 65 good news bible	50
psalm 7 tpt	50
psalm 75 good news bible	50
psalm 83 good news bible	50
psalm 90 audio bible	50
psalm 91 2 nlt	50
psalm 91 douay rheims	50
psalm 91 new century version	50
psalm 91 new world translation	50
psalm 91 niv audio bible	50
psalm a day reading plan	50
psalm audio bible kjv	50
psalm kjv audio bible	50
psalms 112 nlt	50
psalms 32 nlt	50
psalms 90 nlt	50
psalms 91 in the king james bible	50
psalms and proverbs in 30 days	50
psalms and proverbs reading plan in a year	50
psalms audio bible esv	50
psalms audio bible niv	50
psalms audio bible nkjv	50
psalms bible reading plan	50
psalms esv audio bible	50
psalms kjv audio bible with text	50
psalms niv audio bible	50
psalms proverbs reading plan	50
psalms reading plan 90 days	50
psalms tpt	50
ptl parallel bible	50
punjabi audio bible free download	50
puritan bible reading plan	50
purpose driven life bible reading plan	50
quest study bible reading plans	50
quiet time reading plan	50
rachel jankovic bible reading plan	50
rachel wojo reading plans	50
radical bible reading plan	50
rc sproul bible reading plan	50
read a bible chapter a day	50
read along audio bible	50
read and listen to the bible online	50
read and study the bible in a year	50
read and understand the bible in 365 days	50
read bible chronologically app	50
read bible chronologically in a year app	50
read bible chronologically in one year	50
read bible daily schedule	50
read bible in 1 year app	50
read bible in 1 year plan	50
read bible in 100 days	50
read bible in 21 days	50
read bible in 4 months	50
read bible in 60 days	50
read bible in 90 days chronologically	50
read bible in a year 2023	50
read bible in a year kjv	50
read bible in one month	50
read bible in one year printable plan	50
read bible one year chronological order	50
read bible through in a year chart	50
read chronological bible online	50
read entire bible in 30 days	50
read entire bible in one year	50
read entire bible plan	50
read jeremiah 29 11	50
read listen daily audio bible	50
read my bible in a year	50
read nasb online	50
read new testament in 21 days	50
read new testament in 6 months	50
read new testament in 90 days	50
read new testament in chronological order	50
read new testament in one year	50
read niv bible in a year	50
read nlt bible	50
read nlt online	50
read old testament chronologically	50
read old testament in 30 days	50
read old testament in 6 months	50
read old testament in 90 days	50
read one chapter of the bible a day	50
read one year bible	50
read out loud bible app	50
read psalms and proverbs in 30 days	50
read psalms and proverbs in one year	50
read scripture bible reading plan	50
read scripture plan	50
read scripture reading plan	50
read straight through the bible in a year	50
read straight through the bible in one year	50
read the amplified bible online free	50
read the bible and catechism in a year	50
read the bible beginning to end in a year	50
read the bible chronologically app	50
read the bible chronologically in 2 years	50
read the bible chronologically in 365 days	50
read the bible chronologically in 90 days	50
read the bible cover to cover in one year	50
read the bible every day	50
read the bible for life 4 1 plan	50
read the bible for life chronological reading plan	50
read the bible for life one year chronological reading plan	50
read the bible for life reading plan	50
read the bible front to back in a year	50
read the bible in 1 month	50
read the bible in 1 year app	50
read the bible in 1 year chronologically	50
read the bible in 1 year printable plan	50
read the bible in 10 months	50
read the bible in 100 days	50
read the bible in 11 months	50
read the bible in 180 days	50
read the bible in 2 years	50
read the bible in 21 days	50
read the bible in 3 months chronologically	50
read the bible in 3 years	50
read the bible in 3 years chronologically	50
read the bible in 3 years plan	50
read the bible in 30 days schedule	50
read the bible in 31 days	50
read the bible in 40 days schedule	50
read the bible in 5 months	50
read the bible in 5 years	50
read the bible in 6 months chronological	50
read the bible in 60 days	50
read the bible in 7 days	50
read the bible in 7 months	50
read the bible in 9 months	50
read the bible in 9 months plan	50
read the bible in 90 days app	50
read the bible in a day	50
read the bible in a month chart	50
read the bible in a week plan	50
read the bible in a year 2021	50
read the bible in a year 2022	50
read the bible in a year 2023	50
read the bible in a year 5 day plan	50
read the bible in a year 5 days a week	50
read the bible in a year audio app	50
read the bible in a year beginning to end	50
read the bible in a year bible project	50
read the bible in a year bookmark	50
read the bible in a year catholic schedule	50
read the bible in a year challenge	50
read the bible in a year chart printable	50
read the bible in a year checklist	50
read the bible in a year chronological app	50
read the bible in a year chronological order printable	50
read the bible in a year chronological printable	50
read the bible in a year chronological printable free	50
read the bible in a year daily devotional	50
read the bible in a year devotional	50
read the bible in a year for beginners	50
read the bible in a year for couples	50
read the bible in a year for women	50
read the bible in a year for youth	50
read the bible in a year free download	50
read the bible in a year free printable	50
read the bible in a year from genesis to revelation	50
read the bible in a year in order	50
read the bible in a year journal	50
read the bible in a year list	50
read the bible in a year nicky gumbel	50
read the bible in a year plan app	50
read the bible in a year plan chronological order	50
read the bible in a year plan free	50
read the bible in a year plan genesis to revelation	50
read the bible in a year plan kjv	50
read the bible in a year plan printable free	50
read the bible in a year planner	50
read the bible in a year plans free printables	50
read the bible in a year printable free	50
read the bible in a year printable guide	50
read the bible in a year starting today	50
read the bible in a year starting with new testament	50
read the bible in a year thematically	50
read the bible in a year weekly schedule	50
read the bible in a year with commentary	50
read the bible in a year youversion	50
read the bible in chronological order app	50
read the bible in chronological order in 6 months	50
read the bible in chronological order in 90 days	50
read the bible in chronological order in one year	50
read the bible in chronological order of events	50
read the bible in half a year	50
read the bible in one month	50
read the bible in one month plan	50
read the bible in one week	50
read the bible in one year app	50
read the bible in one year book	50
read the bible in one year chronological order	50
read the bible in one year printable schedule	50
read the bible in order in a year	50
read the bible in order of events	50
read the bible in three years	50
read the bible in two years	50
read the bible in two years chronologically	50
read the bible in year plan	50
read the bible kjv	50
read the bible straight through in one year	50
read the bible through in 90 days	50
read the bible through in a year app	50
read the bible through in a year printable schedule	50
read the catholic bible in a year chronological	50
read the catholic bible in one year	50
read the entire bible in 30 days	50
read the entire bible in 365 days	50
read the entire bible in 40 days	50
read the entire bible in 90 days	50
read the entire bible in a year	50
read the entire bible plan	50
read the gospels in chronological order	50
read the king james bible in a year	50
read the king james version	50
read the kjv bible in a year chronological	50
read the message bible in one year	50
read the message bible online	50
read the new living translation online	50
read the new testament chronologically	50
read the new testament in 2 months	50
read the new testament in 21 days	50
read the new testament in 3 months	50
read the new testament in 30 days	50
read the new testament in 6 months	50
read the new testament in 60 days	50
read the new testament in 7 days	50
read the new testament in 90 days	50
read the new testament in 90 days chronologically	50
read the new testament in a month	50
read the new testament in a week	50
read the new testament in a year chronologically	50
read the old testament in 30 days	50
read the old testament in one year	50
read the passion translation online	50
read the whole bible app	50
read the whole bible in 21 days	50
read the whole bible in 30 days	50
read the whole bible in 30 days plan	50
read the whole bible in 40 days plan	50
read the whole bible in 6 months	50
read the whole bible in a month	50
read the whole bible in a year	50
read the whole bible in a year app	50
read the whole bible in a year plan	50
read the whole bible in chronological order	50
read the whole bible in one year	50
read through old testament in a year	50
read through psalms in a year	50
read through the bible 5 days a week	50
read through the bible app	50
read through the bible audio	50
read through the bible checklist	50
read through the bible chronologically in one year	50
read through the bible chronologically in two years	50
read through the bible chronologically printable	50
read through the bible devotional	50
read through the bible in 2 years	50
read through the bible in 2 years chronologically	50
read through the bible in 3 months	50
read through the bible in 3 years	50
read through the bible in 40 days	50
read through the bible in 6 months	50
read through the bible in 90 days chronologically	50
read through the bible in a month	50
read through the bible in a year 2023	50
read through the bible in a year bible	50
read through the bible in a year bookmark	50
read through the bible in a year calendar	50
read through the bible in a year checklist	50
read through the bible in a year chronological printable schedule	50
read through the bible in a year devotional	50
read through the bible in a year guide	50
read through the bible in a year in chronological order	50
read through the bible in a year journal	50
read through the bible in a year kjv	50
read through the bible in a year online	50
read through the bible in a year podcast	50
read through the bible in a year printable	50
read through the bible in a year printable chart	50
read through the bible in chronological order	50
read through the bible in one year app	50
read through the bible in six months	50
read through the bible in three years	50
read through the bible in two years	50
read through the gospels in a month	50
read through the new testament	50
read through the new testament in 30 days	50
read through the new testament in 40 days	50
read through the new testament in 6 months	50
read through the new testament in 90 days	50
read through the new testament in a year	50
read through the new testament in one year	50
read through the old testament in a year	50
read whole bible plan	50
read your bible in a year	50
read your bible in a year app	50
read your bible in a year plan	50
read your bible in a year schedule	50
read your bible in one year	50
read your bible through in a year	50
reader's guide to the bible a chronological reading plan	50
reading bible plan for a year	50
reading god's story a chronological daily bible	50
reading god's story one year chronological plan	50
reading new testament in 30 days	50
reading new testament in 90 days	50
reading of bible audio	50
reading plan app	50
reading plan bible chronological order	50
reading plan chronological bible	50
reading plan for bible in a year	50
reading plan for chronological bible	50
reading plan for lent	50
reading plan for new believers	50
reading plan for new testament in one year	50
reading plan for reading the bible in one year	50
reading plan for the bible for beginners	50
reading plan for the gospels	50
reading psalms and proverbs in a month	50
reading psalms in a month	50
reading the bible from genesis to revelation	50
reading the bible in a week	50
reading the bible in a year 2022	50
reading the bible in a year 2023	50
reading the bible in chronological order printable	50
reading the bible in december	50
reading the bible straight through	50
reading the catholic bible in a year plan	50
reading the catholic bible in chronological order	50
reading the gospels chronologically	50
reading the gospels in chronological order	50
reading the new testament	50
reading the new testament chronologically	50
reading the new testament in 40 days	50
reading the old testament chronologically	50
reading the old testament in chronological order	50
reading the whole bible in a year plan	50
reading through psalms	50
reading through the bible in a year app	50
reading through the gospels	50
recorded bible reading	50
recovery bible audio	50
recovery version bible reading schedule	50
red letter bible online free	50
red letter bible reading plan	50
red letter bible study	50
red letter bible tamil	50
reese chronological bible reading plan	50
reformed bible reading plan	50
reina valera 1960 bilingual bible online	50
reina valera audio bible	50
reina valera bilingual bible	50
reina valera gomez bilingual bible	50
rev bible translation	50
revelation 1 audio bible	50
revelation 13 audio bible	50
revelation audio bible kjv	50
revelation bible study plan	50
revised king james bible	50
revised standard version audio bible	50
revised version bible online	50
rick james bible	50
rick renner bible translation	50
rick warren bible reading plan	50
rick warren daily bible reading plan	50
riverside church 2 year bible reading plan	50
rmm bible reading plan	50
rmm reading plan	50
robby and kandi gallaty	50
robby gallaty bible reading plan	50
robby gallaty foundations	50
robert alter bible translation	50
robert fergusson bible reading plan	50
robert m cheyne bible reading plan	50
robert mccheyne reading plan	50
robert murray bible reading plan	50
robert murray m cheyne bible plan	50
robert murray m cheyne bible reading calendar	50
robert murray mccheyne bible plan	50
robert murray mccheyne bible reading	50
robert murray mccheyne bible reading plan 2022	50
robert murray mccheyne bible reading plan app	50
robert murray mccheyne devotional	50
robert murray mccheyne plan	50
robert murray mccheyne read the bible in a year	50
robert murray mcshane bible reading list	50
robert murray mcshane reading plan	50
roman catholic audio bible free download	50
roman catholic bible audio	50
romanian audio bible	50
romanian english parallel bible	50
romans 12 2 passion translation	50
romans 8 living bible	50
romans 8 new living translation	50
romans audio bible kjv	50
romans bible reading plan	50
romans bible study plan	50
romans esv audio bible	50
romans reading plan	50
route 66 bible reading plan	50
royalty free audio bible	50
rsv ce audio bible	50
runyankole audio bible	50
runyankole bible audio	50
russian audio bible download	50
russian audio bible free download	50
russian english parallel bible esv	50
russian english parallel bible niv	50
russian english parallel bible nkjv	50
russian english parallel bible online	50
russian parallel bible	50
ruth nlt	50
rvg kjv parallel bible	50
sacred name audio bible	50
samaritan's purse bible reading plan	50
samaritan's purse prayer point bible reading plan	50
samoan bible with english translation	50
santali audio bible	50
sathyam bilingual study bible	50
sathyavedapusthakam malayalam audio	50
sathyavedapusthakam malayalam audio bible	50
schedule bible reading	50
schedule for reading the bible in one year	50
schedule for reading the new testament in a year	50
schedule for reading through the bible in one year	50
schedule of bible readings for year	50
schedule of reading the bible in one year	50
schedule to read the bible in a year chronologically	50
schedule to read through the bible in a year	50
scofield bilingual study bible	50
scourby audio bible app	50
scourby kjv audio bible	50
scripture 4 all greek interlinear	50
scripture on listening to the holy spirit	50
scripture reading calendar	50
scripture reading for the new year	50
scripture reading schedule	50
scripture study plan	50
scripture to hear from god	50
scripture translation	50
scriptures on god hearing us	50
scriptures on how to hear from god	50
scriptures on listening kjv	50
scriptures on listening to god kjv	50
scriptures on listening to the voice of god	50
sda bible reading plan	50
sda bible reading plan 2021	50
sda bible reading plan 2022	50
sda bible reading plan 2023	50
sda yearly bible reading plan	50
self bible study plan	50
sepedi audio bible	50
september one year bible	50
september one year bible reading	50
septuagint and vulgate	50
septuagint bible for sale	50
septuagint bible online in english	50
septuagint genesis 1	50
septuagint interlinear online free	50
septuagint masoretic parallel	50
septuagint online with strong's	50
sequential bible reading plan	50
sermon on the mount text king james	50
sesotho audio bible	50
sesotho audio bible download	50
setswana audio bible	50
sgaw karen audio bible	50
she reads truth bible in a year plan	50
she reads truth bible study plan	50
she reads truth one year bible plan	50
she reads truth plans	50
she reads truth reading plan	50
she reads truth reading plans	50
she works his way bible reading plan	50
shona audio bible download	50
shona audio bible free download	50
short bible reading plans	50
side by side bible comparison	50
side by side bible large print	50
simple bible reading plan	50
simple bible reading plan for beginners	50
simple bible reading plans	50
simple bible study plan	50
sinhala audio bible	50
sinhala audio bible free download	50
siswati audio bible	50
siswati audio bible download	50
slow bible reading plan	50
small bilingual bible	50
small group bible study plans	50
soap bible reading plan	50
soap bible study plan	50
soap bible study reading plan	50
soap journal reading plan	50
soap reading plan	50
solar audio bible	50
solid life bible reading plan	50
solid life reading plan	50
solid life whole bible reading plan	50
somali audio bible	50
someone reading the bible audio	50
song of solomon passion translation	50
song of solomon tpt	50
soul food bible reading plan	50
southern baptist bible version	50
spanish audio bible free download	50
spanish audio bible niv	50
spanish audio bible online	50
spanish audio bible reina valera 1960	50
spanish bible words	50
spanish english bible kjv	50
spanish english bible kjv online	50
spanish english bible niv	50
spanish english bible niv online	50
spanish english bible nkjv	50
spanish english bible nlt	50
spanish english interlinear bible	50
spanish english parallel bible kjv	50
spanish english study bible	50
spanish parallel bible	50
spirit of prophecy reading plan	50
st jerome translation	50
st john audio bible	50
stephen witmer bible reading plan	50
story of redemption bible reading plan	50
straight through bible reading plan	50
straight through the bible reading plan	50
streaming audio bible	50
street bible translation	50
street lights audio bible	50
strong's interlinear bible	50
student bible reading plan	50
study bible bilingual	50
study guide to read the bible in one year	50
studylight parallel bible	50
summer bible reading challenge	50
summer bible reading plan	50
summer bible reading plan for youth	50
summer bible study plan	50
summer in the psalms reading plan	50
summer new testament reading plan	50
summit bible reading plan	50
summit church bible reading plan	50
super giant print parallel bibles	50
swahili audio bible free download	50
swahili audio bible mp3 download	50
swahili audio bible offline	50
swedish english parallel bible	50
swhw bible reading plan	50
systematic bible reading plan	50
systematic bible study plan	50
systematic theology reading plan	50
tagalog audio bible app	50
tagalog audio bible download	50
tagalog audio bible free download for android	50
tagalog audio bible lumang tipan free download	50
tagalog audio bible mp3 download	50
tagalog audio bible mp3 download offline	50
tagalog audio bible old testament mp3 free download	50
tagalog audio bible online	50
tagalog bible app with audio	50
tagalog bible audio free download	50
tagalog bible audio online	50
tagalog bible mp3	50
tagalog english bilingual bible	50
talking bible app free	50
talking bible app free download	50
talking bible tigrigna	50
tamil and english audio bible	50
tamil and english parallel bible buy online	50
tamil audio bible app	50
tamil audio bible free download for pc	50
tamil audio bible full download	50
tamil audio bible listen online	50
tamil audio bible mp3	50
tamil audio bible mp3 download	50
tamil audio bible mp3 free download for pc	50
tamil audio bible mp3 free download niv	50
tamil audio bible offline free download	50
tamil audio bible offline free download for pc	50
tamil audio bible old testament	50
tamil audio bible proverbs	50
tamil audio bible psalms	50
tamil audio bible reading	50
tamil bible audio app	50
tamil bible audio app download	50
tamil bible audio download mp3	50
tamil bible audio mp3 free download for mobile	50
tamil bible audio reading	50
tamil bible mp3	50
tamil bible mp3 download	50
tamil bible mp3 free download	50
tamil bible reading plan	50
tamil bible verses audio	50
tamil bible voice	50
tamil catholic audio bible mp3 free download	50
tamil catholic bible audio	50
tamil christian audio bible	50
tamil english audio bible	50
tamil english bilingual bible	50
tamil english bilingual bible online	50
tanakh reading plan	50
tara leigh cobble bible reading plan	50
tara leigh cobble reading plan	50
targum bible in english	50
targum bible online	50
targum isaiah	50
taylor marshall bible reading plan	50
tbn parallel bible	50
td jakes audio bible	50
teaching english through the bible	50
teaching english with the bible	50
tecarta audio bible	50
tecarta bible audio	50
tecarta bible reading plan	50
tedim bible audio	50
telugu audio bible app	50
telugu audio bible app download	50
telugu audio bible app free download	50
telugu audio bible download mp3	50
telugu audio bible free download for pc	50
telugu audio bible mp3	50
telugu audio bible mp3 download	50
telugu audio bible mp3 free download in single file	50
telugu audio bible new testament	50
telugu audio bible new testament free download mp3	50
telugu audio bible offline free download	50
telugu audio bible offline free download mp3	50
telugu audio bible old testament free download mp3	50
telugu bible audio app download	50
telugu bible in audio	50
telugu bible mp3	50
telugu bible mp3 download	50
telugu bible reading audio	50
telugu bible reading plan	50
telugu bible voice	50
telugu english audio bible	50
telugu english parallel bible buy online	50
telugu english parallel bible online	50
telugu full audio bible mp3 free download	50
teochew audio bible	50
tev bible translation	50
tev version of the bible	50
textus receptus interlinear	50
tgc bible reading plan	50
the 2022 five day bible reading program	50
the 2023 five day bible reading program	50
the 5 minute bible reading plan and devotional	50
the audio bible app	50
the audio bible online	50
the balanced bible reading plan	50
the beginners bible audio	50
the berean study bible	50
the best audio bible app	50
the best audio bible app for android	50
the best bible in a year plan	50
the best one year bible reading plan	50
the bible app free audio	50
the bible app that reads to you	50
the bible bilingual	50
the bible challenge read the bible in a year	50
the bible experience app	50
the bible experience complete audio bible	50
the bible gateway audio	50
the bible in 1 year plan	50
the bible in 6 months	50
the bible in 90 days zondervan	50
the bible in a year chronologically	50
the bible in a year reading plan ascension	50
the bible in chronological order reading plan	50
the bible in easy to understand english	50
the bible in one year devotional	50
the bible in one year plan	50
the bible kjv complete bible king james version non dramatized	50
the bible on one page new living translation	50
the bible plan	50
the bible project 1 year reading plan	50
the bible project 365 days	50
the bible project chronological reading plan	50
the bible project daily reading plan	50
the bible project new testament in one year	50
the bible project one year reading plan	50
the bible project plan	50
the bible project read the bible in a year	50
the bible project read through the bible	50
the bible project yearly reading plan	50
the bible reading challenge	50
the bible reading plan for shirkers and slackers	50
the bible reading plan i will use everyday	50
the bible recap chronological plan	50
the bible recap new testament reading plan	50
the bible recap schedule	50
the bible study one year	50
the bible study plan	50
the bible study reading plan	50
the bible timeline reading plan	50
the blue letter bible chronological plan	50
the book of acts audio bible	50
the book of enoch audio bible	50
the book of exodus audio bible	50
the book of genesis audio bible	50
the book of james the message bible audio	50
the book of jeremiah audio bible	50
the book of job audio bible	50
the book of john in the bible audio	50
the book of joshua audio bible	50
the book of luke audio bible	50
the book of mark audio bible	50
the book of proverbs audio bible	50
the catholic one year bible	50
the christmas bible reading plan	50
the clear word bible audio	50
the common english bible	50
the complete evangelical parallel bible	50
the complete jewish bible audio	50
the complete jewish bible online	50
the complete king james version audio bible	50
the complete niv audio bible read by david suchet	50
the complete parallel bible	50
the contemporary parallel new testament	50
the daily bible in chronological order 365 daily readings	50
the daily bible in chronological order 365 daily readings audio	50
the daily bible in chronological order app	50
the daily bible in chronological order audio	50
the daily bible in chronological order free download	50
the daily message bible reading plan	50
the daily walk bible audio	50
the daily walk bible reading plan	50
the devil's bible english translation	50
the disciple journal bible reading plan	50
the discipleship bible reading plan	50
the discipleship journal bible reading plan	50
the discipleship journal bible reading plan john piper	50
the discipleship journal reading plan	50
the discipleship reading plan	50
the easiest bible version to read	50
the emphasized bible	50
the entire bible audio	50
the entire bible in a year	50
the essential 100 bible reading plan	50
the essential evangelical parallel bible	50
the evidence bible nkjv new king james version	50
the geneva bible 1560 edition	50
the gospel coalition bible reading plan	50
the gospel coalition daily devotional reading plan	50
the gospel kjv	50
the gospel of john audio bible	50
the gospels reading plan	50
the great adventure bible reading plan	50
the great bible 1539 for sale	50
the great bible online	50
the guideposts parallel bible	50
the holy bible audio free	50
the holy bible kjv audio	50
the holy bible kjv dramatized audio	50
the holy scriptures book	50
the isaiah targum	50
the jesus bible reading plan	50
the king james version audio bible	50
the kingdom bible reading plan	50
the kjv parallel bible commentary	50
the layman's parallel new testament	50
the learning bible cev	50
the legacy bible reading plan	50
the lexham english bible	50
the life application study bible new living translation	50
the life journal reading plan	50
the listener's bible app	50
the listener's bible kjv	50
the living bible audio	50
the living bible audio free download	50
the living bible paraphrased free download	50
the lookout bible reading plan	50
the lord's prayer good news bible	50
the m cheyne bible calendar	50
the macarthur daily bible reading plan	50
the message audio bible app	50
the message audio bible mp3 download free	50
the message bible audio free download	50
the message bible audio online	50
the message bible audio youtube	50
the message bible in spanish	50
the message bible online free download	50
the message bible reading plan	50
the message new king james version parallel bible	50
the message parallel bible	50
the new american bible audio	50
the new american bible online	50
the new american standard bible online	50
the new hendrickson parallel bible	50
the new international version	50
the new jerusalem bible online	50
the new king james	50
the new king james audio bible	50
the new layman's parallel bible	50
the new living translation audio bible	50
the new revised standard version catholic edition	50
the new testament audio bible	50
the new testament bible audio	50
the new testament william tyndale	50
the old king james bible	50
the one year audio bible with tom dooley	50
the one year bible 365 stories and prayers	50
the one year bible catholic edition	50
the one year bible companion	50
the one year bible for new believers	50
the one year bible large print	50
the one year bible nasb	50
the one year bible new international version	50
the one year bible new king james version	50
the one year bible new testament	50
the one year bible niv tyndale	50
the one year bible nkjv	50
the one year bible reflections	50
the one year bible reflections nlt	50
the one year chronological bible app	50
the one year chronological bible audio	50
the one year chronological bible expressions	50
the parallel bible 1885	50
the parallel bible online	50
the parallel study bible	50
the passion bible audio	50
the passion translation audio	50
the passion translation audio app	50
the passion translation audio bible	50
the passion translation audio free	50
the passion translation bible audio	50
the passion translation bible for sale	50
the passion translation bible gateway	50
the passion translation bible old testament	50
the passion translation bible online free	50
the passion translation genesis	50
the passion translation isaiah	50
the passion translation isaiah online	50
the passion translation old testament books	50
the precise parallel new testament	50
the read through the bible in a year planner	50
the septuagint is	50
the septuagint online	50
the shred bible reading plan	50
the story reading plan	50
the talking bible app	50
the tree of life bible translation	50
the truth and life dramatized audio bible	50
the two year bible	50
the victory bible reading plan	50
the village church bible reading plan	50
the voice bible free app	50
the voice bible free download	50
the voice bible online	50
the voice bible translation free download	50
the whole bible audio	50
the word bible translation	50
the word kjv	50
the word listen in the bible	50
the word of god audio bible	50
the word of promise app	50
the word of promise audio bible download	50
the word of promise audio bible free download	50
the word of promise bible app	50
the word of promise new testament audio bible	50
the world of promise audio bible	50
the yearly bible	50
the yearly bible reading calendar	50
theatrical audio bible	50
thematic bible plan	50
thematic bible reading	50
theme bible reading plan	50
theovision audio bible	50
thomas nelson chronological bible reading plan	50
thomas nelson parallel bible	50
thomas road baptist church bible reading plan	50
through the bible audio	50
through the bible chronologically	50
through the bible complete audio bible commentary	50
through the bible in 3 years	50
through the bible in 6 months	50
through the bible in a year app	50
through the bible in a year bible study	50
through the bible in a year chronologically	50
through the bible in a year plan	50
through the bible in a year study guide	50
through the bible in one year reading plan	50
through the bible in one year study guide	50
through the new testament in a year	50
through the year bible reading plan	50
thru the bible in a year online	50
tim challies bible reading plan	50
tim keller bible reading plan	50
tim lahaye bible reading plan	50
tniv bible online	50
tniv online	50
tniv study bible	50
to read the bible in a year	50
to the word bible reading challenge 2021	50
to the word bible reading challenge 2022	50
to the word bible reading challenge app	50
to the word bible reading plan	50
to the word reading plan	50
tobit audio bible	50
today's english version bible online	50
today's light bible reading plan	50
today's new international version	50
today's one year bible reading	50
today's parallel bible	50
today's parallel bible kjv niv nasb nlt	50
tongan audio bible	50
tony evans bible reading plan	50
tony perkins bible reading plan	50
top 5 bible translations	50
top bible reading plans	50
top selling bible translations	50
topical bible reading plans	50
topical bible study plans	50
torah class audio bible	50
tpt audio bible	50
tpt bible audio	50
tpt bible old and new testament	50
tpt translation of the bible	50
tpt version of bible	50
track your bible reading	50
traditional catholic bible reading plan	50
tree of life audio bible	50
tree of life bible audio	50
truth and life audio bible	50
truth and life audio bible old testament	50
truth for life bible reading plan	50
ts2009 audio bible	50
tsonga audio bible	50
tswana audio bible	50
tumbuka audio bible	50
turning point bible reading plan	50
twi audio bible download mp3	50
twi audio bible in mp3 free download	50
twi audio bible mp3	50
twi audio bible old testament	50
twi bible audio download	50
twi bible audio free download	50
twi bible audio mp3	50
twi bible audio offline	50
twi bible mp3	50
twi bible online audio	50
twi bible reading audio	50
two week bible study	50
two year bible	50
two year bible plan	50
two year bible reading plan 5 days a week	50
two year bible reading plan app	50
two year bible reading plan chronological	50
two year bible reading plan stephen witmer	50
two year chronological bible reading plan	50
two year reading plan bible	50
twr daily audio bible	50
tyndale audio bible	50
tyndale bible audio	50
tyndale bible free download	50
tyndale bible reading plan	50
tyndale chronological bible reading plan	50
tyndale one year bible app	50
tyndale one year bible audio	50
tyndale one year bible online	50
tyndale one year bible plan	50
tyndale one year bible reading plan	50
tyndale select nlt	50
types of bible reading plans	50
u verse bible reading plan	50
ukrainian audio bible	50
ukrainian bible online	50
ukrainian english parallel bible	50
ukrainian english parallel bible online	50
unique bible reading plans	50
updated american standard version	50
updated king james version	50
urban bible translation	50
urdu and english bible parallel	50
urdu audio bible download	50
urdu bible audio download	50
urdu bible audio mp3	50
urdu english parallel bible	50
urhobo bible app	50
usccb approved bibles	50
usccb bible audio	50
using the bible to learn languages	50
valley of vision reading plan	50
vernon mcgee thru the bible audio	50
verse by verse audio bible commentary	50
verse by verse audio bible study	50
victory bible reading plan	50
victory bible reading plan free download	50
victory church bible reading plan	50
vietnamese audio bible	50
vietnamese english bible parallel	50
vietnamese english bilingual bible	50
voice bible audio	50
voice only audio bible	50
vulgate english parallel	50
walk through the bible in a year	50
walk thru the bible reading plan	50
wayfinding bible reading plan	50
wayne cordeiro bible reading plan	50
weekly bible reading plan	50
westcott and hort bible translations	50
what is the best most accurate bible translation	50
which bible translation is best for beginners	50
which bible translation is best for me	50
which bible translation is best for me quiz	50
which bible translation is best for new believers	50
whole bible audio	50
whole bible in a year reading plan	50
whole bible reading plan 1 year	50
whole bible reading plan 40 days	50
whole year bible reading plan	50
wife listen to husband bible	50
william tyndale bible online	50
william tyndale history	50
william tyndale john tyndale	50
william tyndale tyndale bible	50
wlc audio bible	50
women's bible reading plan	50
women's bible study lesson plans	50
women's bible study plans	50
women's devotional bible reading plan	50
wonder bible audio	50
word english bible	50
word for word bible translations list	50
word for word vs thought for thought translation	50
word of god audio bible	50
word of promise app	50
word of promise audio bible app	50
word of promise audio bible free	50
word of promise audio bible online	50
word of promise bible app	50
word of promise complete audio bible download	50
word project bible app	50
wordproject audio bible free download	50
wordproject parallel bible	50
world english bible audio	50
world english bible audio free download	50
world last chance audio bible	50
world outreach bible reading plan	50
world outreach church bible reading plan	50
world's last chance audio bible	50
wuest bible free download	50
wuest bible online free	50
wuest bible translation	50
wuest bible translation free download	50
wuest bible translation online	50
wuest new testament	50
www audio bible	50
www audio bible com	50
www bible reading com 52 weeks plan	50
www bible reading plan	50
www biblereading com	50
www biblereading org	50
www daily audio bible	50
www daily audio bible com	50
www king james bible audio	50
wycliffe bible 1382	50
wycliffe discovery center	50
wycliffe ministries	50
xhosa audio bible	50
xhosa audio bible download	50
xhosa audio bible free download	50
xhosa bible audio	50
year bible reading plan chronological	50
year bible reading plan printable	50
year long bible plan	50
year long bible reading plan chronological	50
year long chronological bible reading plan	50
year of the bible reading plan	50
yearly bible app	50
yearly bible calendar	50
yearly bible plan	50
yearly bible reading app	50
yearly bible reading plan 2023	50
yearly bible reading plan app	50
yearly bible reading plan chronological	50
yearly bible study	50
yearly bible study guide	50
yearly chronological bible reading plan	50
yearly devotional plan	50
yearly reading plan	50
yoruba audio bible mp3	50
yoruba audio bible mp3 download	50
yoruba audio bible mp3 free download	50
yoruba audio bible online	50
yoruba bible audio download	50
yoruba bible audio kjv	50
yoruba bible kjv online	50
you bible audio	50
you bible plans	50
you version audio	50
you version reading plan	50
young's literal translation audio bible	50
young's literal translation online	50
youtube audio bible new testament	50
youtube audio bible niv	50
youversion advent reading plan	50
youversion audio bible free download	50
youversion audio bible offline	50
youversion audio voice	50
youversion bible app and audio	50
youversion bible app audio offline	50
youversion bible app read aloud	50
youversion bible app voice	50
youversion bible audio download	50
youversion bible in one year	50
youversion bible plans 2022	50
youversion chronological bible	50
youversion chronological bible app	50
youversion daily bible reading	50
youversion devotional plans	50
youversion download audio	50
youversion group reading plan	50
youversion lent reading plan	50
youversion my plans	50
youversion offline	50
youversion offline audio	50
youversion one year bible reading plan	50
youversion parallel bible	50
youversion plans with friends	50
youversion read aloud	50
youversion read the bible in a year	50
youversion reading plans with friends	50
zac poonen audio bible study	50
zephaniah 3 17 king james version	50
ziegenbalg tamil bible translation	50
zondervan audio bible free download	50
zondervan bible reading plans	50
zondervan kjv amplified parallel bible	50
zondervan parallel bible large print	50
zondervan parallel study bible	50
zulu audio bible download	50
zulu audio bible free download	50
zulu audio bible free download full version	50
zulu audio bible offline	50
zulu english parallel bible	50
1 year bible reading plan 2022	0
2 year bible reading plan 2021	0
2022 5 day bible reading program	0
2022 bible reading challenge	0
2022 bible reading plan printable	0
2022 bible reading plans	0
2022 daily bible reading calendar	0
2022 daily bible reading plan	0
2022 read the bible in a year	0
2023 bible plan	0
2023 bible planner	0
2023 bible reading schedule	0
2023 new testament reading plan	0
2023 new testament reading schedule	0
2023 reading plan	0
3 year bible reading plan 2022	0
365 days bible reading plan 2021	0
40 days lent bible reading plan 2022	0
5 day a week bible reading plan 2022	0
5 day bible reading program 2022	0
5 day chronological bible reading plan 2022	0
52 week bible reading plan 2021	0
52 week bible reading plan 2022	0
5x5x5 bible reading plan 2021	0
5x5x5 bible reading plan 2022	0
5x5x5 bible reading plan 2023	0
6 month bible reading plan 2021	0
6 month bible reading plan 2023	0
advent bible reading plan 2022	0
alexander scourby dramatized audio bible free download	0
american bible society daily bible reading 2021	0
april 2022 bible reading plan	0
april bible reading plan 2022	0
ascension press bibleinoneyear	0
ascension press com bibleinoneyear	0
audio bible female voice online	0
audio bible in spanish download	0
august 2022 bible reading plan	0
august bible reading plan 2022	0
best audio bible app 2020	0
best audio bible app 2021	0
best bible plans on youversion 2021	0
best bible reading plan 2023	0
best bible reading plans 2022	0
best bible reading plans 2023	0
best kjv study bible 2022	0
best nkjv study bible 2022	0
bible in a year 2022 plan	0
bible in a year 2023 plan	0
bible in a year 2023 reading plan	0
bible in one year 2021 by nicky gumbel	0
bible in one year 2022 app	0
bible plan for 2023	0
bible planner 2022	0
bible plans for 2022	0
bible project reading plan 2022	0
bible reading 2021	0
bible reading challenge summer 2022	0
bible reading chart 2022	0
bible reading for 2022	0
bible reading for 2023	0
bible reading for new year 2023	0
bible reading for the year 2022	0
bible reading guide for 2022	0
bible reading plan 2022 app	0
bible reading plan 2022 free	0
bible reading plan 2022 free printable	0
bible reading plan 2022 new testament	0
bible reading plan 2023 free	0
bible reading plan for lent 2022	0
bible reading planner 2023	0
bible reading plans 2021	0
bible reading plans 2022	0
bible reading schedule 2022	0
bible reading schedule for 2022	0
bible readings for 2023	0
bible recap plan 2023	0
bible recap reading plan 2022	0
bible study plan for 2022	0
bible to listen to for free	0
bilingual bible english malayalam free download	0
bilingual bible spanish english niv online	0
catholic bible reading plan 2021	0
catholic bible reading plan 2022	0
charlton heston audio bible download	0
chronological bible reading plan king james free	0
daily audio bible app canceled	0
daily audio bible sleep app	0
daily bible reading calendar 2022	0
daily bible reading guide 2021	0
daily bible reading guide 2022	0
daily bible reading plan 2022	0
david jeremiah bible reading plan 2021	0
david jeremiah bible reading plan 2022	0
download esv audio bible mp3 files	0
download free audio bible full version in hindi	0
dumc bible reading plan 2022	0
easter 2022 bible reading plan	0
easter bible reading plan 2022	0
f260 bible reading plan 2023	0
f260 reading plan 2021	0
family bible reading plan 2022	0
february 2022 bible reading plan	0
february bible reading plan 2022	0
five day bible reading plan 2022	0
free 365 day bible study guide	0
free bible reading plan 2022	0
free bible reading plan 2023	0
free bible reading plans 2022	0
free bible reading plans 2023	0
free download the word of promise audio bible	0
free printable bible reading plans 2021	0
free printable bible reading plans 2022	0
free read the bible in a year 2022	0
gateway the one year bible audio	0
gospel coalition reading plan 2022	0
halleluyah scriptures english hebrew parallel edition book buy	0
january 2023 bible reading plan	0
january bible reading plan 2022	0
jesus storybook bible easter reading plan 2021	0
jesus storybook bible easter reading plan 2022	0
june bible reading plan 2022	0
jw bible reading schedule 2021	0
kcm bible reading plan 2022	0
lcms bible reading plan 2022	0
lent 2022 bible reading plan	0
lent 2022 reading plan	0
lent reading plan 2021	0
lenten scripture reading plan 2022	0
life journal reading plan 2021	0
ligonier bible reading plans 2022	0
ligonier bible reading plans 2023	0
listen online talking bible	0
listen to arabic bible audio online	0
listen to bible online gateway	0
listen to the new testament online for free	0
listen to the whole bible online for free	0
m cheyne bible reading plan 2021	0
m cheyne bible reading plan 2022	0
m cheyne reading plan 2022	0
m cheyne reading plan 2023	0
may 2022 bible reading plan	0
may bible reading plan 2022	0
mccheyne reading plan 2021	0
mcheyne esv	0
mclean bible reading plan 2023	0
monthly bible reading plan 2021	0
most popular bible translation 2022	0
most popular bible translations 2022	0
mybible com plans	0
new living translation book buy	0
new revised standard version audio bible online	0
new testament bible reading plan 2022	0
new testament reading plan 2021	0
new testament reading plan 2023	0
new world translation of the holy scriptures book buy	0
new year bible reading 2023	0
one year bible online 2021	0
one year bible online weekly readings	0
orthodox bible reading plan 2021	0
orthodox bible reading plan 2022	0
printable bible reading plan 2023	0
printable bible reading plans 2022	0
professor grant horners bible reading system	0
rachel wojo reading plans 2022	0
read bible in a year 2022	0
read the bible in 2022	0
read the bible in a year 2022 app	0
read the bible in a year 2022 plan	0
read the bible in a year plan 2022	0
read the bible in a year plan 2023	0
read through the bible in a year planner 2022 edition	0
reading plan 2023	0
september bible reading plan 2022	0
seventh day adventist bible reading plan 2022	0
starting point bible reading plan	0
tabletalk bible reading plan 2022	0
tabletalk bible reading plan 2023	0
tamil audio bible free download for windows 7	0
tamil bible mp3 full download	0
telugu and english parallel bible buy online	0
the bible in one year 2021	0
the bible in one year 2022	0
the bible project reading plan 2021	0
the bible project reading plan 2022	0
the daily journey audio bible	0
the streaming bible for free	0
thematic bible reading plan 2022	0
tim challies bible reading plan 2022	0
to the word bible reading challenge 2022 2023	0
urdu audio bible mp3 free download for mobile	0
women's bible reading plan 2021	0
women's bible reading plan 2022	0
yearly bible reading plan 2022	0
youversion bible in one year 2022	0
youversion bible plans 2021	0
